Date,GARCH_ConditionalVol
2010-01-05,0.1541651452156439
2010-01-06,0.14215680443081383
2010-01-07,0.13122279773548365
2010-01-08,0.12361450748367045
2010-01-11,0.11623596980537737
2010-01-12,0.10886418172575714
2010-01-13,0.12151600932134568
2010-01-14,0.12322165161414853
2010-01-15,0.11542559659303205
2010-01-19,0.1330316761714913
2010-01-20,0.1437648424786951
2010-01-21,0.1502881271038729
2010-01-22,0.18943935554846236
2010-01-25,0.2283490613704777
2010-01-26,0.2088347801121839
2010-01-27,0.1924963821195722
2010-01-28,0.17711672710823517
2010-01-29,0.18012186164964772
2010-02-01,0.18084361880430685
2010-02-02,0.18957575796714704
2010-02-03,0.18697605610943843
2010-02-04,0.17452625027954524
2010-02-05,0.26032867204289545
2010-02-08,0.23554370760105328
2010-02-09,0.21959284669299092
2010-02-10,0.21270799606300209
2010-02-11,0.19403253927115463
2010-02-12,0.1869810305835455
2010-02-16,0.17083111745451826
2010-02-17,0.18256073219972527
2010-02-18,0.16843808349998432
2010-02-19,0.15750653198789297
2010-02-22,0.14482558851527175
2010-02-23,0.1336108090912117
2010-02-24,0.1493089623690002
2010-02-25,0.14734937243931134
2010-02-26,0.13646788356412243
2010-03-01,0.12628285318106997
2010-03-02,0.13217067095414306
2010-03-03,0.12316226807215622
2010-03-04,0.11476470830890619
2010-03-05,0.10844167304492106
2010-03-08,0.13305498165655302
2010-03-09,0.12338970767161472
2010-03-10,0.11507844304808271
2010-03-11,0.1102416863145572
2010-03-12,0.10582414821284807
2010-03-15,0.10002795282131227
2010-03-16,0.09506675100479273
2010-03-17,0.10147655105038624
2010-03-18,0.10151291462928586
2010-03-19,0.0966404020665012
2010-03-22,0.0995951497524938
2010-03-23,0.098873229021133
2010-03-24,0.10192918121614161
2010-03-25,0.10326655527512951
2010-03-26,0.09900589728855858
2010-03-29,0.09458150616762305
2010-03-30,0.0969491023307812
2010-03-31,0.09239973416615198
2010-04-01,0.0926562597316308
2010-04-05,0.09662907807535386
2010-04-06,0.10317305486227811
2010-04-07,0.09813264319477613
2010-04-08,0.10240260958852372
2010-04-09,0.09842986558810816
2010-04-12,0.10047577694219686
2010-04-13,0.09548993250259463
2010-04-14,0.09116713198377825
2010-04-15,0.11005641829596377
2010-04-16,0.10351767751499986
2010-04-19,0.14571680470546608
2010-04-20,0.13560667510386665
2010-04-21,0.13564492887748697
2010-04-22,0.12671211803603424
2010-04-23,0.11861309805482406
2010-04-26,0.11660071585284014
2010-04-27,0.11305730266192268
2010-04-28,0.19057998137190837
2010-04-29,0.1788968138559081
2010-04-30,0.17907637511624333
2010-05-03,0.19975141954052567
2010-05-04,0.19734546564314442
2010-05-05,0.23885732654013186
2010-05-06,0.22070341567330978
2010-05-07,0.2984031267556428
2010-05-10,0.28764355563106087
2010-05-11,0.37459195229008846
2010-05-12,0.33800268127614613
2010-05-13,0.31574235124918065
2010-05-14,0.2972195763435225
2010-05-17,0.2947163631798876
2010-05-18,0.2659971310383319
2010-05-19,0.2577759581500256
2010-05-20,0.23687993186612546
2010-05-21,0.3304845153478439
2010-05-24,0.310347290061689
2010-05-25,0.29338539711672407
2010-05-26,0.2648072585362308
2010-05-27,0.24341010989931827
2010-05-28,0.3010759287910977
2010-06-01,0.2849654172391562
2010-06-02,0.2813568503805547
2010-06-03,0.2996619625113082
2010-06-04,0.2708981397421673
2010-06-07,0.33860632275724467
2010-06-08,0.316825494590058
2010-06-09,0.2924692386030225
2010-06-10,0.26695116431285165
2010-06-11,0.30025301326053344
2010-06-14,0.27211889718513965
2010-06-15,0.24636717601028996
2010-06-16,0.26239119420516155
2010-06-17,0.23737117082645817
2010-06-18,0.21509666851775033
2010-06-21,0.1953211931493021
2010-06-22,0.17942191414133352
2010-06-23,0.1983539642620554
2010-06-24,0.18228030524550368
2010-06-25,0.20063427648434518
2010-06-28,0.18377420051695775
2010-06-29,0.16960927971530418
2010-06-30,0.2577524387938204
2010-07-01,0.2423951863565652
2010-07-02,0.222105723831479
2010-07-06,0.20551072866064882
2010-07-07,0.19034378448287906
2010-07-08,0.2592879871055283
2010-07-09,0.24143992064660275
2010-07-12,0.2226687530000923
2010-07-13,0.20201990516301768
2010-07-14,0.20473673298561898
2010-07-15,0.18625369135035538
2010-07-16,0.16989296149382227
2010-07-19,0.24072645830052192
2010-07-20,0.22038554502653357
2010-07-21,0.21031582456258696
2010-07-22,0.21079463047858338
2010-07-23,0.2346828072719118
2010-07-26,0.2184136756776232
2010-07-27,0.2073635898825294
2010-07-28,0.18857305872011948
2010-07-29,0.17814727756436505
2010-07-30,0.16678644841877685
2010-08-02,0.15288311411082608
2010-08-03,0.19647355301018102
2010-08-04,0.18246383359985263
2010-08-05,0.1706118910224863
2010-08-06,0.15657441355166798
2010-08-09,0.14720803800590385
2010-08-10,0.1386054947291962
2010-08-11,0.13422664603624052
2010-08-12,0.22120232964341674
2010-08-13,0.2056316399011853
2010-08-16,0.1885146781125421
2010-08-17,0.17204820040731975
2010-08-18,0.17330396810965346
2010-08-19,0.1585859701097122
2010-08-20,0.1870842905596362
2010-08-23,0.17258019920683218
2010-08-24,0.16061738624080363
2010-08-25,0.17860193217404252
2010-08-26,0.16426579831692156
2010-08-27,0.15811232405896006
2010-08-30,0.17227801334245993
2010-08-31,0.18595277330143148
2010-09-01,0.16967463447448253
2010-09-02,0.2399272991004917
2010-09-03,0.22387292142661228
2010-09-07,0.2171689103348003
2010-09-08,0.21195619834186358
2010-09-09,0.19651033773827248
2010-09-10,0.1805033832503033
2010-09-13,0.16695240187902344
2010-09-14,0.16623846805427453
2010-09-15,0.15254975012789085
2010-09-16,0.1415532852035746
2010-09-17,0.1308872936089716
2010-09-20,0.12147528001742815
2010-09-21,0.14567317873139407
2010-09-22,0.13552008022290463
2010-09-23,0.13075863005787874
2010-09-24,0.13423654300122387
2010-09-27,0.1763210592754408
2010-09-28,0.16510495764085203
2010-09-29,0.1522116752199681
2010-09-30,0.14096093211255328
2010-10-01,0.13244792980804185
2010-10-04,0.12464220225389282
2010-10-05,0.1277899131205707
2010-10-06,0.17021690245607682
2010-10-07,0.15586582488507442
2010-10-08,0.14377814878733178
2010-10-11,0.13605506290833552
2010-10-12,0.12591872295437287
2010-10-13,0.11800997697080505
2010-10-14,0.11881509095398024
2010-10-15,0.11510250124083031
2010-10-18,0.10810551759298452
2010-10-19,0.10512097447913202
2010-10-20,0.1338137470167036
2010-10-21,0.13632018179922567
2010-10-22,0.1264451036954196
2010-10-25,0.1177756394200829
2010-10-26,0.11094854103411741
2010-10-27,0.10436924703951077
2010-10-28,0.10148552388202027
2010-10-29,0.09632415122587155
2010-11-01,0.09186893847694813
2010-11-02,0.08818562303686132
2010-11-03,0.09625108171809299
2010-11-04,0.09400546859429296
2010-11-05,0.14714000525021834
2010-11-08,0.136828655815429
2010-11-09,0.1277771938985862
2010-11-10,0.12942206463395217
2010-11-11,0.1218706099391498
2010-11-12,0.1174224350369094
2010-11-15,0.1367556956670702
2010-11-16,0.12734739760310365
2010-11-17,0.15871372892865673
2010-11-18,0.14568572734011026
2010-11-19,0.1605285293045469
2010-11-22,0.1477585234644659
2010-11-23,0.13652029134685548
2010-11-24,0.16023165603705827
2010-11-26,0.17148038231225848
2010-11-29,0.17619900592000298
2010-11-30,0.1616080876593417
2010-12-01,0.15388525528125
2010-12-02,0.19147268621754043
2010-12-03,0.1902552520613104
2010-12-06,0.1737787304531595
2010-12-07,0.15934497796472036
2010-12-08,0.14623279973353645
2010-12-09,0.13596091222905612
2010-12-10,0.12732636110654202
2010-12-13,0.12251867059943375
2010-12-14,0.11421706729267082
2010-12-15,0.10707670268745895
2010-12-16,0.10676620703316897
2010-12-17,0.10554052869580709
2010-12-20,0.09967934182589537
2010-12-21,0.09522474340950474
2010-12-22,0.0974371121742798
2010-12-23,0.09392171048948365
2010-12-27,0.09101837369510231
2010-12-28,0.08746088085525226
2010-12-29,0.08452973884067472
2010-12-30,0.0820186006597571
2010-12-31,0.0814401025442801
2011-01-03,0.0795583484306573
2011-01-04,0.09853068192237446
2011-01-05,0.09415198320888526
2011-01-06,0.09421090857494226
2011-01-07,0.09185624001533642
2011-01-10,0.08992607440652094
2011-01-11,0.08754054868483091
2011-01-12,0.08624569286997606
2011-01-13,0.09831342142814709
2011-01-14,0.09487739155819705
2011-01-18,0.09937493339169325
2011-01-19,0.094598843629039
2011-01-20,0.11334816380762693
2011-01-21,0.1072344289193783
2011-01-24,0.10151478390914842
2011-01-25,0.10106835773441515
2011-01-26,0.09589329195662226
2011-01-27,0.09351417184743516
2011-01-28,0.09010061455089968
2011-01-31,0.14636264421970172
2011-02-01,0.1414018301334471
2011-02-02,0.16209778448887674
2011-02-03,0.14967479894274296
2011-02-04,0.138050257681983
2011-02-07,0.12827464691502263
2011-02-08,0.12404874788229084
2011-02-09,0.11791051725647649
2011-02-10,0.11202267028699062
2011-02-11,0.10524043765995883
2011-02-14,0.10463180017265379
2011-02-15,0.09939450357277858
2011-02-16,0.09785079193863831
2011-02-17,0.09944825899334833
2011-02-18,0.09548594782250001
2011-02-22,0.09150413315362722
2011-02-23,0.1609967231541838
2011-02-24,0.15430874722295138
2011-02-25,0.14215500199044373
2011-02-28,0.1453632835033673
2011-03-01,0.1382737375301346
2011-03-02,0.1705079191017587
2011-03-03,0.15622538661694566
2011-03-04,0.1770453862104235
2011-03-07,0.17035316668361536
2011-03-08,0.1655453827676264
2011-03-09,0.15976468790377638
2011-03-10,0.1473114724182
2011-03-11,0.18433219362079778
2011-03-14,0.17255649724711972
2011-03-15,0.16385117185902212
2011-03-16,0.16969322178197427
2011-03-17,0.19921970555126137
2011-03-18,0.19759333507924406
2011-03-21,0.18072874296816968
2011-03-22,0.18932359285052025
2011-03-23,0.17475162869640393
2011-03-24,0.16025126301440365
2011-03-25,0.15711043068498384
2011-03-28,0.14495358312178855
2011-03-29,0.13529338820986073
2011-03-30,0.1307153035256628
2011-03-31,0.12726377307624748
2011-04-01,0.11913772307331759
2011-04-04,0.11336192128756992
2011-04-05,0.10634410370038629
2011-04-06,0.10055394580230663
2011-04-07,0.09656419972474235
2011-04-08,0.0945867185693098
2011-04-11,0.09449188044235271
2011-04-12,0.09363294626312593
2011-04-13,0.10427587079972968
2011-04-14,0.09876970093268356
2011-04-15,0.09393140966832568
2011-04-18,0.09161423343575706
2011-04-19,0.11714360045617075
2011-04-20,0.11393957752640373
2011-04-21,0.13413645913293346
2011-04-25,0.12718544143799967
2011-04-26,0.11885266168388244
2011-04-27,0.12152122076980407
2011-04-28,0.11898364201873168
2011-04-29,0.11221304820057885
2011-05-02,0.10579723912986637
2011-05-03,0.10104408943937243
2011-05-04,0.09997901247829041
2011-05-05,0.10635358602696765
2011-05-06,0.11875057268070062
2011-05-09,0.11327447170294301
2011-05-10,0.10800861652290307
2011-05-11,0.11291158942080567
2011-05-12,0.1286727700199094
2011-05-13,0.12209636227082063
2011-05-16,0.12634078430509482
2011-05-17,0.12620665079158838
2011-05-18,0.11756319070491296
2011-05-19,0.1213834534815084
2011-05-20,0.11365493331630022
2011-05-23,0.12058021215210786
2011-05-24,0.13805075730138183
2011-05-25,0.12809980437249024
2011-05-26,0.12007926530998803
2011-05-27,0.11464279781699549
2011-05-31,0.1091170101044171
2011-06-01,0.11934785942987589
2011-06-02,0.18732674778553274
2011-06-03,0.17123328264737586
2011-06-06,0.17127150398049332
2011-06-07,0.17300510504814817
2011-06-08,0.1584773167758532
2011-06-09,0.1489864932789183
2011-06-10,0.14380217556179045
2011-06-13,0.1631020049144357
2011-06-14,0.14951287830250415
2011-06-15,0.15680540043827426
2011-06-16,0.18748338207068665
2011-06-17,0.17115634531909393
2011-06-20,0.15716931360061254
2011-06-21,0.14685966165879047
2011-06-22,0.15799491815761146
2011-06-23,0.15157314556394605
2011-06-24,0.14144448152718156
2011-06-27,0.15317389679991575
2011-06-28,0.14987055652854567
2011-06-29,0.1582011067008787
2011-06-30,0.1532909665419192
2011-07-01,0.15142685406852852
2011-07-05,0.1649346102904586
2011-07-06,0.15149346039474137
2011-07-07,0.13937612141705963
2011-07-08,0.14232136518150493
2011-07-11,0.14087134589100447
2011-07-12,0.17833749998972773
2011-07-13,0.16620782473437928
2011-07-14,0.15306877529225169
2011-07-15,0.1492368792585002
2011-07-18,0.14097032642861454
2011-07-19,0.14252940102394268
2011-07-20,0.1637204623160482
2011-07-21,0.15033940930951767
2011-07-22,0.16113885616789714
2011-07-25,0.14779704166359545
2011-07-26,0.14220319599802958
2011-07-27,0.13449438648159226
2011-07-28,0.1855934279685293
2011-07-29,0.17096752716418462
2011-08-01,0.16397225119907097
2011-08-02,0.15377745510783036
2011-08-03,0.22166501297520905
2011-08-04,0.20322520168516003
2011-08-05,0.3625580146031348
2011-08-08,0.32678592697173714
2011-08-09,0.5258780165771069
2011-08-10,0.5516541500565092
2011-08-11,0.576106593249841
2011-08-12,0.5858769916393205
2011-08-15,0.5273393483635213
2011-08-16,0.4907462906264773
2011-08-17,0.4450209451617769
2011-08-18,0.40006826385421096
2011-08-19,0.4603410835193208
2011-08-22,0.42828238970658333
2011-08-23,0.38511372436044106
2011-08-24,0.4008788609020648
2011-08-25,0.3702854671822642
2011-08-26,0.3490487741864566
2011-08-29,0.32615242167492836
2011-08-30,0.34243864523180856
2011-08-31,0.3087116136164451
2011-09-01,0.2793873699219071
2011-09-02,0.2626072942546219
2011-09-06,0.2924674253913388
2011-09-07,0.2690992528707945
2011-09-08,0.2980687200046236
2011-09-09,0.2784798544794377
2011-09-12,0.3064829955877639
2011-09-13,0.2787719451397878
2011-09-14,0.25730725029715
2011-09-15,0.24690238174452883
2011-09-16,0.24647167646769919
2011-09-19,0.22543969490603374
2011-09-20,0.21590676359256816
2011-09-21,0.19645206139951948
2011-09-22,0.2656594753325844
2011-09-23,0.3225550629561426
2011-09-26,0.2926426293461126
2011-09-27,0.30120634017197695
2011-09-28,0.27958443104283076
2011-09-29,0.28739654497324085
2011-09-30,0.26333150202207933
2011-10-03,0.29086345727884355
2011-10-04,0.32401515703901945
2011-10-05,0.32099903285918385
2011-10-06,0.31024148740656743
2011-10-07,0.30034583260600106
2011-10-10,0.2752750423260886
2011-10-11,0.32216301689697924
2011-10-12,0.2904312308442035
2011-10-13,0.2669764254338054
2011-10-14,0.24199953080579845
2011-10-17,0.24209818766358893
2011-10-18,0.25414629635308794
2011-10-19,0.2585610864867746
2011-10-20,0.24761725900088824
2011-10-21,0.225255600624652
2011-10-24,0.23433592830482217
2011-10-25,0.2243733414346823
2011-10-26,0.24196137481362007
2011-10-27,0.22696254684419326
2011-10-28,0.29645910492365946
2011-10-31,0.26762906558090144
2011-11-01,0.2907487718147108
2011-11-02,0.3217505169988074
2011-11-03,0.30616017451508704
2011-11-04,0.2972779866447678
2011-11-07,0.27193292742445124
2011-11-08,0.2480928062348418
2011-11-09,0.23708118118415453
2011-11-10,0.32633435134299393
2011-11-11,0.29915151356223846
2011-11-14,0.2929193300779563
2011-11-15,0.27255714110987933
2011-11-16,0.2476586941864245
2011-11-17,0.2486379348804655
2011-11-18,0.24946033438709322
2011-11-21,0.22609525911645856
2011-11-22,0.2417700384564967
2011-11-23,0.2210629452057391
2011-11-25,0.24925928274088824
2011-11-28,0.22626279924650008
2011-11-29,0.2710141057321652
2011-11-30,0.24523886231054198
2011-12-01,0.3360321288355548
2011-12-02,0.30285725093778737
2011-12-05,0.2734580259604523
2011-12-06,0.2551885898644628
2011-12-07,0.23087498290870986
2011-12-08,0.21008569843730335
2011-12-09,0.24099732039493305
2011-12-12,0.2408884695391854
2011-12-13,0.23971878241205472
2011-12-14,0.22674522448932827
2011-12-15,0.218463140084614
2011-12-16,0.1990772771845227
2011-12-19,0.18120583172468846
2011-12-20,0.18124023389200905
2011-12-21,0.24823062632374202
2011-12-22,0.2247818792331823
2011-12-23,0.21015638381778476
2011-12-27,0.19776133767445342
2011-12-28,0.17999928837158932
2011-12-29,0.18728450783603906
2011-12-30,0.18108990132551525
2012-01-03,0.16937382805272777
2012-01-04,0.18212721572204646
2012-01-05,0.16628470189841393
2012-01-06,0.15274209786515963
2012-01-09,0.1421441545658481
2012-01-10,0.13159585714072689
2012-01-11,0.13180316807618406
2012-01-12,0.12224625728848328
2012-01-13,0.11440492916784789
2012-01-17,0.11395291217627847
2012-01-18,0.10858730235015492
2012-01-19,0.12109193961383213
2012-01-20,0.1164518168445531
2012-01-23,0.1105291826054331
2012-01-24,0.1062007495924971
2012-01-25,0.1010306029288652
2012-01-26,0.10711651695356447
2012-01-27,0.10801377868904168
2012-01-30,0.10211359063206552
2012-01-31,0.10052295833304413
2012-02-01,0.09573325104030195
2012-02-02,0.10430128653016647
2012-02-03,0.0987284988005776
2012-02-06,0.12567939563608677
2012-02-07,0.11733548284095785
2012-02-08,0.11027498995942024
2012-02-09,0.10458343707704142
2012-02-10,0.09889010815103985
2012-02-13,0.10783032104878999
2012-02-14,0.10994539110303322
2012-02-15,0.10429089210783739
2012-02-16,0.1047179755087963
2012-02-17,0.11838198839464259
2012-02-21,0.1112440362217126
2012-02-22,0.10456430706119464
2012-02-23,0.10221073041960789
2012-02-24,0.09947076024973431
2012-02-27,0.09491343389266226
2012-02-28,0.0908361936154907
2012-02-29,0.0882547847106451
2012-03-01,0.0904185256179672
2012-03-02,0.09119610322075364
2012-03-05,0.09103891276578105
2012-03-06,0.0929372073597185
2012-03-07,0.1335357033827675
2012-03-08,0.1297364662753605
2012-03-09,0.13361316620050478
2012-03-12,0.12528879186872358
2012-03-13,0.11670307585105202
2012-03-14,0.15411281434924856
2012-03-15,0.1421746480252348
2012-03-16,0.13495748470453878
2012-03-19,0.12501219245006448
2012-03-20,0.11799832651239393
2012-03-21,0.11290714285269063
2012-03-22,0.10713711920934985
2012-03-23,0.1134390733878295
2012-03-26,0.10749268881301999
2012-03-27,0.13139517791649213
2012-03-28,0.12447289236355828
2012-03-29,0.12170613477517378
2012-03-30,0.1146787634175827
2012-04-02,0.10949864865194583
2012-04-03,0.11095921979109162
2012-04-04,0.10896555544945277
2012-04-05,0.12365495126357098
2012-04-09,0.11550976865708786
2012-04-10,0.13311730645761233
2012-04-11,0.1676733226054036
2012-04-12,0.16029388037511033
2012-04-13,0.16624112317750506
2012-04-16,0.17285240240944483
2012-04-17,0.15835725892078575
2012-04-18,0.170199316760536
2012-04-19,0.15806452637769935
2012-04-20,0.15238812035655094
2012-04-23,0.14023794899007835
2012-04-24,0.14250065603554282
2012-04-25,0.13286192444613634
2012-04-26,0.14766242890167408
2012-04-27,0.1414878898119932
2012-04-30,0.1307361115541409
2012-05-01,0.12475105243636118
2012-05-02,0.12107028086828067
2012-05-03,0.11558857526718586
2012-05-04,0.12111110709086455
2012-05-07,0.1573340676757329
2012-05-08,0.14446451920384265
2012-05-09,0.13680712816381257
2012-05-10,0.13380825889170347
2012-05-11,0.12421106050309409
2012-05-14,0.11827475659168302
2012-05-15,0.13442458927189288
2012-05-16,0.13145791320650943
2012-05-17,0.1255404462262856
2012-05-18,0.15433954582315682
2012-05-21,0.15413739247316652
2012-05-22,0.17543633555120497
2012-05-23,0.16043850208922775
2012-05-24,0.14719331794681154
2012-05-25,0.13579432943310057
2012-05-29,0.12838522225431973
2012-05-30,0.13906971032329385
2012-05-31,0.16211062528272552
2012-06-01,0.14991487934379144
2012-06-04,0.21764582449225084
2012-06-05,0.1977486740189832
2012-06-06,0.185005229656249
2012-06-07,0.21708773449526936
2012-06-08,0.1970825850818325
2012-06-11,0.18500714511663582
2012-06-12,0.18988326256246865
2012-06-13,0.18578337687872434
2012-06-14,0.17567523913246166
2012-06-15,0.17209062133539252
2012-06-18,0.16830678520007888
2012-06-19,0.15423333953305857
2012-06-20,0.15244958599056938
2012-06-21,0.14107759579363016
2012-06-22,0.198978350594543
2012-06-25,0.18625144423158033
2012-06-26,0.20164461810506587
2012-06-27,0.18534939214427906
2012-06-28,0.17685825061892396
2012-06-29,0.16330911016351923
2012-07-02,0.21326610405051544
2012-07-03,0.19418850848191052
2012-07-05,0.1805905534848563
2012-07-06,0.16839854875837565
2012-07-09,0.16785199466187417
2012-07-10,0.1542621039568348
2012-07-11,0.1544848834830528
2012-07-12,0.14204112638321678
2012-07-13,0.1360868057716447
2012-07-16,0.16138004467822475
2012-07-17,0.14941441378080794
2012-07-18,0.1427822493128117
2012-07-19,0.13821970405585368
2012-07-20,0.1282969696023933
2012-07-23,0.1353490411314132
2012-07-24,0.1436971918672857
2012-07-25,0.14571491690021282
2012-07-26,0.13437662186102745
2012-07-27,0.15912259401188505
2012-07-30,0.1836030996100564
2012-07-31,0.16760681992057802
2012-08-01,0.16147746177443353
2012-08-02,0.14849535399467112
2012-08-03,0.14548276800022858
2012-08-06,0.1800111920130349
2012-08-07,0.16450635711802009
2012-08-08,0.15306303290802112
2012-08-09,0.14074834353713325
2012-08-10,0.12999449078878791
2012-08-13,0.12077042253598758
2012-08-14,0.11303040761798211
2012-08-15,0.10615530558468171
2012-08-16,0.10020908252030446
2012-08-17,0.10383076730385717
2012-08-20,0.09826610586438655
2012-08-21,0.09363563540154878
2012-08-22,0.09296331666334975
2012-08-23,0.08908383576799546
2012-08-24,0.10349324171880887
2012-08-27,0.10336844775247067
2012-08-28,0.0979072103341879
2012-08-29,0.09393644466214295
2012-08-30,0.08986052911946782
2012-08-31,0.10068704199681898
2012-09-04,0.09876562508905445
2012-09-05,0.09460222623833948
2012-09-06,0.09106639125943866
2012-09-07,0.15090306459507496
2012-09-10,0.14019646173138406
2012-09-11,0.13609512756144393
2012-09-12,0.12655937565106087
2012-09-13,0.1187606641400862
2012-09-14,0.14364800214886983
2012-09-17,0.13447582127197735
2012-09-18,0.1274687178794114
2012-09-19,0.11895708768572795
2012-09-20,0.11116097246379571
2012-09-21,0.10457920933215074
2012-09-24,0.09918096225632252
2012-09-25,0.09547037513085742
2012-09-26,0.11725298364847699
2012-09-27,0.11723997826851493
2012-09-28,0.12246885615885822
2012-10-01,0.11943068198954535
2012-10-02,0.1121367607673981
2012-10-03,0.10530270809311668
2012-10-04,0.10158532089114304
2012-10-05,0.10437561710357994
2012-10-08,0.09880368083058676
2012-10-09,0.09784401412780135
2012-10-10,0.11585420375405686
2012-10-11,0.11794570510163045
2012-10-12,0.1102905594334062
2012-10-15,0.1070209252009535
2012-10-16,0.11158448311468026
2012-10-17,0.1202943008944737
2012-10-18,0.11472801142111883
2012-10-19,0.10974845500427449
2012-10-22,0.1528997129495822
2012-10-23,0.14065871319973333
2012-10-24,0.16075597153798077
2012-10-25,0.14931838434100653
2012-10-26,0.13808691040210258
2012-10-31,0.12799924710152158
2012-11-01,0.11906218349865313
2012-11-02,0.12693328543685709
2012-11-05,0.13352973467786752
2012-11-06,0.12396453036121874
2012-11-07,0.12369809929305961
2012-11-08,0.19063521933848
2012-11-09,0.19239188343402694
2012-11-12,0.17526278186178243
2012-11-13,0.1601841992580726
2012-11-14,0.14953048976849664
2012-11-15,0.16569022998286018
2012-11-16,0.15264521488010027
2012-11-19,0.14276423256062423
2012-11-20,0.17997528594496204
2012-11-21,0.16434863671304006
2012-11-23,0.15074597958765784
2012-11-26,0.16065500534974936
2012-11-27,0.14858586008396613
2012-11-28,0.1420262558323844
2012-11-29,0.13888860478966236
2012-11-30,0.13066401986016551
2012-12-03,0.12131225219177386
2012-12-04,0.11904760724248127
2012-12-05,0.11215619188102607
2012-12-06,0.10547726213088221
2012-12-07,0.10092882239739055
2012-12-10,0.09676185475187367
2012-12-11,0.09227584039740268
2012-12-12,0.09626246661573516
2012-12-13,0.09184383417011992
2012-12-14,0.0987948961006798
2012-12-17,0.09838058866752168
2012-12-18,0.11643041781618318
2012-12-19,0.12704614810670267
2012-12-20,0.12948082860772933
2012-12-21,0.12421365711557993
2012-12-24,0.13203258116682215
2012-12-26,0.1249797348102707
2012-12-27,0.12075629007934392
2012-12-28,0.11355483589439534
2012-12-31,0.13017100747118254
2013-01-02,0.15829567513637346
2013-01-03,0.2133970708313786
2013-01-04,0.19482625597571337
2013-01-07,0.17884292829134313
2013-01-08,0.16492703329334704
2013-01-09,0.15297709065781664
2013-01-10,0.14106960323221113
2013-01-11,0.13788752464485532
2013-01-14,0.12764168184695446
2013-01-15,0.11903032562334898
2013-01-16,0.11121242227640304
2013-01-17,0.10469318892072375
2013-01-18,0.10520602995346168
2013-01-22,0.09977570590850116
2013-01-23,0.09910662448200938
2013-01-24,0.09434035979716462
2013-01-25,0.09027430439282308
2013-01-28,0.09196813930096062
2013-01-29,0.08917049688763728
2013-01-30,0.088093628019867
2013-01-31,0.090271066813022
2013-02-01,0.08933534330122556
2013-02-04,0.104861599794873
2013-02-05,0.12587683750798145
2013-02-06,0.13103434822937599
2013-02-07,0.12156743180740515
2013-02-08,0.11423474514137284
2013-02-11,0.11122847430583174
2013-02-12,0.10473131907664315
2013-02-13,0.09911306848983997
2013-02-14,0.09421989989392236
2013-02-15,0.09009876442184056
2013-02-19,0.08760974441870607
2013-02-20,0.09456067146251135
2013-02-21,0.12443752427752064
2013-02-22,0.12406589516103707
2013-02-25,0.12871942435659756
2013-02-26,0.17525576469853368
2013-02-27,0.16466657585882122
2013-02-28,0.16831247248178827
2013-03-01,0.15513239456497965
2013-03-04,0.14339195636343113
2013-03-05,0.13533587170309475
2013-03-06,0.13549625383516514
2013-03-07,0.12547526676307766
2013-03-08,0.11692216382465374
2013-03-11,0.11154460836159044
2013-03-12,0.10646244759084994
2013-03-13,0.10237673558584859
2013-03-14,0.09704978911187315
2013-03-15,0.0967772981575665
2013-03-18,0.09328190501636843
2013-03-19,0.09817223746159394
2013-03-20,0.0955970494287974
2013-03-21,0.09926843316307801
2013-03-22,0.11192994320567498
2013-03-25,0.11463019166939313
2013-03-26,0.1121378887883976
2013-03-27,0.11471483959620872
2013-03-28,0.10763865048172704
2013-04-01,0.10244476106844984
2013-04-02,0.10179198109154185
2013-04-03,0.09994131753739656
2013-04-04,0.11824644947258812
2013-04-05,0.11241402741001023
2013-04-08,0.1109243639063005
2013-04-09,0.11086231106504028
2013-04-10,0.1055264305462792
2013-04-11,0.12317112245041843
2013-04-12,0.11581388371322272
2013-04-15,0.11047414602005495
2013-04-16,0.186755297357841
2013-04-17,0.19179292133605014
2013-04-18,0.20105035623762443
2013-04-19,0.1884729383540347
2013-04-22,0.17890805580033314
2013-04-23,0.16498455699347767
2013-04-24,0.16267971101047335
2013-04-25,0.149148479523167
2013-04-26,0.1388253937563652
2013-04-29,0.129404681259166
2013-04-30,0.12579675215652344
2013-05-01,0.11744832497815051
2013-05-02,0.1259740702462297
2013-05-03,0.12889242815769905
2013-05-06,0.133487198008842
2013-05-07,0.1241616065697512
2013-05-08,0.1187139259582993
2013-05-09,0.11341943141235089
2013-05-10,0.10894046081936101
2013-05-13,0.10370770096429226
2013-05-14,0.0981120198536941
2013-05-15,0.11114251598660874
2013-05-16,0.1083757605769362
2013-05-17,0.10807124968569426
2013-05-20,0.11626876955463072
2013-05-21,0.10898923139962884
2013-05-22,0.10267615080674738
2013-05-23,0.11072909061856644
2013-05-24,0.10680249212199691
2013-05-28,0.10132133844192374
2013-05-29,0.10151423886536859
2013-05-30,0.10712793530747576
2013-05-31,0.102636593265565
2013-06-03,0.13786101479057675
2013-06-04,0.13089432433384543
2013-06-05,0.12672113962730916
2013-06-06,0.15166462118958685
2013-06-07,0.1489454436234573
2013-06-10,0.15647504544056784
2013-06-11,0.14381280220018686
2013-06-12,0.1507753492605569
2013-06-13,0.15056315502193465
2013-06-14,0.16577804442179414
2013-06-17,0.15855793698119727
2013-06-18,0.1519652747769878
2013-06-19,0.14680725384044618
2013-06-20,0.16489075977019071
2013-06-21,0.22424114508077359
2013-06-24,0.20396578363919218
2013-06-25,0.20471836589295644
2013-06-26,0.19430470278407178
2013-06-27,0.18607072871621233
2013-06-28,0.1726824897155503
2013-07-01,0.16105468130772235
2013-07-02,0.1511296028840422
2013-07-03,0.13950245271961956
2013-07-05,0.12893808205046953
2013-07-08,0.13538517835194808
2013-07-09,0.1290986092017248
2013-07-10,0.12651969933026955
2013-07-11,0.11770154740679196
2013-07-12,0.136678582178736
2013-07-15,0.1264878704885387
2013-07-16,0.11915176576067468
2013-07-17,0.11512544274869078
2013-07-18,0.10841219307844997
2013-07-19,0.10629075223501151
2013-07-22,0.10048270219749332
2013-07-23,0.09563817987428055
2013-07-24,0.09324396837953568
2013-07-25,0.09382716946712674
2013-07-26,0.09033630449319305
2013-07-29,0.08685532206916939
2013-07-30,0.08760934509637487
2013-07-31,0.08474270750971949
2013-08-01,0.08219509374447781
2013-08-02,0.10507268128213537
2013-08-05,0.09942026050388487
2013-08-06,0.09562421364082464
2013-08-07,0.10039925574383088
2013-08-08,0.09882691562188695
2013-08-09,0.09568072424587237
2013-08-12,0.0943934220757722
2013-08-13,0.09116824715355656
2013-08-14,0.08856819270013679
2013-08-15,0.09354919433969627
2013-08-16,0.13082673289638874
2013-08-19,0.12425712259527338
2013-08-20,0.12465555610027791
2013-08-21,0.11891367479620904
2013-08-22,0.11983002734342708
2013-08-23,0.12363022408852786
2013-08-26,0.11628865309334463
2013-08-27,0.11270688538447302
2013-08-28,0.15189318671602675
2013-08-29,0.14076770962019503
2013-08-30,0.13009717648505967
2013-09-03,0.12345314941790672
2013-09-04,0.11737626611337403
2013-09-05,0.11951670513654881
2013-09-06,0.1116579333428517
2013-09-09,0.10491178334562246
2013-09-10,0.11360576729308293
2013-09-11,0.11441788351380627
2013-09-12,0.1082400484213052
2013-09-13,0.10439903871922807
2013-09-16,0.09910398449017037
2013-09-17,0.09932850152765242
2013-09-18,0.09717446648488608
2013-09-19,0.11494360625895535
2013-09-20,0.1088987106216656
2013-09-23,0.11417107931923327
2013-09-24,0.11262594003067908
2013-09-25,0.10767547573435333
2013-09-26,0.10426156400454673
2013-09-27,0.10041794237602747
2013-09-30,0.10148991633378703
2013-10-01,0.10403524286204398
2013-10-02,0.1081819986382597
2013-10-03,0.10255881422432635
2013-10-04,0.11664924073177843
2013-10-07,0.11726081558401658
2013-10-08,0.1254473433492842
2013-10-09,0.14165940519097786
2013-10-10,0.13078919034086395
2013-10-11,0.17847573300440714
2013-10-14,0.1668569308452535
2013-10-15,0.15411550567212826
2013-10-16,0.15086232757235044
2013-10-17,0.16183633977432743
2013-10-18,0.15298406803903294
2013-10-21,0.14560071812289027
2013-10-22,0.134312824009986
2013-10-23,0.12832965642494107
2013-10-24,0.12456195243032289
2013-10-25,0.11704086523708389
2013-10-28,0.1120365908345291
2013-10-29,0.10531736695567336
2013-10-30,0.10350507985763556
2013-10-31,0.10477219905348871
2013-11-01,0.10177700685361772
2013-11-04,0.09697480206215417
2013-11-05,0.0939729861823272
2013-11-06,0.09348325317008468
2013-11-07,0.09350296749250922
2013-11-08,0.12460204755123036
2013-11-11,0.14103939809318855
2013-11-12,0.13031928470131546
2013-11-13,0.12233558346314698
2013-11-14,0.12285273180358765
2013-11-15,0.1175004969774553
2013-11-18,0.11214006094048386
2013-11-19,0.10890600266085561
2013-11-20,0.1043372047662536
2013-11-21,0.10186865994489218
2013-11-22,0.10692509091237952
2013-11-25,0.1042653734341364
2013-11-26,0.09928485511830627
2013-11-27,0.09443495361812658
2013-11-29,0.09084563697263459
2013-12-02,0.08780034705994434
2013-12-03,0.08754242669770329
2013-12-04,0.09075245475559546
2013-12-05,0.08740606269002217
2013-12-06,0.09082364914367026
2013-12-09,0.10916901407363047
2013-12-10,0.10332769439374867
2013-12-11,0.10181138211423067
2013-12-12,0.12381087711354019
2013-12-13,0.11833586853762233
2013-12-16,0.11077965072785916
2013-12-17,0.10963618463237008
2013-12-18,0.10632504677242953
2013-12-19,0.14361571334275489
2013-12-20,0.13310531045833915
2013-12-23,0.12735566591916495
2013-12-24,0.12179800831474613
2013-12-26,0.11391286165840538
2013-12-27,0.11017454894863943
2013-12-30,0.1037778917862426
2013-12-31,0.09838243469326115
2014-01-02,0.09682356743769166
2014-01-03,0.11400247662536657
2014-01-06,0.10708709897965102
2014-01-07,0.10378440528787612
2014-01-08,0.10380432754214894
2014-01-09,0.0982754467431296
2014-01-10,0.09352051991881863
2014-01-13,0.0903071771913515
2014-01-14,0.1257588109101487
2014-01-15,0.13329094318950255
2014-01-16,0.12686571599892066
2014-01-17,0.1187543184593182
2014-01-21,0.11562680528041432
2014-01-22,0.10910550465238654
2014-01-23,0.10271340019682523
2014-01-24,0.1132295812963055
2014-01-27,0.1782985121592519
2014-01-28,0.1669824153129442
2014-01-29,0.1563361635213275
2014-01-30,0.15848073385310138
2014-01-31,0.15811418153893086
2014-02-03,0.15136392141264784
2014-02-04,0.20527950423920827
2014-02-05,0.19070756871258032
2014-02-06,0.17429521170877632
2014-02-07,0.17753403217989885
2014-02-10,0.1779794763232562
2014-02-11,0.16269478999566245
2014-02-12,0.16236134403306543
2014-02-13,0.14888038549077212
2014-02-14,0.1398085864663907
2014-02-18,0.13256130024546012
2014-02-19,0.12290785269169972
2014-02-20,0.12413790068020336
2014-02-21,0.12000349610748764
2014-02-24,0.11276142815969428
2014-02-25,0.10998336123605243
2014-02-26,0.10375042747372494
2014-02-27,0.09827802122482127
2014-02-28,0.09762718976332861
2014-03-03,0.09358328330061917
2014-03-04,0.10281377357808263
2014-03-05,0.12843659346746233
2014-03-06,0.11931824099882588
2014-03-07,0.11183514525422376
2014-03-10,0.10507195493518202
2014-03-11,0.09965957220176533
2014-03-12,0.10167631435198074
2014-03-13,0.096459485697256
2014-03-14,0.12024441058133953
2014-03-17,0.11465811034660098
2014-03-18,0.11942637034299076
2014-03-19,0.1185166306491149
2014-03-20,0.11761143503325401
2014-03-21,0.11449208146457004
2014-03-24,0.11148911074976448
2014-03-25,0.1094851426236544
2014-03-26,0.10598355885943014
2014-03-27,0.11253315666816144
2014-03-28,0.1073097805949455
2014-03-31,0.10446688192720043
2014-04-01,0.1092571526703264
2014-04-02,0.10922945189706346
2014-04-03,0.10404043799115323
2014-04-04,0.09936583327197077
2014-04-07,0.12466508936294445
2014-04-08,0.13895241098213537
2014-04-09,0.1301208876119832
2014-04-10,0.13617987797504463
2014-04-11,0.18914176778063127
2014-04-14,0.1836247821196416
2014-04-15,0.17340915390136305
2014-04-16,0.16315119858804095
2014-04-17,0.1615893279027524
2014-04-21,0.14822895028977787
2014-04-22,0.13754411004744402
2014-04-23,0.12937467798204924
2014-04-24,0.12184563922318253
2014-04-25,0.11387954112518153
2014-04-28,0.12152326842727135
2014-04-29,0.11431446364139151
2014-04-30,0.10987458120917169
2014-05-01,0.10425631258576283
2014-05-02,0.09869047340512363
2014-05-05,0.0949870049524886
2014-05-06,0.09099785277627134
2014-05-07,0.10672625065365145
2014-05-08,0.10567628079605587
2014-05-09,0.10052865806125152
2014-05-12,0.09550594825154246
2014-05-13,0.10726485754915811
2014-05-14,0.10113717370681358
2014-05-15,0.10237423297718874
2014-05-16,0.1149720385600115
2014-05-19,0.10901386270093386
2014-05-20,0.10419376100142569
2014-05-21,0.10865444597502573
2014-05-22,0.11310333848135028
2014-05-23,0.10660366729855227
2014-05-27,0.1025739250574833
2014-05-28,0.10284483103920668
2014-05-29,0.0978987181266619
2014-05-30,0.09718447992779668
2014-06-02,0.09272093965585346
2014-06-03,0.08885974007813127
2014-06-04,0.08605383101120719
2014-06-05,0.08361557989579392
2014-06-06,0.0889282627255207
2014-06-09,0.08926516225843557
2014-06-10,0.08595730077183843
2014-06-11,0.08333298501636734
2014-06-12,0.08561358459017436
2014-06-13,0.09723644966600338
2014-06-16,0.09369474532322923
2014-06-17,0.08965668218452565
2014-06-18,0.08715328138262379
2014-06-19,0.09378413782454813
2014-06-20,0.0897487813442437
2014-06-23,0.08668342106131775
2014-06-24,0.08412319955853666
2014-06-25,0.09277851288097166
2014-06-26,0.09191894395020489
2014-06-27,0.08873056103624653
2014-06-30,0.08579080813021786
2014-07-01,0.08351043803273683
2014-07-02,0.08929736561769012
2014-07-03,0.08598344886476465
2014-07-07,0.08716875191847558
2014-07-08,0.08863806694897297
2014-07-09,0.09731839755374387
2014-07-10,0.095560606422383
2014-07-11,0.09626291085610204
2014-07-14,0.0918778768942006
2014-07-15,0.09208533464298933
2014-07-16,0.09000077741857922
2014-07-17,0.0884564339068498
2014-07-18,0.11586210947908546
2014-07-21,0.12376020508133034
2014-07-22,0.11658156074339088
2014-07-23,0.11137576149634039
2014-07-24,0.10501144522365724
2014-07-25,0.09934908106526712
2014-07-28,0.10083104444535604
2014-07-29,0.09571431751526085
2014-07-30,0.09710388470611545
2014-07-31,0.0926302532770479
2014-08-01,0.1597632916213796
2014-08-04,0.14869741047326154
2014-08-05,0.1428014845294721
2014-08-06,0.14813399342980701
2014-08-07,0.13646915580904392
2014-08-08,0.13248801504555127
2014-08-11,0.1404341482984497
2014-08-12,0.13037955779159718
2014-08-13,0.12184155225162187
2014-08-14,0.11971720750168438
2014-08-15,0.11449287426983669
2014-08-18,0.10752224262159653
2014-08-19,0.1121093349101818
2014-08-20,0.10889464459313486
2014-08-21,0.10318524548026109
2014-08-22,0.09855567962702108
2014-08-25,0.09499508230362474
2014-08-26,0.09465488903316772
2014-08-27,0.09047170881893918
2014-08-28,0.08732013113585249
2014-08-29,0.08479948977322167
2014-09-02,0.08322328748095212
2014-09-03,0.08138863793569741
2014-09-04,0.07991951157569817
2014-09-05,0.07957396612627561
2014-09-08,0.08132645212815981
2014-09-09,0.08234803269582879
2014-09-10,0.09245734032949231
2014-09-11,0.09054824062186545
2014-09-12,0.08704269706341687
2014-09-15,0.09437773305677284
2014-09-16,0.09080679436939147
2014-09-17,0.09707467452925006
2014-09-18,0.09255487282821433
2014-09-19,0.09318570323450191
2014-09-22,0.0899249110884324
2014-09-23,0.1024723934269268
2014-09-24,0.10579230153299726
2014-09-25,0.10931338013334581
2014-09-26,0.15012958456266956
2014-09-29,0.14536050531549694
2014-09-30,0.13508760183640656
2014-10-01,0.1270400498064153
2014-10-02,0.15006864309084636
2014-10-03,0.13818508951832806
2014-10-06,0.14314775741443242
2014-10-07,0.13270902946193974
2014-10-08,0.16160104358367225
2014-10-09,0.18183913967794216
2014-10-10,0.21292790036918988
2014-10-13,0.20881513050448958
2014-10-14,0.21995646450274764
2014-10-15,0.19966537517608746
2014-10-16,0.18811431155626077
2014-10-17,0.17183780843488056
2014-10-20,0.1719018572942482
2014-10-21,0.16701854973339553
2014-10-22,0.19436148451300647
2014-10-23,0.1841993713053914
2014-10-24,0.18144766123111125
2014-10-27,0.1712582740522575
2014-10-28,0.15730754077153536
2014-10-29,0.15941832102716366
2014-10-30,0.14706066209155969
2014-10-31,0.14004538006645995
2014-11-03,0.14581372630251518
2014-11-04,0.13441766247079612
2014-11-05,0.1275204704004963
2014-11-06,0.1235355076192417
2014-11-07,0.11683195466771674
2014-11-10,0.10932040577388386
2014-11-11,0.10393054726704463
2014-11-12,0.09830445947344359
2014-11-13,0.0943411449777376
2014-11-14,0.09021730572535194
2014-11-17,0.08682946250444101
2014-11-18,0.08393250787638175
2014-11-19,0.08735181463048163
2014-11-20,0.08579872051351907
2014-11-21,0.0832678212486848
2014-11-24,0.08590440955998159
2014-11-25,0.0840882892865663
2014-11-26,0.08226261245298362
2014-11-28,0.08088274772272051
2014-12-01,0.08124727951703595
2014-12-02,0.09373119766796588
2014-12-03,0.09655512365600986
2014-12-04,0.09404927356278985
2014-12-05,0.09081533661847714
2014-12-08,0.08739039551798877
2014-12-09,0.09720289383318372
2014-12-10,0.09311812029844305
2014-12-11,0.14056510504427394
2014-12-12,0.1325944508564171
2014-12-15,0.1646190826555484
2014-12-16,0.1587384356347135
2014-12-17,0.1563888972826464
2014-12-18,0.1862980766557795
2014-12-19,0.22707976292963594
2014-12-22,0.2070648803253802
2014-12-23,0.18972828572466421
2014-12-24,0.1729446370563924
2014-12-26,0.1582196795987078
2014-12-29,0.14602726070371652
2014-12-30,0.1346274670167984
2014-12-31,0.1308705208280528
2015-01-02,0.13971667657838657
2015-01-05,0.1293987242447916
2015-01-06,0.17111774181687778
2015-01-07,0.16983548559991443
2015-01-08,0.1720151493352601
2015-01-09,0.1902558851876423
2015-01-12,0.1824491703960628
2015-01-13,0.17555735299667732
2015-01-14,0.16213971950651496
2015-01-15,0.15506978754475603
2015-01-16,0.15627872326917272
2015-01-20,0.16328842706141236
2015-01-21,0.1499004946766299
2015-01-22,0.1405406051365964
2015-01-23,0.15734208555229492
2015-01-26,0.15004701355270178
2015-01-27,0.13842484112460088
2015-01-28,0.15659088723958298
2015-01-29,0.1685309980775665
2015-01-30,0.16324761184368705
2015-02-02,0.17271795262731524
2015-02-03,0.17409842844490633
2015-02-04,0.1810671113715393
2015-02-05,0.1679486159408276
2015-02-06,0.16461002223552634
2015-02-09,0.15259145965792728
2015-02-10,0.14439227345933456
2015-02-11,0.14701965083633065
2015-02-12,0.13546566505783997
2015-02-13,0.13723838436551822
2015-02-17,0.12864430256477585
2015-02-18,0.11958728208941712
2015-02-19,0.11178926497756476
2015-02-20,0.10547006313414478
2015-02-23,0.10487741969415475
2015-02-24,0.09930582473721293
2015-02-25,0.09523602581895792
2015-02-26,0.0915944580736281
2015-02-27,0.08884562389333696
2015-03-02,0.08981882600232785
2015-03-03,0.09315869195559175
2015-03-04,0.09466328533156752
2015-03-05,0.09609434843615754
2015-03-06,0.0916874570835322
2015-03-09,0.13013806120074486
2015-03-10,0.12260504391086079
2015-03-11,0.15854908369683662
2015-03-12,0.14694610283691276
2015-03-13,0.1549308083505496
2015-03-16,0.14921464641846727
2015-03-17,0.1586614941552746
2015-03-18,0.14765810136570912
2015-03-19,0.1534036168514046
2015-03-20,0.14521180319773097
2015-03-23,0.14317368360004729
2015-03-24,0.13330671902011967
2015-03-25,0.13028796611512208
2015-03-26,0.15673369465569545
2015-03-27,0.145409047313214
2015-03-30,0.1343673453166522
2015-03-31,0.14381466060309187
2015-04-01,0.14621893995368954
2015-04-02,0.1376425790433222
2015-04-06,0.12849871834729942
2015-04-07,0.12511370707865732
2015-04-08,0.11856915831652291
2015-04-09,0.11197959274105088
2015-04-10,0.10760365276040011
2015-04-13,0.10559166751553646
2015-04-14,0.10546730284516559
2015-04-15,0.09983889589349816
2015-04-16,0.09763079962293394
2015-04-17,0.09324887397181827
2015-04-20,0.11943115427364988
2015-04-21,0.12337750840416686
2015-04-22,0.11568456147757143
2015-04-23,0.11139095762030272
2015-04-24,0.10519857350553871
2015-04-27,0.09982248964271208
2015-04-28,0.10008135214984755
2015-04-29,0.09619551236047531
2015-04-30,0.0970951825053205
2015-05-01,0.11586098944199703
2015-05-04,0.1256989197597583
2015-05-05,0.11764685362929397
2015-05-06,0.1354399464741189
2015-05-07,0.1293426702355754
2015-05-08,0.1217605850401174
2015-05-11,0.13786100273442115
2015-05-12,0.13246176366060702
2015-05-13,0.12523016456608224
2015-05-14,0.11662300616959469
2015-05-15,0.12496812867884928
2015-05-18,0.11633168911534188
2015-05-19,0.10983985923934025
2015-05-20,0.10360481035784622
2015-05-21,0.0985227947450062
2015-05-22,0.09464300836967052
2015-05-26,0.09278721746645308
2015-05-27,0.11596392623022593
2015-05-28,0.12169021644199154
2015-05-29,0.11419512823703187
2015-06-01,0.11621633595531843
2015-06-02,0.10905550537964069
2015-06-03,0.10333337069555175
2015-06-04,0.09846793122564873
2015-06-05,0.11102539117135565
2015-06-08,0.10561974227381278
2015-06-09,0.10934342536311
2015-06-10,0.10310282820603901
2015-06-11,0.12055536578086548
2015-06-12,0.11353588009171602
2015-06-15,0.11962834515557803
2015-06-16,0.11644892071518397
2015-06-17,0.11286915329400485
2015-06-18,0.10603641862358666
2015-06-19,0.11705638356195014
2015-06-22,0.11461689156146308
2015-06-23,0.11081982255728424
2015-06-24,0.10417342175926615
2015-06-25,0.11137620048312134
2015-06-26,0.10755718777244916
2015-06-29,0.10160159417808344
2015-06-30,0.17060277663584839
2015-07-01,0.15629340882041834
2015-07-02,0.1506222549477349
2015-07-06,0.1390537549661566
2015-07-07,0.13067233580505422
2015-07-08,0.12610606252571394
2015-07-09,0.16322700524698067
2015-07-10,0.14974799374676842
2015-07-13,0.1566996955256946
2015-07-14,0.1577956503462779
2015-07-15,0.14656571797763404
2015-07-16,0.1352687504134251
2015-07-17,0.1332988173445743
2015-07-20,0.12352668811926529
2015-07-21,0.1150975602026376
2015-07-22,0.11211492805286885
2015-07-23,0.1066217478777701
2015-07-24,0.10880329533632722
2015-07-27,0.12522818859095491
2015-07-28,0.12411465214733594
2015-07-29,0.1364926686916518
2015-07-30,0.1320051827188981
2015-07-31,0.1224675183605705
2015-08-03,0.1151608559216063
2015-08-04,0.11120971588868572
2015-08-05,0.10602527507860647
2015-08-06,0.10129269853081563
2015-08-07,0.11217912276811713
2015-08-10,0.1068054538115446
2015-08-11,0.12535437692658705
2015-08-12,0.13273036361584734
2015-08-13,0.12305459749417545
2015-08-14,0.11544674583901493
2015-08-17,0.10958986094783106
2015-08-18,0.10744835747503648
2015-08-19,0.10408306544050239
2015-08-20,0.1133000636586643
2015-08-21,0.17595817919971887
2015-08-24,0.2571546550455714
2015-08-25,0.36420346251345126
2015-08-26,0.33777460600120823
2015-08-27,0.3846979721398968
2015-08-28,0.37757973438191283
2015-08-31,0.33988328460459133
2015-09-01,0.31152421490459564
2015-09-02,0.34429129127828123
2015-09-03,0.330691926298672
2015-09-04,0.2980305836717181
2015-09-08,0.28793558041885836
2015-09-09,0.3017277976539488
2015-09-10,0.2871676110577422
2015-09-11,0.26091981481745113
2015-09-14,0.23711400703192986
2015-09-15,0.21678299335157059
2015-09-16,0.2102452561075101
2015-09-17,0.19739263883954186
2015-09-18,0.18075911243510767
2015-09-21,0.19869327947991575
2015-09-22,0.18290486460305516
2015-09-23,0.18909184462624606
2015-09-24,0.17306075551211728
2015-09-25,0.1608035259554796
2015-09-28,0.1476678239970881
2015-09-29,0.21600302962056644
2015-09-30,0.19612407354608094
2015-10-01,0.21115065872304695
2015-10-02,0.19215497254954375
2015-10-05,0.19653032949935453
2015-10-06,0.20861707610774594
2015-10-07,0.1915463030705475
2015-10-08,0.18066142415024813
2015-10-09,0.17293835350180956
2015-10-12,0.15814977250988163
2015-10-13,0.14517759051226464
2015-10-14,0.14146670182332102
2015-10-15,0.13551786605565824
2015-10-16,0.1555417501994749
2015-10-19,0.14482789653621003
2015-10-20,0.13356424670047354
2015-10-21,0.12449914843452743
2015-10-22,0.12440414699246637
2015-10-23,0.15410109443268089
2015-10-26,0.1555271259819223
2015-10-27,0.14443546194807477
2015-10-28,0.1343817948891103
2015-10-29,0.1412865312034217
2015-10-30,0.13077777755843867
2015-11-02,0.1257493028699505
2015-11-03,0.13620522424363216
2015-11-04,0.1267259063298746
2015-11-05,0.12042273333533376
2015-11-06,0.11302108768614483
2015-11-09,0.10641225013035292
2015-11-10,0.11977848279557282
2015-11-11,0.11223829300654342
2015-11-12,0.10972750051350542
2015-11-13,0.1404451729955701
2015-11-16,0.15114069999163576
2015-11-17,0.16619449694143296
2015-11-18,0.1525554831968855
2015-11-19,0.1695206044092429
2015-11-20,0.1555244657592758
2015-11-23,0.1439894007809771
2015-11-24,0.13342385303230875
2015-11-25,0.12367519075079497
2015-11-27,0.11537969094686226
2015-11-30,0.10809002214824934
2015-12-01,0.1067444566159298
2015-12-02,0.11484700483919352
2015-12-03,0.12889428311137166
2015-12-04,0.15313754514825337
2015-12-07,0.18370610316683308
2015-12-08,0.173348175678933
2015-12-09,0.1657489882367409
2015-12-10,0.16159063651909325
2015-12-11,0.1486010666890639
2015-12-14,0.18904909237634573
2015-12-15,0.17438740451738852
2015-12-16,0.17080129002808006
2015-12-17,0.17904833368644696
2015-12-18,0.1935207742672637
2015-12-21,0.21337060535896293
2015-12-22,0.19942677485201268
2015-12-23,0.18885851672831697
2015-12-24,0.18707628299334944
2015-12-28,0.1713228372155069
2015-12-29,0.15799626742781894
2015-12-30,0.1579033556289341
2015-12-31,0.1536197303629667
2016-01-04,0.15745270012754528
2016-01-05,0.17317754848967895
2016-01-06,0.15844373631191508
2016-01-07,0.16921945600079913
2016-01-08,0.22307852516269763
2016-01-11,0.21615096335924652
2016-01-12,0.19625003643631392
2016-01-13,0.18447684996719313
2016-01-14,0.2369234533754504
2016-01-15,0.2362216829547393
2016-01-19,0.2579812908541919
2016-01-20,0.23335058739832631
2016-01-21,0.22898255637899592
2016-01-22,0.20980531848790948
2016-01-25,0.22760529686655565
2016-01-26,0.23053669817693176
2016-01-27,0.22419524738350322
2016-01-28,0.2168663723433892
2016-01-29,0.19883301022255942
2016-02-01,0.23406467172175682
2016-02-02,0.21225090581931147
2016-02-03,0.22794063810785806
2016-02-04,0.20926881201078468
2016-02-05,0.19021796317999773
2016-02-08,0.21565403254355225
2016-02-09,0.2163406614839569
2016-02-10,0.1964808369312326
2016-02-11,0.1792018259090819
2016-02-12,0.18631142458579739
2016-02-16,0.21092220303961653
2016-02-17,0.21686185064037625
2016-02-18,0.2199715115703968
2016-02-19,0.20211808458795372
2016-02-22,0.18403652451735963
2016-02-23,0.18884754339115828
2016-02-24,0.19269799170491161
2016-02-25,0.17713413101852665
2016-02-26,0.17692607728951634
2016-02-29,0.16289333585556187
2016-03-01,0.1593818134223508
2016-03-02,0.20457971433957317
2016-03-03,0.18746450712787505
2016-03-04,0.17203917041432173
2016-03-07,0.1580988365744181
2016-03-08,0.14513199158465695
2016-03-09,0.15366069306898178
2016-03-10,0.14363842854142783
2016-03-11,0.13250955893685695
2016-03-14,0.15644594755724084
2016-03-15,0.14432829043464057
2016-03-16,0.1340469255243953
2016-03-17,0.12809998068379
2016-03-18,0.12406638401670428
2016-03-21,0.11720385439685072
2016-03-22,0.1096990966250205
2016-03-23,0.1035900632956273
2016-03-24,0.10900573026234553
2016-03-28,0.10295039860212628
2016-03-29,0.09748241073965737
2016-03-30,0.10711771423039511
2016-03-31,0.1035018709924307
2016-04-01,0.10014784442239558
2016-04-04,0.1023957473246139
2016-04-05,0.10045421791263491
2016-04-06,0.11801590270305262
2016-04-07,0.12755134739433155
2016-04-08,0.14432798040744102
2016-04-11,0.13363212264899968
2016-04-12,0.12548749371352502
2016-04-13,0.12857626227352104
2016-04-14,0.13313267905789822
2016-04-15,0.12348785054407554
2016-04-18,0.11571925277126201
2016-04-19,0.11528255566134601
2016-04-20,0.1089884246786315
2016-04-21,0.10260828161793989
2016-04-22,0.10503539749559321
2016-04-25,0.0993863848654555
2016-04-26,0.09586701508640734
2016-04-27,0.09157356082059101
2016-04-28,0.088218258791176
2016-04-29,0.1062535470455671
2016-05-02,0.10795549736764382
2016-05-03,0.11130749172076893
2016-05-04,0.12120260189732487
2016-05-05,0.12032821270640791
2016-05-06,0.11252030981148584
2016-05-09,0.10713532072628724
2016-05-10,0.10102640892878802
2016-05-11,0.12080614087950739
2016-05-12,0.1303570819283645
2016-05-13,0.12103085557669924
2016-05-16,0.1285047768131087
2016-05-17,0.13242553740586513
2016-05-18,0.13906331488163678
2016-05-19,0.12857823218074835
2016-05-20,0.1225821592426245
2016-05-23,0.11945532925535979
2016-05-24,0.1124617355340886
2016-05-25,0.1306020729574985
2016-05-26,0.1269447438576033
2016-05-27,0.11808238217343942
2016-05-31,0.1125655980438785
2016-06-01,0.10711378294190119
2016-06-02,0.10129933362065947
2016-06-03,0.09708626370146203
2016-06-06,0.09570278699521689
2016-06-07,0.09525829800869223
2016-06-08,0.09108475791384775
2016-06-09,0.08881316551594742
2016-06-10,0.08673201988555154
2016-06-13,0.10685317456097589
2016-06-14,0.11475211795202346
2016-06-15,0.10902773786218663
2016-06-16,0.1036331124451101
2016-06-17,0.0989919540661056
2016-06-20,0.09855564595079694
2016-06-21,0.10028542317599617
2016-06-22,0.09605531401277748
2016-06-23,0.09299883640646764
2016-06-24,0.11791395607349987
2016-06-27,0.2632472776772698
2016-06-28,0.26693884039695914
2016-06-29,0.2646833764970986
2016-06-30,0.26030218114468523
2016-07-01,0.2490001803206576
2016-07-05,0.22549916208033421
2016-07-06,0.21091313160522873
2016-07-07,0.19440317768106555
2016-07-08,0.17728376086815748
2016-07-11,0.18481774199417197
2016-07-12,0.1694531318937462
2016-07-13,0.16036823196085642
2016-07-14,0.14725249043520827
2016-07-15,0.13897289196643875
2016-07-18,0.12920979873018515
2016-07-19,0.12055948645289846
2016-07-20,0.11315023865752213
2016-07-21,0.10824733566374951
2016-07-22,0.10617846067130585
2016-07-25,0.10286034700926362
2016-07-26,0.10002056410043214
2016-07-27,0.09501871573146115
2016-07-28,0.09158309507844534
2016-07-29,0.08790866810726167
2016-08-01,0.08496115210546763
2016-08-02,0.08306383385518915
2016-08-03,0.09321310173892568
2016-08-04,0.0902298958405207
2016-08-05,0.08676627768977506
2016-08-08,0.09596485920587265
2016-08-09,0.09202655223916681
2016-08-10,0.0882723714807242
2016-08-11,0.08773051807064829
2016-08-12,0.08805575857915807
2016-08-15,0.08564580665512579
2016-08-16,0.0839514329550559
2016-08-17,0.09014389927627998
2016-08-18,0.08693458093860298
2016-08-19,0.08448129720651373
2016-08-22,0.08329097951923357
2016-08-23,0.08118999760376291
2016-08-24,0.07960724057748965
2016-08-25,0.08679888304927448
2016-08-26,0.08446711723753657
2016-08-29,0.08379900607540813
2016-08-30,0.08545534492523858
2016-08-31,0.08430268808729231
2016-09-01,0.0851616549592012
2016-09-02,0.08269563657440028
2016-09-06,0.08381215368695996
2016-09-07,0.08259531986514454
2016-09-08,0.08063812668372133
2016-09-09,0.08130403538009487
2016-09-12,0.17876315275381116
2016-09-13,0.18434691567399142
2016-09-14,0.1946029682301141
2016-09-15,0.1773840366520792
2016-09-16,0.17215780904227743
2016-09-19,0.1603164942023405
2016-09-20,0.1471327327876785
2016-09-21,0.1356496428227139
2016-09-22,0.14187515742609297
2016-09-23,0.13550147499787987
2016-09-26,0.13181498967532082
2016-09-27,0.13503721542244343
2016-09-28,0.1296105842955945
2016-09-29,0.12315893299940005
2016-09-30,0.1311443499453493
2016-10-03,0.12891315694027006
2016-10-04,0.12151959784957679
2016-10-05,0.11956773877189736
2016-10-06,0.11397541728308568
2016-10-07,0.10687373713850475
2016-10-10,0.10444896323149001
2016-10-11,0.10257749480894643
2016-10-12,0.1301525347264157
2016-10-13,0.12083845284531053
2016-10-14,0.11580317927704006
2016-10-17,0.10845658967763287
2016-10-18,0.1058217996314326
2016-10-19,0.10569151335913006
2016-10-20,0.100470965172072
2016-10-21,0.0969316045085966
2016-10-24,0.09241069011532027
2016-10-25,0.09120184296242749
2016-10-26,0.09159010457034687
2016-10-27,0.08976584886359786
2016-10-28,0.0892410500684972
2016-10-31,0.08930310488443137
2016-11-01,0.08613257167561292
2016-11-02,0.09816213347890324
2016-11-03,0.10324864213918776
2016-11-04,0.10370450789405725
2016-11-07,0.09889503763151546
2016-11-08,0.16369599416349478
2016-11-09,0.1518326559080721
2016-11-10,0.15278956331178117
2016-11-11,0.14088346374506583
2016-11-14,0.13166228700541321
2016-11-15,0.12210944375344043
2016-11-16,0.1221559833606835
2016-11-17,0.11522112739997875
2016-11-18,0.1113502540382315
2016-11-21,0.10646422090105054
2016-11-22,0.10913833993279012
2016-11-23,0.10297672455530671
2016-11-25,0.09751021429679929
2016-11-28,0.09465144006426658
2016-11-29,0.0971646381374913
2016-11-30,0.092843119560599
2016-12-01,0.09133036801508335
2016-12-02,0.09232422541431481
2016-12-05,0.08853470624029801
2016-12-06,0.09145363471495116
2016-12-07,0.08901767307877924
2016-12-08,0.11566486820117489
2016-12-09,0.10879882575834746
2016-12-12,0.10765097137183373
2016-12-13,0.10226240726470028
2016-12-14,0.10374495922306354
2016-12-15,0.1141845294974171
2016-12-16,0.10906039824782619
2016-12-19,0.10421819454635896
2016-12-20,0.09891050725800081
2016-12-21,0.09598743764113776
2016-12-22,0.09447808109431605
2016-12-23,0.09179984742844419
2016-12-27,0.08815642910852745
2016-12-28,0.08566299701828499
2016-12-29,0.10146303368999639
2016-12-30,0.09644987516308005
2017-01-03,0.09637607178285301
2017-01-04,0.10159452556851259
2017-01-05,0.1016531517764645
2017-01-06,0.09693724373973191
2017-01-09,0.09401129751373648
2017-01-10,0.09375379748552091
2017-01-11,0.0898686773438693
2017-01-12,0.08737076982008707
2017-01-13,0.08705791874304922
2017-01-17,0.084618597975521
2017-01-18,0.08671741683845581
2017-01-19,0.08427928550518446
2017-01-20,0.08683425044843347
2017-01-23,0.08584050087559833
2017-01-24,0.08597659691279838
2017-01-25,0.09044350236755434
2017-01-26,0.10011791420922254
2017-01-27,0.09583455779114153
2017-01-30,0.09274942337147282
2017-01-31,0.09967402835382978
2017-02-01,0.09488168788391838
2017-02-02,0.09069922355194592
2017-02-03,0.08715549414854977
2017-02-06,0.09257158532485557
2017-02-07,0.0902976069412066
2017-02-08,0.08696276859202756
2017-02-09,0.0840848893630273
2017-02-10,0.087836086903176
2017-02-13,0.08703181458642267
2017-02-14,0.08904084202430289
2017-02-15,0.08808014135396477
2017-02-16,0.08941459869480149
2017-02-17,0.08675481591968735
2017-02-21,0.08398925368365179
2017-02-22,0.08781572254969974
2017-02-23,0.08546322506754185
2017-02-24,0.08279472724861968
2017-02-27,0.08062542376013114
2017-02-28,0.07892645980131047
2017-03-01,0.08065174602518203
2017-03-02,0.11475606943863753
2017-03-03,0.11687197431925621
2017-03-06,0.10936196353674532
2017-03-07,0.10579049187265586
2017-03-08,0.10284583302139953
2017-03-09,0.0989004804959858
2017-03-10,0.09407881980072366
2017-03-13,0.0915609459462303
2017-03-14,0.08789508680049632
2017-03-15,0.08992338789984729
2017-03-16,0.09973430973985295
2017-03-17,0.09643612972926009
2017-03-20,0.09345395389760035
2017-03-21,0.09031181144323515
2017-03-22,0.12359609508779011
2017-03-23,0.11553885769165323
2017-03-24,0.10889749700688324
2017-03-27,0.10301941331553703
2017-03-28,0.0982585177489168
2017-03-29,0.1020616572261975
2017-03-30,0.09671682197510635
2017-03-31,0.09339582284838449
2017-04-03,0.09167962180900845
2017-04-04,0.08950578600573268
2017-04-05,0.08616085667404337
2017-04-06,0.08687072346961867
2017-04-07,0.08488643376288114
2017-04-10,0.0831680456799453
2017-04-11,0.08090429389984172
2017-04-12,0.08008672487156675
2017-04-13,0.08519615794879269
2017-04-17,0.09502359495063842
2017-04-18,0.10409659678748795
2017-04-19,0.10144391297690936
2017-04-20,0.09771082599540351
2017-04-21,0.10396049153112265
2017-04-24,0.10165395426096839
2017-04-25,0.11595204432679443
2017-04-26,0.11308755070437652
2017-04-27,0.10652672056139494
2017-04-28,0.10050810573308969
2017-05-01,0.09734019427142203
2017-05-02,0.09333630210315665
2017-05-03,0.08940594260010215
2017-05-04,0.08706849155096885
2017-05-05,0.08414654195777747
2017-05-08,0.0840393339991479
2017-05-09,0.08186437279839885
2017-05-10,0.08060538937933583
2017-05-11,0.07901023518395975
2017-05-12,0.07963918708588284
2017-05-15,0.07962600542538127
2017-05-16,0.08346980216234365
2017-05-17,0.08191435986198356
2017-05-18,0.14396579738980164
2017-05-19,0.13433437606738574
2017-05-22,0.12953308460878826
2017-05-23,0.12324986554265274
2017-05-24,0.11517035820082579
2017-05-25,0.10830954949210707
2017-05-26,0.10505968724840244
2017-05-30,0.0994874764894552
2017-05-31,0.09516909356454523
2017-06-01,0.0911636124481404
2017-06-02,0.09851866583904202
2017-06-05,0.09504473680254034
2017-06-06,0.0913521837657768
2017-06-07,0.09142712314774307
2017-06-08,0.08798981008200922
2017-06-09,0.08491697227794762
2017-06-12,0.08370976129703218
2017-06-13,0.08161264951415746
2017-06-14,0.08367102267607403
2017-06-15,0.08241846914609399
2017-06-16,0.08219986837981119
2017-06-19,0.08018976913720159
2017-06-20,0.09173157505907216
2017-06-21,0.10055563386218733
2017-06-22,0.09569471082422458
2017-06-23,0.09171334408013174
2017-06-26,0.08802375049068999
2017-06-27,0.08492371689073591
2017-06-28,0.10019254109042712
2017-06-29,0.1081918168013369
2017-06-30,0.11920017670567842
2017-07-03,0.11154286545303504
2017-07-05,0.1049278880814069
2017-07-06,0.09958801742466715
2017-07-07,0.11428625674537651
2017-07-10,0.11299013285887087
2017-07-11,0.10603572905157653
2017-07-12,0.10060344499370805
2017-07-13,0.1044827865637806
2017-07-14,0.0989132317273974
2017-07-17,0.09714615804966428
2017-07-18,0.09276614514626358
2017-07-19,0.08890059298876295
2017-07-20,0.09045305926034132
2017-07-21,0.08697918051292158
2017-07-24,0.08477527650510011
2017-07-25,0.08251162545889945
2017-07-26,0.08098052496928299
2017-07-27,0.0792528098295579
2017-07-28,0.07849095705694602
2017-07-31,0.0781163990733231
2017-08-01,0.07726582627540929
2017-08-02,0.07655210838382463
2017-08-03,0.07549514233725041
2017-08-04,0.07669652272308279
2017-08-07,0.07583379589992877
2017-08-08,0.07515396165751938
2017-08-09,0.07727171675551534
2017-08-10,0.07625728026827779
2017-08-11,0.12213982421396027
2017-08-14,0.11395447760962317
2017-08-15,0.12139824240371466
2017-08-16,0.11341321118449951
2017-08-17,0.10654229319623783
2017-08-18,0.14593754446956306
2017-08-21,0.1353902804095604
2017-08-22,0.12534097276329004
2017-08-23,0.13166008751845895
2017-08-24,0.1253551455662669
2017-08-25,0.11841061227993141
2017-08-28,0.1110821709284618
2017-08-29,0.1045203921502674
2017-08-30,0.09882017482994958
2017-08-31,0.0971885638860318
2017-09-01,0.09827343522583407
2017-09-05,0.09358104221149359
2017-09-06,0.10328982218943042
2017-09-07,0.099118042880547
2017-09-08,0.09442638019455625
2017-09-11,0.09119002129071435
2017-09-12,0.10750923139283396
2017-09-13,0.10261481626485351
2017-09-14,0.09721223904330609
2017-09-15,0.09291445855351936
2017-09-18,0.08905925186381998
2017-09-19,0.08616644714285532
2017-09-20,0.08337701883344274
2017-09-21,0.08112038579020991
2017-09-22,0.08234709988744363
2017-09-25,0.08031677972950461
2017-09-26,0.0806848480102641
2017-09-27,0.07885780840362873
2017-09-28,0.07974635474838816
2017-09-29,0.07810452894569778
2017-10-02,0.0785914161503246
2017-10-03,0.08027253730674482
2017-10-04,0.07893689403627423
2017-10-05,0.0774387940887121
2017-10-06,0.08276435809149595
2017-10-09,0.08154763858647236
2017-10-10,0.08113769800975684
2017-10-11,0.08003558693180732
2017-10-12,0.07844579204577223
2017-10-13,0.07844022606041465
2017-10-16,0.07703818307605816
2017-10-17,0.07592019911613132
2017-10-18,0.07495093183347896
2017-10-19,0.07416262158725181
2017-10-20,0.07360923000957792
2017-10-23,0.07806788620376161
2017-10-24,0.08246521871693427
2017-10-25,0.08051861304071162
2017-10-26,0.0870147586935804
2017-10-27,0.08412409510196386
2017-10-30,0.09404859276805555
2017-10-31,0.09458855810899496
2017-11-01,0.0905213440794988
2017-11-02,0.08705170844736115
2017-11-03,0.08415729461371703
2017-11-06,0.0832373654293559
2017-11-07,0.08106944663613098
2017-11-08,0.07976868199067497
2017-11-09,0.07828052611716761
2017-11-10,0.082026871588172
2017-11-13,0.0802872584819463
2017-11-14,0.07851767473957864
2017-11-15,0.07968339189633993
2017-11-16,0.08654767964431084
2017-11-17,0.09681760870023322
2017-11-20,0.09540487191990975
2017-11-21,0.09125880662588078
2017-11-22,0.09482352688334529
2017-11-24,0.09127683666238742
2017-11-27,0.08812658992295791
2017-11-28,0.08543413751863566
2017-11-29,0.10168999437051078
2017-11-30,0.09684701561540576
2017-12-01,0.10511735345689573
2017-12-04,0.10104959520292835
2017-12-05,0.09675392876502117
2017-12-06,0.09651002999853207
2017-12-07,0.09211913639291855
2017-12-08,0.08955206053051135
2017-12-11,0.09104690598563038
2017-12-12,0.08852350575688336
2017-12-13,0.08553264850781543
2017-12-14,0.08307104344797686
2017-12-15,0.0867539121300113
2017-12-18,0.09641826932398898
2017-12-19,0.09837698221484067
2017-12-20,0.09828470109051718
2017-12-21,0.09392893962194891
2017-12-22,0.09018622605959634
2017-12-26,0.08700667193753606
2017-12-27,0.08507630727830102
2017-12-28,0.08249886702698835
2017-12-29,0.08070698466975632
2018-01-02,0.08421098240569919
2018-01-03,0.09108483814478341
2018-01-04,0.09416763748212428
2018-01-05,0.0925778180764289
2018-01-08,0.09613870376267705
2018-01-09,0.09192522850523355
2018-01-10,0.08863553460228303
2018-01-11,0.08676438280444569
2018-01-12,0.09337363444773966
2018-01-16,0.09640567461050797
2018-01-17,0.09589716200748222
2018-01-18,0.10687110551525097
2018-01-19,0.10208714362510055
2018-01-22,0.09957361101308392
2018-01-23,0.10534753443386001
2018-01-24,0.09983749646737125
2018-01-25,0.09515941692324284
2018-01-26,0.09092700373327363
2018-01-29,0.11077598245136543
2018-01-30,0.11462250640376402
2018-01-31,0.1289176549106816
2018-02-01,0.11975436231973648
2018-02-02,0.112544230562443
2018-02-05,0.1802340863264467
2018-02-06,0.3233612555986273
2018-02-07,0.3149469866016989
2018-02-08,0.2868259506314636
2018-02-09,0.35971637283410246
2018-02-12,0.33614121431932664
2018-02-13,0.31533745380562567
2018-02-14,0.2845416858946777
2018-02-15,0.2691777451901367
2018-02-16,0.25475452853600583
2018-02-20,0.23049191758365972
2018-02-21,0.21384793341233266
2018-02-22,0.19775331786877032
2018-02-23,0.18001480407206974
2018-02-26,0.190158833118048
2018-02-27,0.18628979653702063
2018-02-28,0.19026853607152094
2018-03-01,0.18715874503051932
2018-03-02,0.19728113729595623
2018-03-05,0.18166083299462574
2018-03-06,0.17921957739190394
2018-03-07,0.16401677644245752
2018-03-08,0.1505133804873064
2018-03-09,0.14081968293435354
2018-03-12,0.16704278433088107
2018-03-13,0.15355512102769378
2018-03-14,0.14872404571921385
2018-03-15,0.142188306188851
2018-03-16,0.13182866962902456
2018-03-19,0.12226239907512455
2018-03-20,0.14675948944621645
2018-03-21,0.13533813786575868
2018-03-22,0.12653555993771784
2018-03-23,0.20441216172372315
2018-03-26,0.23454731551801883
2018-03-27,0.2703289806031682
2018-03-28,0.2700252275039051
2018-03-29,0.24523764319762512
2018-04-02,0.234574597705872
2018-04-03,0.2572063070223206
2018-04-04,0.2447303905966759
2018-04-05,0.2302395640638147
2018-04-06,0.21347947147211332
2018-04-09,0.24476813325289795
2018-04-10,0.22312272057410593
2018-04-11,0.2237686777525275
2018-04-12,0.20669990281876802
2018-04-13,0.19366861007746689
2018-04-16,0.17803661934344614
2018-04-17,0.1692531247383734
2018-04-18,0.1670718025436985
2018-04-19,0.1529939604874569
2018-04-20,0.14650637037690617
2018-04-23,0.1476621741187134
2018-04-24,0.13616390170432935
2018-04-25,0.15604079573677326
2018-04-26,0.14370614008621369
2018-04-27,0.14519396937013263
2018-04-30,0.13386530383667247
2018-05-01,0.13555588356279552
2018-05-02,0.125624520666238
2018-05-03,0.1265380523505379
2018-05-04,0.11928135574412989
2018-05-07,0.13531671974762116
2018-05-08,0.12631652488466022
2018-05-09,0.11760988763922285
2018-05-10,0.12344943751521313
2018-05-11,0.1270835794529022
2018-05-14,0.11898212731599529
2018-05-15,0.11119097891303814
2018-05-16,0.11564234979788637
2018-05-17,0.11039334330658403
2018-05-18,0.10436579392650198
2018-05-21,0.10096358931337364
2018-05-22,0.10477222451002266
2018-05-23,0.10169499959867012
2018-05-24,0.09716729356105108
2018-05-25,0.09440941517494353
2018-05-29,0.0925870529765327
2018-05-30,0.1190061728048956
2018-05-31,0.13656447911417544
2018-06-01,0.13401980807742728
2018-06-04,0.13661731815776174
2018-06-05,0.1288315627491891
2018-06-06,0.1196615230477409
2018-06-07,0.12154030282542683
2018-06-08,0.11353062185710737
2018-06-11,0.10733570021981229
2018-06-12,0.10124416888033089
2018-06-13,0.09606479005326284
2018-06-14,0.09521692123509791
2018-06-15,0.09155846928849157
2018-06-18,0.0889060121006643
2018-06-19,0.08763748301066948
2018-06-20,0.0897350135205682
2018-06-21,0.08651599911824162
2018-06-22,0.09527096807782244
2018-06-25,0.09119423472778242
2018-06-26,0.1277135199439264
2018-06-27,0.11901297640178528
2018-06-28,0.12566641127445186
2018-06-29,0.1209699515459352
2018-07-02,0.11293951343219748
2018-07-03,0.10630251913167929
2018-07-05,0.10415235445695471
2018-07-06,0.10891726035808619
2018-07-09,0.11339745972066724
2018-07-10,0.11834705346787204
2018-07-11,0.11200331066412135
2018-07-12,0.11746968647414313
2018-07-13,0.12166160431131189
2018-07-16,0.11347204840248107
2018-07-17,0.10701712587726014
2018-07-18,0.1029646476410521
2018-07-19,0.09781060396391307
2018-07-20,0.09769547100701395
2018-07-23,0.09388668663037388
2018-07-24,0.09005011663472101
2018-07-25,0.09061715071124535
2018-07-26,0.0998304768093867
2018-07-27,0.09701610252229514
2018-07-30,0.10456059548727244
2018-07-31,0.1062022431154039
2018-08-01,0.10355424711007115
2018-08-02,0.09929326404613467
2018-08-03,0.09881850916198293
2018-08-06,0.09649229850220621
2018-08-07,0.09375028301222282
2018-08-08,0.09105990723985886
2018-08-09,0.08782193708263111
2018-08-10,0.08591862011598256
2018-08-13,0.09619970472036614
2018-08-14,0.09634653360931528
2018-08-15,0.0984099538138743
2018-08-16,0.10773007666707661
2018-08-17,0.11150286429099043
2018-08-20,0.10613188763088731
2018-08-21,0.10051172880922934
2018-08-22,0.09588065484835584
2018-08-23,0.09195502067634988
2018-08-24,0.08928519058811155
2018-08-27,0.09205918385208044
2018-08-28,0.09902102233931336
2018-08-29,0.09417066326969911
2018-08-30,0.09457544051892817
2018-08-31,0.09566869791953819
2018-09-04,0.09146248708389307
2018-09-05,0.08930739250124566
2018-09-06,0.08891066119555721
2018-09-07,0.08913388399631333
2018-09-10,0.08767265186005394
2018-09-11,0.08481425715767606
2018-09-12,0.08372224859618066
2018-09-13,0.08143761945105481
2018-09-14,0.08576433519277755
2018-09-17,0.08314876089710216
2018-09-18,0.0899241482108576
2018-09-19,0.09128640119798594
2018-09-20,0.08764959567436681
2018-09-21,0.09637926163397517
2018-09-24,0.09259866714444245
2018-09-25,0.09265671163494314
2018-09-26,0.08950646269547721
2018-09-27,0.08958015927255399
2018-09-28,0.08710372676215784
2018-10-01,0.08428345922745309
2018-10-02,0.0835090509727338
2018-10-03,0.08168161840430463
2018-10-04,0.07968524594392883
2018-10-05,0.09576744669662422
2018-10-08,0.10028128815212024
2018-10-09,0.095360708918433
2018-10-10,0.092240655264048
2018-10-11,0.22875738109131086
2018-10-12,0.2546275743952765
2018-10-15,0.24475506777083123
2018-10-16,0.2254228715816274
2018-10-17,0.24379399490847803
2018-10-18,0.2207789175960807
2018-10-19,0.22317752379316302
2018-10-22,0.20266058202510934
2018-10-23,0.187459846966152
2018-10-24,0.17509208808231488
2018-10-25,0.2576919387734777
2018-10-26,0.25696563739979733
2018-10-29,0.26101496964639415
2018-10-30,0.23954139008752048
2018-10-31,0.23435075493480434
2018-11-01,0.22136392561455343
2018-11-02,0.21027965769257065
2018-11-05,0.19591361668972532
2018-11-06,0.18083235458398184
2018-11-07,0.16873013572671242
2018-11-08,0.2018346876900476
2018-11-09,0.18438068464666552
2018-11-12,0.1814741297701282
2018-11-13,0.20806932699645397
2018-11-14,0.1898979406967368
2018-11-15,0.1799305280912519
2018-11-16,0.17522313127925898
2018-11-19,0.16053966068346848
2018-11-20,0.18647801404234113
2018-11-21,0.2109028216779283
2018-11-23,0.19230143363586963
2018-11-26,0.18169714405727347
2018-11-27,0.19208705908232454
2018-11-28,0.1757291563906695
2018-11-29,0.2130757357482106
2018-11-30,0.19449589487293473
2018-12-03,0.18024447693520987
2018-12-04,0.18238943710187774
2018-12-06,0.27257736367358576
2018-12-07,0.2467609423761046
2018-12-10,0.27222976493826356
2018-12-11,0.2460807477294931
2018-12-12,0.22280152287921917
2018-12-13,0.2038875787163179
2018-12-14,0.18556187112044947
2018-12-17,0.21009174629832292
2018-12-18,0.2320783473181113
2018-12-19,0.21071625401929428
2018-12-20,0.21682918337065368
2018-12-21,0.22562386672605553
2018-12-24,0.24663324894862582
2018-12-26,0.28459184054876885
2018-12-27,0.4022921790553911
2018-12-28,0.36450375838948956
2018-12-31,0.3284621330102537
2019-01-02,0.3002873888567514
2019-01-03,0.2709506322355683
2019-01-04,0.2923361733010931
2019-01-07,0.33420546407511764
2019-01-08,0.30447148886711617
2019-01-09,0.27999708225155145
2019-01-10,0.2540680987737024
2019-01-11,0.2304902994784547
2019-01-14,0.2089638342290653
2019-01-15,0.19503754523886335
2019-01-16,0.1899570379824108
2019-01-17,0.17340733073914677
2019-01-18,0.16425121960736838
2019-01-22,0.17002638460574868
2019-01-23,0.18090847163523707
2019-01-24,0.16533963482703537
2019-01-25,0.1514868292167065
2019-01-28,0.14752865164200382
2019-01-29,0.14628903834314733
2019-01-30,0.13553141276719047
2019-01-31,0.15734210138854798
2019-02-01,0.1530286776255824
2019-02-04,0.14071819277369224
2019-02-05,0.13580641777620323
2019-02-06,0.12749692541873683
2019-02-07,0.11930939893734241
2019-02-08,0.1298329684577632
2019-02-11,0.12054918774811985
2019-02-12,0.11252915044428362
2019-02-13,0.1302662224745657
2019-02-14,0.12186548814016156
2019-02-15,0.1153229283738175
2019-02-19,0.12548006720299137
2019-02-20,0.11689992735195197
2019-02-21,0.10963150986405078
2019-02-22,0.10693026871859593
2019-02-25,0.10645727286925603
2019-02-26,0.10050281024764068
2019-02-27,0.09591516739575012
2019-02-28,0.09188500604090366
2019-03-01,0.08982388859899212
2019-03-04,0.09299931944778046
2019-03-05,0.0935780576298461
2019-03-06,0.09066163162844995
2019-03-07,0.0976951137319511
2019-03-08,0.11019660534813819
2019-03-11,0.10522231722903638
2019-03-12,0.13181969031409702
2019-03-13,0.12365942119051862
2019-03-14,0.12091264627138426
2019-03-15,0.11322514845801133
2019-03-18,0.1093827237257783
2019-03-19,0.10445646859057517
2019-03-20,0.09882120738869356
2019-03-21,0.09715571452735418
2019-03-22,0.1138947111911925
2019-03-25,0.16791065669463484
2019-03-26,0.15406692933761199
2019-03-27,0.14771592319129817
2019-03-28,0.14151299869064948
2019-03-29,0.13200083857302541
2019-04-01,0.12724142418084058
2019-04-02,0.13740402239254765
2019-04-03,0.12710856334950238
2019-04-04,0.11826104570966454
2019-04-05,0.11114565734947353
2019-04-08,0.10750326860606668
2019-04-09,0.10134117408099327
2019-04-10,0.10342897354638032
2019-04-11,0.09923092123098676
2019-04-12,0.09459189178191696
2019-04-15,0.09794840805537164
2019-04-16,0.09372838088371298
2019-04-17,0.08969304062644658
2019-04-18,0.08883869033549818
2019-04-22,0.08589366578422254
2019-04-23,0.08314482189262647
2019-04-24,0.09602989408582033
2019-04-25,0.09369201382737631
2019-04-26,0.09013933461866648
2019-04-29,0.09001539979047868
2019-04-30,0.08669848487774162
2019-05-01,0.08384036827498581
2019-05-02,0.0975034824577981
2019-05-03,0.09482727170244337
2019-05-06,0.10695480311178715
2019-05-07,0.10575183880950317
2019-05-08,0.15079366296144822
2019-05-09,0.13948033736723345
2019-05-10,0.13124967990981656
2019-05-13,0.12462570756149936
2019-05-14,0.2041825962732595
2019-05-15,0.19284469704209786
2019-05-16,0.17853719125971718
2019-05-17,0.17161389181744563
2019-05-20,0.1638187913313961
2019-05-21,0.1575626044096648
2019-05-22,0.15370397260797933
2019-05-23,0.14349307279863732
2019-05-24,0.15675672374410535
2019-05-28,0.14424337687516098
2019-05-29,0.14811113532168912
2019-05-30,0.1447468940280767
2019-05-31,0.13401505389030038
2019-06-03,0.1545702880060232
2019-06-04,0.14368935886543566
2019-06-05,0.18692696952314009
2019-06-06,0.17754528735899497
2019-06-07,0.1661388918317575
2019-06-10,0.1629300530990732
2019-06-11,0.15125419918065702
2019-06-12,0.13932282075488497
2019-06-13,0.1298327697268998
2019-06-14,0.1223250419222875
2019-06-17,0.11472227954636156
2019-06-18,0.1075504012886501
2019-06-19,0.11839251362360546
2019-06-20,0.11102489415355903
2019-06-21,0.11811711476623142
2019-06-24,0.1113960549518341
2019-06-25,0.10549522175728718
2019-06-26,0.120836589106588
2019-06-27,0.11337460483469856
2019-06-28,0.1077386133787294
2019-07-01,0.10516966519240337
2019-07-02,0.11229733753351293
2019-07-03,0.10602757101678545
2019-07-05,0.10993034413780954
2019-07-08,0.1041840242503405
2019-07-09,0.10655653449870138
2019-07-10,0.10056598736422238
2019-07-11,0.09868160919442534
2019-07-12,0.09434076177459387
2019-07-15,0.09311890560151026
2019-07-16,0.0892336028222226
2019-07-17,0.08978348197476765
2019-07-18,0.0993255609697021
2019-07-19,0.0960897777956336
2019-07-22,0.10041908107135422
2019-07-23,0.0958764224677931
2019-07-24,0.09989900843945752
2019-07-25,0.09800960653229958
2019-07-26,0.09999177522856872
2019-07-29,0.10201148311298178
2019-07-30,0.09816473742284877
2019-07-31,0.09577350965242337
2019-08-01,0.11867302876289222
2019-08-02,0.12670551458105606
2019-08-05,0.12947770316102156
2019-08-06,0.2337713951454231
2019-08-07,0.22773701767134816
2019-08-08,0.20651053693180924
2019-08-09,0.22212537449902917
2019-08-12,0.2074231328351327
2019-08-13,0.20625826807742098
2019-08-14,0.20938567454959336
2019-08-15,0.2739970205860772
2019-08-16,0.24782519967914182
2019-08-19,0.2410239492447446
2019-08-20,0.22957123570711657
2019-08-21,0.21515867700888633
2019-08-22,0.20079710579854904
2019-08-23,0.1828270160228164
2019-08-26,0.2393833042760483
2019-08-27,0.2263201098926772
2019-08-28,0.20750608597837314
2019-08-29,0.192681836722021
2019-08-30,0.1911424764543692
2019-09-03,0.17435615359240625
2019-09-04,0.16505231114547667
2019-09-05,0.1652815311203297
2019-09-06,0.16951876517575593
2019-09-09,0.1551400763294579
2019-09-10,0.14256084750434803
2019-09-11,0.13175239995516808
2019-09-12,0.12852856925973952
2019-09-13,0.12055751750847289
2019-09-16,0.1129335195867257
2019-09-17,0.10892472319938097
2019-09-18,0.10311404634758332
2019-09-19,0.09762047597495359
2019-09-20,0.09314222847354137
2019-09-23,0.09605804347103154
2019-09-24,0.0919028674509972
2019-09-25,0.1042937475171296
2019-09-26,0.10375643208010753
2019-09-27,0.0999230991179396
2019-09-30,0.10295636770504979
2019-10-01,0.1004229053897406
2019-10-02,0.12564791590502067
2019-10-03,0.1670120353038047
2019-10-04,0.15991883701015164
2019-10-07,0.16734561115945962
2019-10-08,0.15675198969145368
2019-10-09,0.17839677401864223
2019-10-10,0.17196584888295752
2019-10-11,0.16173463846004393
2019-10-14,0.16017664445336577
2019-10-15,0.14748285545307074
2019-10-16,0.14754183344733035
2019-10-17,0.1368110072428423
2019-10-18,0.1272818120363631
2019-10-21,0.12295084547857892
2019-10-22,0.12064523638785073
2019-10-23,0.11562943057177184
2019-10-24,0.10908380768416871
2019-10-25,0.10281048514151152
2019-10-28,0.09952743524492402
2019-10-29,0.09936943525364594
2019-10-30,0.09471824997304751
2019-10-31,0.09161837497714061
2019-11-01,0.09073516873889712
2019-11-04,0.10229096050046381
2019-11-05,0.09899554698148756
2019-11-06,0.09494369302822357
2019-11-07,0.09079143066283867
2019-11-08,0.08887059247695647
2019-11-11,0.08624206439248967
2019-11-12,0.08527325007070449
2019-11-13,0.0830215274173686
2019-11-14,0.08083629194778479
2019-11-15,0.07906287855707671
2019-11-18,0.08753052619483093
2019-11-19,0.08450756511883883
2019-11-20,0.08231538513134687
2019-11-21,0.08533922344213234
2019-11-22,0.08416015182444717
2019-11-25,0.0821800619975709
2019-11-26,0.0913285017297637
2019-11-27,0.08814020226560812
2019-11-29,0.08807229519999053
2019-12-02,0.08981550716905619
2019-12-03,0.10514482804742924
2019-12-04,0.11049465159752299
2019-12-05,0.10928254990466241
2019-12-06,0.10303618208997421
2019-12-09,0.11086378407295382
2019-12-10,0.10728715773265851
2019-12-11,0.10192928113782801
2019-12-12,0.09743551181617353
2019-12-13,0.10514657178335543
2019-12-16,0.09934646436825545
2019-12-17,0.10190527154071523
2019-12-18,0.09666560290316165
2019-12-19,0.09229051815496635
2019-12-20,0.09087587603409887
2019-12-23,0.09015961172000103
2019-12-24,0.08680555043027773
2019-12-26,0.08406323150848867
2019-12-27,0.08646691377979963
2019-12-30,0.08391197684331038
2019-12-31,0.09111085320675791
2020-01-02,0.08807247083100882
2020-01-03,0.10070276894690042
2020-01-06,0.10974889508846647
2020-01-07,0.10497530115285916
2020-01-08,0.10190997800328931
2020-01-09,0.10072037009135797
2020-01-10,0.10277189415990383
2020-01-13,0.10018898043128044
2020-01-14,0.10258265326785015
2020-01-15,0.09833076897726443
2020-01-16,0.0939928733202145
2020-01-17,0.10169477125201085
2020-01-21,0.09748143331533025
2020-01-22,0.09455738924099612
2020-01-23,0.09049951747818451
2020-01-24,0.08700155295795212
2020-01-27,0.10473690508179236
2020-01-28,0.1469768426559643
2020-01-29,0.14860613101436676
2020-01-30,0.1372549081560611
2020-01-31,0.12787727381500066
2020-02-03,0.17065547517000362
2020-02-04,0.16165736569955033
2020-02-05,0.17407444587310475
2020-02-06,0.17304209097539894
2020-02-07,0.15904555525197667
2020-02-10,0.15122141266964198
2020-02-11,0.14535557426406584
2020-02-12,0.1341242476855953
2020-02-13,0.12925003906875437
2020-02-14,0.1206419105469505
2020-02-18,0.1126969615317867
2020-02-19,0.10801602072890595
2020-02-20,0.1048201103832275
2020-02-21,0.10400690049811351
2020-02-24,0.12162950204361457
2020-02-25,0.24831987278733383
2020-02-26,0.3021893743768824
2020-02-27,0.27417304280998933
2020-02-28,0.3882783650205482
2020-03-02,0.3508836314141034
2020-03-03,0.4127303074082872
2020-03-04,0.4174818622365526
2020-03-05,0.4553711503012792
2020-03-06,0.4653541928219939
2020-03-09,0.43294719997290526
2020-03-10,0.6535092397805727
2020-03-11,0.6666726090620755
2020-03-12,0.6807359518008116
2020-03-13,0.8905139914411186
2020-03-16,0.9523425789328032
2020-03-17,1.1338756454761671
2020-03-18,1.0690632667506594
2020-03-19,1.016252595583027
2020-03-20,0.9113508126657118
2020-03-23,0.8662337141480996
2020-03-24,0.7955301701725034
2020-03-25,0.9002227128136153
2020-03-26,0.812346459136531
2020-03-27,0.8115323681542402
2020-03-30,0.7545820164272911
2020-03-31,0.7055734864591752
2020-04-01,0.641180839463591
2020-04-02,0.6488116194292002
2020-04-03,0.5989931797589139
2020-04-06,0.5466738142954541
2020-04-07,0.6395816382609034
2020-04-08,0.5740590577768758
2020-04-09,0.5549076626593044
2020-04-13,0.5065606737407081
2020-04-14,0.4595480862882704
2020-04-15,0.45068566270006477
2020-04-16,0.4294990734821483
2020-04-17,0.387031151558331
2020-04-20,0.3853503744648581
2020-04-21,0.36662032663064487
2020-04-22,0.3871818332548994
2020-04-23,0.3736002218725902
2020-04-24,0.33634529829062026
2020-04-27,0.31423808957613447
2020-04-28,0.29614993376082865
2020-04-29,0.2695277174687936
2020-04-30,0.29127269613003637
2020-05-01,0.27088048440379375
2020-05-04,0.3019741801269692
2020-05-05,0.2727221728404511
2020-05-06,0.25213723458980963
2020-05-07,0.23331456986242777
2020-05-08,0.22312211151814176
2020-05-11,0.22552655013696846
2020-05-12,0.20458726703838098
2020-05-13,0.2292823337710346
2020-05-14,0.23973045721252392
2020-05-15,0.22832504774546322
2020-05-18,0.20840013368741997
2020-05-19,0.26566557560685555
2020-05-20,0.2505352232994029
2020-05-21,0.24870005764900754
2020-05-22,0.2305047475349164
2020-05-26,0.2090639653214015
2020-05-27,0.2034646702165533
2020-05-28,0.20530753002450464
2020-05-29,0.18745253710406165
2020-06-01,0.17245043266114005
2020-06-02,0.15902310895892585
2020-06-03,0.1534088808910771
2020-06-04,0.16168089515420467
2020-06-05,0.1499208734638676
2020-06-08,0.2084793321852484
2020-06-09,0.2024585904217867
2020-06-10,0.19168198754750176
2020-06-11,0.1794203339156644
2020-06-12,0.41820038894230094
2020-06-15,0.3826882028176445
2020-06-16,0.3486065540530149
2020-06-17,0.33488162853737496
2020-06-18,0.3034552337462976
2020-06-19,0.2737836885467504
2020-06-22,0.25091408433997053
2020-06-23,0.22980696449661248
2020-06-24,0.2097088680735184
2020-06-25,0.25569048760185675
2020-06-26,0.23965064953501936
2020-06-29,0.2690578435465355
2020-06-30,0.2585411635588811
2020-07-01,0.24584353967511605
2020-07-02,0.22598124769546574
2020-07-06,0.2070876792095125
2020-07-07,0.209722775695292
2020-07-08,0.20358505940322047
2020-07-09,0.19013216596887425
2020-07-10,0.17826016878756998
2020-07-13,0.17335080137614986
2020-07-14,0.1698249919827961
2020-07-15,0.1733768773732664
2020-07-16,0.16716003533372562
2020-07-17,0.15534273599419948
2020-07-20,0.1433203650540989
2020-07-21,0.1400132034581801
2020-07-22,0.12961328851320378
2020-07-23,0.12422965882431765
2020-07-24,0.1418525878828127
2020-07-27,0.1390273103095988
2020-07-28,0.13488697932843857
2020-07-29,0.1331231839759436
2020-07-30,0.1431983153099744
2020-07-31,0.13511017466260333
2020-08-03,0.13290663910780645
2020-08-04,0.12917160629420077
2020-08-05,0.12148440994158784
2020-08-06,0.11835527123789909
2020-08-07,0.11670218768087445
2020-08-10,0.10921057228668124
2020-08-11,0.10369969306815412
2020-08-12,0.11415127139417543
2020-08-13,0.13547243553806604
2020-08-14,0.12655400406215547
2020-08-17,0.11780623794599752
2020-08-18,0.1111539000793825
2020-08-19,0.1047909553220567
2020-08-20,0.10409159988606673
2020-08-21,0.0994937778808204
2020-08-24,0.09609749201718362
2020-08-25,0.10902830250197022
2020-08-26,0.10402449107005504
2020-08-27,0.11437433994509857
2020-08-28,0.10755182643401187
2020-08-31,0.10749451496555698
2020-09-01,0.10528861880353729
2020-09-02,0.11340522686053374
2020-09-03,0.13701356482136992
2020-09-04,0.26186910411474956
2020-09-08,0.2437312662536054
2020-09-09,0.28630479414339266
2020-09-10,0.2848042054110524
2020-09-11,0.2826640530526051
2020-09-14,0.25527584574150614
2020-09-15,0.24380905847975137
2020-09-16,0.22237148291669911
2020-09-17,0.20409163594217078
2020-09-18,0.19562133130694748
2020-09-21,0.19500097719567508
2020-09-22,0.19350355128300753
2020-09-23,0.18596328928435907
2020-09-24,0.22996980406674955
2020-09-25,0.20880478158330407
2020-09-28,0.21313631903906283
2020-09-29,0.21781360978125372
2020-09-30,0.20178277782498988
2020-10-01,0.1884856158742262
2020-10-02,0.17544559993001319
2020-10-05,0.17353112039137947
2020-10-06,0.1913150908175177
2020-10-07,0.19942624175179718
2020-10-08,0.20958282103768763
2020-10-09,0.1971424450063903
2020-10-12,0.18666914610803503
2020-10-13,0.19570119196535718
2020-10-14,0.18433529893325246
2020-10-15,0.17425629506882337
2020-10-16,0.15985419156463995
2020-10-19,0.1469601919521379
2020-10-20,0.17029813636141794
2020-10-21,0.15711937175854532
2020-10-22,0.14533332950579
2020-10-23,0.1372048905515867
2020-10-26,0.12795172186669013
2020-10-27,0.17220913898916276
2020-10-28,0.15987852567032665
2020-10-29,0.2707697530098166
2020-10-30,0.2517524186007877
2020-11-02,0.239015610084778
2020-11-03,0.2262812257181816
2020-11-04,0.23116702659342764
2020-11-05,0.24970786786745824
2020-11-06,0.2549391480346717
2020-11-09,0.23073080783973307
2020-11-10,0.22198784989784504
2020-11-11,0.20195474504232352
2020-11-12,0.1884146654856914
2020-11-13,0.18461206379106296
2020-11-16,0.1875049087323467
2020-11-17,0.18622734802924237
2020-11-18,0.1744449709675791
2020-11-19,0.17966169520194794
2020-11-20,0.16544630621742787
2020-11-23,0.1593838134335822
2020-11-24,0.14988475529879783
2020-11-25,0.1684862729225052
2020-11-27,0.1549864399505926
2020-11-30,0.14294575586847102
2020-12-01,0.13615595229532795
2020-12-02,0.14137113042776242
2020-12-03,0.1307825371679294
2020-12-04,0.1215572766236782
2020-12-07,0.1236844120059696
2020-12-08,0.1166977026852042
2020-12-09,0.11000647284175029
2020-12-10,0.12112533069634221
2020-12-11,0.11325774973366665
2020-12-14,0.10703499271253278
2020-12-15,0.10653645166932538
2020-12-16,0.12871324389434383
2020-12-17,0.11964586782926982
2020-12-18,0.1157529201687296
2020-12-21,0.1127290463841846
2020-12-22,0.10951856382273965
2020-12-23,0.10432092523186878
2020-12-24,0.09863285549888448
2020-12-28,0.09579978875217393
2020-12-29,0.10384872146040394
2020-12-30,0.09979637679741366
2020-12-31,0.0948698316893583
2021-01-04,0.0945732944306602
2021-01-05,0.1296789440723233
2021-01-06,0.12638313366857834
2021-01-07,0.12200191389613507
2021-01-08,0.14433392101769962
2021-01-11,0.13665345977360022
2021-01-12,0.1354610874955392
2021-01-13,0.12546723308088245
2021-01-14,0.11734513509367359
2021-01-15,0.11322899223098754
2021-01-19,0.11834726761115143
2021-01-20,0.11926069090245647
2021-01-21,0.13857160251996703
2021-01-22,0.12810308120763184
2021-01-25,0.12229159458806803
2021-01-26,0.1157113592069346
2021-01-27,0.10944396923573697
2021-01-28,0.19323206413933589
2021-01-29,0.18278075927019546
2021-02-01,0.21433661568031115
2021-02-02,0.21886034415641403
2021-02-03,0.21579668939867058
2021-02-04,0.19593485299838348
2021-02-05,0.1904861414577567
2021-02-08,0.17469630126679644
2021-02-09,0.1647602303922051
2021-02-10,0.15127427101039412
2021-02-11,0.13940741519393152
2021-02-12,0.1289221733144922
2021-02-16,0.12254493753245117
2021-02-17,0.11475485374457631
2021-02-18,0.10760927035107148
2021-02-19,0.10655672768757728
2021-02-22,0.10191056802859982
2021-02-23,0.11101809829959834
2021-02-24,0.10436559501209267
2021-02-25,0.11794531164773046
2021-02-26,0.19534006521300182
2021-03-01,0.18196253666416845
2021-03-02,0.22220171671232017
2021-03-03,0.20909010194730507
2021-03-04,0.21049817125687942
2021-03-05,0.20927076496306482
2021-03-08,0.22022362987569194
2021-03-09,0.20330091870629177
2021-03-10,0.20356395158024798
2021-03-11,0.18826219471818842
2021-03-12,0.18149765521878797
2021-03-15,0.16569751493355034
2021-03-16,0.15524589891565
2021-03-17,0.14327093085044898
2021-03-18,0.13319625403758115
2021-03-19,0.1582620914907517
2021-03-22,0.14629323175838632
2021-03-23,0.14226431540519652
2021-03-24,0.1427120349186948
2021-03-25,0.13706534321679756
2021-03-26,0.13039681669090664
2021-03-29,0.15492522118904548
2021-03-30,0.14261758515697504
2021-03-31,0.13350893817110568
2021-04-01,0.12538633384907552
2021-04-05,0.13271084369392425
2021-04-06,0.14989630986641847
2021-04-07,0.13826897492217327
2021-04-08,0.12785492468818957
2021-04-09,0.12138641707539964
2021-04-12,0.12038715761174419
2021-04-13,0.11241639346382157
2021-04-14,0.10639545355636834
2021-04-15,0.10403154082567602
2021-04-16,0.11675674737828187
2021-04-19,0.11040756815624311
2021-04-20,0.11017024335524453
2021-04-21,0.11608928092123219
2021-04-22,0.12170088613605663
2021-04-23,0.13031622267067766
2021-04-26,0.1365987834026371
2021-04-27,0.12663710710487416
2021-04-28,0.11795764040502611
2021-04-29,0.11052291661869929
2021-04-30,0.10971164921228378
2021-05-03,0.11363698316115128
2021-05-04,0.10690715535487598
2021-05-05,0.11039380420094981
2021-05-06,0.1038615510033165
2021-05-07,0.10823114109504102
2021-05-10,0.10986820217806183
2021-05-11,0.12426273190999229
2021-05-12,0.1315991554595827
2021-05-13,0.1877036186555546
2021-05-14,0.18523229254269663
2021-05-17,0.19235852910429274
2021-05-18,0.1765693603053558
2021-05-19,0.17236889788951668
2021-05-20,0.15919371720741285
2021-05-21,0.15908031909543596
2021-05-24,0.146377448902909
2021-05-25,0.14739443237462857
2021-05-26,0.13718807109730616
2021-05-27,0.12710833279214906
2021-05-28,0.11818740114434718
2021-06-01,0.11064663995816121
2021-06-02,0.10460525160828779
2021-06-03,0.09898249003363162
2021-06-04,0.09852279476504189
2021-06-07,0.10755325366343586
2021-06-08,0.10204415977259945
2021-06-09,0.09678475910511783
2021-06-10,0.09345732564763641
2021-06-11,0.09267976861483306
2021-06-14,0.08895423169579249
2021-06-15,0.08615013061291128
2021-06-16,0.0851002628518214
2021-06-17,0.09219240531458217
2021-06-18,0.08871637772826739
2021-06-21,0.12572056987316618
2021-06-22,0.14483708819553026
2021-06-23,0.13659440274722287
2021-06-24,0.12706323887053841
2021-06-25,0.12246268285586805
2021-06-28,0.11545755163748543
2021-06-29,0.10839693150517873
2021-06-30,0.10212042318355061
2021-07-01,0.0967649705512234
2021-07-02,0.096955900237656
2021-07-06,0.10201931123963659
2021-07-07,0.0981713251606863
2021-07-08,0.09498338027961983
2021-07-09,0.10751727295976764
2021-07-12,0.1190414420920127
2021-07-13,0.1125760490022954
2021-07-14,0.10912081316243322
2021-07-15,0.10280176079980452
2021-07-16,0.10108797325087386
2021-07-19,0.11090063454751445
2021-07-20,0.14476808238376024
2021-07-21,0.15852923539640693
2021-07-22,0.15264148804433234
2021-07-23,0.14058650338211465
2021-07-26,0.14304210505560833
2021-07-27,0.13238851458139195
2021-07-28,0.12751854410265806
2021-07-29,0.11879525604518576
2021-07-30,0.11298188389345379
2021-08-02,0.11212788310218123
2021-08-03,0.10695702498940148
2021-08-04,0.11102031523513797
2021-08-05,0.11067647552905131
2021-08-06,0.10975392249378323
2021-08-09,0.10338751725821256
2021-08-10,0.09841254915245402
2021-08-11,0.09366271363160844
2021-08-12,0.09023711243913114
2021-08-13,0.08783894585979492
2021-08-16,0.08498886895400554
2021-08-17,0.08295466469085726
2021-08-18,0.09361253444569974
2021-08-19,0.1172984627851644
2021-08-20,0.10981095604418775
2021-08-23,0.11277691776839892
2021-08-24,0.11729614763269916
2021-08-25,0.10981941990321958
2021-08-26,0.10362374857356454
2021-08-27,0.10714822478564191
2021-08-30,0.11339083127249988
2021-08-31,0.10875001835771357
2021-09-01,0.10347745593092106
2021-09-02,0.09793662963664614
2021-09-03,0.09430533228139582
2021-09-07,0.0904369313624461
2021-09-08,0.09141509316788483
2021-09-09,0.08873204702304352
2021-09-10,0.0915830250626267
2021-09-13,0.10419951454705578
2021-09-14,0.09913326980447311
2021-09-15,0.10236475402395338
2021-09-16,0.10808692705601369
2021-09-17,0.10301585574920416
2021-09-20,0.11885839121338729
2021-09-21,0.15832121007213093
2021-09-22,0.1457758817607502
2021-09-23,0.14581248802333227
2021-09-24,0.1523587331497085
2021-09-27,0.14020710046752552
2021-09-28,0.13167558800541584
2021-09-29,0.18238794747914905
2021-09-30,0.16653582805783593
2021-10-01,0.17411037883976807
2021-10-04,0.17391544954253346
2021-10-05,0.18188865542733246
2021-10-06,0.1767707486638795
2021-10-07,0.16288107361966117
2021-10-08,0.15734089379373606
2021-10-11,0.14547315224919555
2021-10-12,0.14377249245038604
2021-10-13,0.13430178632116654
2021-10-14,0.12562695232872853
2021-10-15,0.15459384989019245
2021-10-18,0.14845187647193572
2021-10-19,0.13736729483870366
2021-10-20,0.13436126123655723
2021-10-21,0.12598856569175743
2021-10-22,0.11774027813528248
2021-10-25,0.11075374623604294
2021-10-26,0.10801517478095801
2021-10-27,0.10177663138600038
2021-10-28,0.1022136830038306
2021-10-29,0.11184385728117817
2021-11-01,0.10531591747657551
2021-11-02,0.0996342538802176
2021-11-03,0.09682861684824517
2021-11-04,0.09817947237502818
2021-11-05,0.09662468273366843
2021-11-08,0.09362670958640966
2021-11-09,0.08959948209686304
2021-11-10,0.09022519388117115
2021-11-11,0.1038064392587296
2021-11-12,0.09825200728983713
2021-11-15,0.10275501207858372
2021-11-16,0.09735616243931632
2021-11-17,0.09483461210836296
2021-11-18,0.09300271319240895
2021-11-19,0.0905479637912205
2021-11-22,0.08863495112853022
2021-11-23,0.08857509860454167
2021-11-24,0.08542940550028719
2021-11-26,0.08357328059599022
2021-11-29,0.17015020634389333
2021-11-30,0.17174302012084142
2021-12-01,0.204508845563584
2021-12-02,0.2011781422862928
2021-12-03,0.20470847550528123
2021-12-06,0.19594742351403932
2021-12-07,0.1915745559557412
2021-12-08,0.21492180168210853
2021-12-09,0.19549875537833147
2021-12-10,0.1845403598417685
2021-12-13,0.17693455703397046
2021-12-14,0.17322553516764436
2021-12-15,0.1659516650895759
2021-12-16,0.1785448964480818
2021-12-17,0.174455877689177
2021-12-20,0.17570884851107368
2021-12-21,0.176683000529807
2021-12-22,0.19370924299898876
2021-12-23,0.1857647173906398
2021-12-27,0.17284570497850715
2021-12-28,0.1791744758412703
2021-12-29,0.16396756692052072
2021-12-30,0.15029626553966113
2021-12-31,0.14022697509851398
2022-01-03,0.1313172250350476
2022-01-04,0.12581308057707413
2022-01-05,0.11729384781804202
2022-01-06,0.16956025714413453
2022-01-07,0.1555944643314985
2022-01-10,0.14620373918462112
2022-01-11,0.13540437506111339
2022-01-12,0.13591360914064424
2022-01-13,0.1263510908099824
2022-01-14,0.15051538461465885
2022-01-18,0.13853243728207998
2022-01-19,0.17520637323244237
2022-01-20,0.17561367557524785
2022-01-21,0.1777969749786061
2022-01-24,0.209332766713928
2022-01-25,0.19144943413496698
2022-01-26,0.1935547667705863
2022-01-27,0.17758860520700293
2022-01-28,0.1664005891040974
2022-01-31,0.2147757374742121
2022-02-01,0.2232522113073487
2022-02-02,0.20599743101446522
2022-02-03,0.19556895393041657
2022-02-04,0.23763999709677527
2022-02-07,0.21667772740236013
2022-02-08,0.1984169189770431
2022-02-09,0.18658129559981307
2022-02-10,0.1912924278618132
2022-02-11,0.21230868430624936
2022-02-14,0.23406365421249636
2022-02-15,0.2137371166728504
2022-02-16,0.21691509216401691
2022-02-17,0.1969317011347065
2022-02-18,0.2295408866821121
2022-02-22,0.21332298115062923
2022-02-23,0.20751859506681813
2022-02-24,0.22341953422151034
2022-02-25,0.2217762978944071
2022-02-28,0.24177894300017527
2022-03-01,0.2200301010041473
2022-03-02,0.22489021484358782
2022-03-03,0.23225893238679157
2022-03-04,0.21378775970727118
2022-03-07,0.20249981444777856
2022-03-08,0.269381154824469
2022-03-09,0.24938014871926262
2022-03-10,0.2787745763210811
2022-03-11,0.2541355745509199
2022-03-14,0.24588237746026814
2022-03-15,0.22864477312987383
2022-03-16,0.24661389929868355
2022-03-17,0.2607409056167716
2022-03-18,0.2471314558971785
2022-03-21,0.23272766665856642
2022-03-22,0.211051095087531
2022-03-23,0.20374983431939916
2022-03-24,0.20521494801748172
2022-03-25,0.2072351260977013
2022-03-28,0.19011311938309472
2022-03-29,0.17778480241691932
2022-03-30,0.1781153995742405
2022-03-31,0.1687938274104955
2022-04-01,0.18652634676798532
2022-04-04,0.17056566437175297
2022-04-05,0.16359913871434925
2022-04-06,0.17316800015767
2022-04-07,0.17296928980940626
2022-04-08,0.16040848931760437
2022-04-11,0.1488649004016602
2022-04-12,0.17927224535032835
2022-04-13,0.1662784020398632
2022-04-14,0.1665278640504576
2022-04-18,0.17482525455325904
2022-04-19,0.15982352826894222
2022-04-20,0.17577104954399106
2022-04-21,0.1609504731879956
2022-04-22,0.1792468249300134
2022-04-25,0.24564699346859975
2022-04-26,0.22460599708924572
2022-04-27,0.2807494859470703
2022-04-28,0.2538738930904622
2022-04-29,0.2765201833537182
2022-05-02,0.350588529712068
2022-05-03,0.3174805466393914
2022-05-04,0.28724724469985
2022-05-05,0.31929902643664193
2022-05-06,0.3726432620685015
2022-05-09,0.3382687908993884
2022-05-10,0.37201321031705586
2022-05-11,0.3350085332669536
2022-05-12,0.3205187754955
2022-05-13,0.28921685478626713
2022-05-16,0.2989244799128532
2022-05-17,0.27155377017329774
2022-05-18,0.2752507995117166
2022-05-19,0.3658130746053708
2022-05-20,0.33236003258058977
2022-05-23,0.29952753518500064
2022-05-24,0.29295619915496834
2022-05-25,0.2699529466069456
2022-05-26,0.24919732200132194
2022-05-27,0.25594190812827977
2022-05-31,0.275619526325781
2022-06-01,0.2524131170619983
2022-06-02,0.2354626525480578
2022-06-03,0.24242892891707565
2022-06-06,0.24605072144634357
2022-06-07,0.2231806984658539
2022-06-08,0.20996201238235254
2022-06-09,0.2050781954371638
2022-06-10,0.24516950970823795
2022-06-13,0.29439298158420046
2022-06-14,0.3666873967683101
2022-06-15,0.3310480255232799
2022-06-16,0.31022942209324483
2022-06-17,0.3562001661773595
2022-06-21,0.3208805117193009
2022-06-22,0.32746266741416985
2022-06-23,0.29564065206596085
2022-06-24,0.27281633264243843
2022-06-27,0.3140452927432694
2022-06-28,0.2847674163719831
2022-06-29,0.2914990685699252
2022-06-30,0.2633400287953844
2022-07-01,0.24493991457159
2022-07-05,0.23020957499118963
2022-07-06,0.2088004591082812
2022-07-07,0.1904333836873279
2022-07-08,0.19529214665229083
2022-07-11,0.17813969943870087
2022-07-12,0.18079311359096603
2022-07-13,0.17637519107342992
2022-07-14,0.16582365259127116
2022-07-15,0.15333406975489305
2022-07-18,0.18224625475644438
2022-07-19,0.17627215937566898
2022-07-20,0.2305365585515053
2022-07-21,0.2119257684992325
2022-07-22,0.20144580522374433
2022-07-25,0.1944232400255494
2022-07-26,0.17706971093514579
2022-07-27,0.18111665349862374
2022-07-28,0.2289517047924289
2022-07-29,0.22045429772193198
2022-08-01,0.21818206255811326
2022-08-02,0.19953624599716444
2022-08-03,0.18772462095609613
2022-08-04,0.19520179160128895
2022-08-05,0.17800625722111418
2022-08-08,0.163401684299315
2022-08-09,0.15032291673910977
2022-08-10,0.14172929025844458
2022-08-11,0.18262842456941597
2022-08-12,0.16674934263572155
2022-08-15,0.1835598751752814
2022-08-16,0.16877704683623068
2022-08-17,0.1546515329812838
2022-08-18,0.1509619001145093
2022-08-19,0.13951432851125495
2022-08-22,0.15828955128944813
2022-08-23,0.20166350467085586
2022-08-24,0.184627660112206
2022-08-25,0.1690899990188169
2022-08-26,0.17616847058721435
2022-08-29,0.276992330372119
2022-08-30,0.25474582647095595
2022-08-31,0.24264310358905913
2022-09-01,0.2263039883085741
2022-09-02,0.20575445374270415
2022-09-06,0.2008431663406122
2022-09-07,0.18509404669772148
2022-09-08,0.2006137636369887
2022-09-09,0.1860761765933151
2022-09-12,0.1935534833808171
2022-09-13,0.18717190277818221
2022-09-14,0.33600440727957975
2022-09-15,0.3033556811037513
2022-09-16,0.28467447624378445
2022-09-19,0.262734162100775
2022-09-20,0.2415834343765851
2022-09-21,0.23265910913171955
2022-09-22,0.24155578607052194
2022-09-23,0.22664672227671598
2022-09-26,0.234725239609364
2022-09-27,0.22358428839079156
2022-09-28,0.2039875415420731
2022-09-29,0.22043433945508942
2022-09-30,0.24432157566691307
2022-10-03,0.24484948461322864
2022-10-04,0.27402361968309613
2022-10-05,0.31182354280631785
2022-10-06,0.2819507768326699
2022-10-07,0.26452182713927586
2022-10-10,0.30305114995888005
2022-10-11,0.27876240493565757
2022-10-12,0.25596314324702885
2022-10-13,0.2330506634579523
2022-10-14,0.2655922052147582
2022-10-17,0.2845283148835621
2022-10-18,0.30094264014219424
2022-10-19,0.2802170583415122
2022-10-20,0.25814620313835496
2022-10-21,0.24086567523825506
2022-10-24,0.26361100901738377
2022-10-25,0.24905603289063954
2022-10-26,0.24492637598043723
2022-10-27,0.22815679229404007
2022-10-28,0.2106340075958681
2022-10-31,0.2399881324349475
2022-11-01,0.223431097041458
2022-11-02,0.20542772958206743
2022-11-03,0.2510699392047032
2022-11-04,0.23818807456873956
2022-11-07,0.232236347662917
2022-11-08,0.21766465648052466
2022-11-09,0.19970042040175737
2022-11-10,0.22841815520985356
2022-11-11,0.3950387570799873
2022-11-14,0.35983384278216834
2022-11-15,0.32951835223557807
2022-11-16,0.30097583353178636
2022-11-17,0.27694190823935616
2022-11-18,0.25142273190167164
2022-11-21,0.22872200317345184
2022-11-22,0.20935017849425164
2022-11-23,0.2063720757861
2022-11-25,0.1907903226743004
2022-11-28,0.17398502751873313
2022-11-29,0.19235992831507545
2022-11-30,0.1759988823144611
2022-12-01,0.25103756889023643
2022-12-02,0.22738998277137762
2022-12-05,0.20659230128095163
2022-12-06,0.22360970554033519
2022-12-07,0.22535522545091555
2022-12-08,0.20504207638965555
2022-12-09,0.19165411526620635
2022-12-12,0.18256928831463407
2022-12-13,0.1875214575531695
2022-12-14,0.1762408537229553
2022-12-15,0.1675896528055134
2022-12-16,0.22432492900605233
2022-12-19,0.21911599958221825
2022-12-20,0.20767077324323244
2022-12-21,0.1887793173769508
2022-12-22,0.19392595745817615
2022-12-23,0.2015991321445096
2022-12-27,0.18602927408772454
2022-12-28,0.1724018618376997
2022-12-29,0.17926680300417855
2022-12-30,0.19643979251446628
2023-01-03,0.1802122216464411
2023-01-04,0.16768702234623487
2023-01-05,0.15963924095346962
2023-01-06,0.1663028914483295
2023-01-09,0.20651628777254386
2023-01-10,0.18794659594580865
2023-01-11,0.17578240867814188
2023-01-12,0.17724311913984775
2023-01-13,0.16290170172924487
2023-01-17,0.15058351665132183
2023-01-18,0.13961706482592975
2023-01-19,0.16765886438259514
2023-01-20,0.16210313664333917
2023-01-23,0.18642652462804887
2023-01-24,0.18416002917758478
2023-01-25,0.16845705053804239
2023-01-26,0.15423701655731353
2023-01-27,0.15571087738507233
2023-01-30,0.143342557400467
2023-01-31,0.15779346456090154
2023-02-01,0.16942330564291916
2023-02-02,0.16704394641416914
2023-02-03,0.17594437293188933
2023-02-06,0.17685945901692807
2023-02-07,0.1676210957314076
2023-02-08,0.17198429975969368
2023-02-09,0.1745496574909951
2023-02-10,0.17083127112316093
2023-02-13,0.15657932429341387
2023-02-14,0.15956988593420013
2023-02-15,0.14665655978489966
2023-02-16,0.136002990259048
2023-02-17,0.15708815538750828
2023-02-21,0.14582369224867858
2023-02-22,0.19041645177291697
2023-02-23,0.17410251550838438
2023-02-24,0.1616946855821534
2023-02-27,0.1657278682725045
2023-02-28,0.15268862118052154
2023-03-01,0.14337766659390133
2023-03-02,0.13563220207428417
2023-03-03,0.1330687840395459
2023-03-06,0.15644092233226042
2023-03-07,0.14368478041803362
2023-03-08,0.16853971262120515
2023-03-09,0.15436176341251073
2023-03-10,0.18866868873593376
2023-03-13,0.19807473287971203
2023-03-14,0.18085890349312003
2023-03-15,0.19268977315330205
2023-03-16,0.18132385853351632
2023-03-17,0.19639740615216456
2023-03-20,0.19610072857741712
2023-03-21,0.18703222507372616
2023-03-22,0.18750684755291747
2023-03-23,0.20617904803006498
2023-03-24,0.18780571352549605
2023-03-27,0.17504435573123653
2023-03-28,0.1601252162452484
2023-03-29,0.14822791640311514
2023-03-30,0.16176352810027728
2023-03-31,0.1517308343572071
2023-04-03,0.16290396723973857
2023-04-04,0.15052975916028713
2023-04-05,0.14444263448293812
2023-04-06,0.13503902438109697
2023-04-10,0.12654261564536065
2023-04-11,0.1176866254513443
2023-04-12,0.11011448342120383
2023-04-13,0.10825075288768539
2023-04-14,0.12893720817893478
2023-04-17,0.12158277687243775
2023-04-18,0.11474328045748855
2023-04-19,0.10753447521438961
2023-04-20,0.10157341553683423
2023-04-21,0.10441837724719788
2023-04-24,0.09871605390993463
2023-04-25,0.09389298409559112
2023-04-26,0.14019173087461284
2023-04-27,0.13353148163189488
2023-04-28,0.17274067455096812
2023-05-01,0.16536284779447807
2023-05-02,0.15195721487661623
2023-05-03,0.15986947508342234
2023-05-04,0.1547787975047736
2023-05-05,0.15103390530018893
2023-05-08,0.17834524402206242
2023-05-09,0.1629356836367318
2023-05-10,0.15307328081104063
2023-05-11,0.14283402092701486
2023-05-12,0.13284459593244308
2023-05-15,0.12390165300493017
2023-05-16,0.11659007151364814
2023-05-17,0.11930061707126224
2023-05-18,0.13250661717798345
2023-05-19,0.13494013507296343
2023-05-22,0.12581224792232495
2023-05-23,0.11708400085526187
2023-05-24,0.1341862043845535
2023-05-25,0.13468048360693022
2023-05-26,0.13425743410184332
2023-05-30,0.146165903689786
2023-05-31,0.13474359008777992
2023-06-01,0.13132071392590422
2023-06-02,0.13366016052904128
2023-06-05,0.15096008320000984
2023-06-06,0.14001045402239135
2023-06-07,0.12963151986870158
2023-06-08,0.12346027301916306
2023-06-09,0.11969640248832929
2023-06-12,0.11194374253502067
2023-06-13,0.11741993771347921
2023-06-14,0.11575621880479281
2023-06-15,0.10841822259976323
2023-06-16,0.12571468515117445
2023-06-20,0.12008755094446819
2023-06-21,0.11858722980144538
2023-06-22,0.11723238449989108
2023-06-23,0.11106883489153914
2023-06-26,0.117471307559322
2023-06-27,0.11431077693494492
2023-06-28,0.12494849373696464
2023-06-29,0.11632527744324948
2023-06-30,0.11065709604059355
2023-07-03,0.12513913118619802
2023-07-05,0.11648556002944263
2023-07-06,0.11003678993624623
2023-07-07,0.11750349815461544
2023-07-10,0.11198927500069793
2023-07-11,0.10571729909293989
2023-07-12,0.10582995201725627
2023-07-13,0.10991112573872727
2023-07-14,0.11280415634984015
2023-07-17,0.10628145795641127
2023-07-18,0.10168701115386032
2023-07-19,0.10510881024834588
2023-07-20,0.09969001325520878
2023-07-21,0.10614568898806981
2023-07-24,0.10032935108266072
2023-07-25,0.09800370757879209
2023-07-26,0.09405387179491702
2023-07-27,0.09006662821201765
2023-07-28,0.09898237084237733
2023-07-31,0.10994535299053912
2023-08-01,0.1036427825903724
2023-08-02,0.10088236237353734
2023-08-03,0.13479014953102192
2023-08-04,0.1270571919922886
2023-08-07,0.12302260370792281
2023-08-08,0.12512194481663533
2023-08-09,0.12110720414455971
2023-08-10,0.12286834428589136
2023-08-11,0.11455320510641614
2023-08-14,0.10775191306686852
2023-08-15,0.10582471785984371
2023-08-16,0.12815807488252692
2023-08-17,0.1301202810872072
2023-08-18,0.1324082484124783
2023-08-21,0.1227770442765852
2023-08-22,0.11997098101322178
2023-08-23,0.11429963028204168
2023-08-24,0.12551128885376983
2023-08-25,0.15027717749763186
2023-08-28,0.14382152601904952
2023-08-29,0.13720422232923687
2023-08-30,0.1534700057015908
2023-08-31,0.14261827801638738
2023-09-01,0.13244629202554128
2023-09-05,0.12296004560164374
2023-09-06,0.11926802646944955
2023-09-07,0.12150990163869897
2023-09-08,0.11607561408709839
2023-09-11,0.10875148040721917
2023-09-12,0.10870699610996483
2023-09-13,0.11010370708706359
2023-09-14,0.1035781150038188
2023-09-15,0.10977066826365355
2023-09-18,0.13239720089600385
2023-09-19,0.12275659975180314
2023-09-20,0.11592728564492574
2023-09-21,0.12621547299901206
2023-09-22,0.16217540628025498
2023-09-25,0.15001102662276905
2023-09-26,0.13971407037612368
2023-09-27,0.16327209000264306
2023-09-28,0.14968857855706227
2023-09-29,0.14134472376806836
2023-10-02,0.13218048518568357
2023-10-03,0.12281482629399014
2023-10-04,0.14654413457851218
2023-10-05,0.14111376792501606
2023-10-06,0.13054616465871938
2023-10-09,0.13991635411027997
2023-10-10,0.13402276505968896
2023-10-11,0.12722114575060592
2023-10-12,0.12006779379635675
2023-10-13,0.12059952800129942
2023-10-16,0.11857774841441984
2023-10-17,0.12672398442618432
2023-10-18,0.11797521653237072
2023-10-19,0.14306347149215146
2023-10-20,0.14575340028353673
2023-10-23,0.15866087271852894
2023-10-24,0.1465536223938998
2023-10-25,0.14160389823129782
2023-10-26,0.16324928575595357
2023-10-27,0.1708138496534887
2023-10-30,0.1600235820795035
2023-10-31,0.16287912090200846
2023-11-01,0.15327274232601318
2023-11-02,0.1540999375004435
2023-11-03,0.18300018207822857
2023-11-06,0.17508432796761486
2023-11-07,0.16029583004460504
2023-11-08,0.1476066996650416
2023-11-09,0.13596877105528243
2023-11-10,0.13750662831723798
2023-11-13,0.15786492104856673
2023-11-14,0.14538220507477662
2023-11-15,0.1781503855417691
2023-11-16,0.16292422968989495
2023-11-17,0.1493759903275461
2023-11-20,0.13753348520810074
2023-11-21,0.13446233112557393
2023-11-22,0.12602860731957416
2023-11-24,0.11880161486411867
2023-11-27,0.11102054416090469
2023-11-28,0.10570409274474643
2023-11-29,0.09981231307469259
2023-11-30,0.0953262066661817
2023-12-01,0.09313569949863691
2023-12-04,0.09485072141697054
2023-12-05,0.09867480625012404
2023-12-06,0.09408581878961887
2023-12-07,0.09524055366610965
2023-12-08,0.10067745851216071
2023-12-11,0.09804428927133912
2023-12-12,0.09531268566947164
2023-12-13,0.09405404522488012
2023-12-14,0.12179148986887627
2023-12-15,0.11457864327174348
2023-12-18,0.10856165624194551
2023-12-19,0.10667623247849391
2023-12-20,0.10601122296093292
2023-12-21,0.13767637258499343
2023-12-22,0.13865360172914934
2023-12-26,0.12838848378995332
2023-12-27,0.12120152215597303
2023-12-28,0.11324183656859407
2023-12-29,0.10628331582660495
2024-01-02,0.10311473889872566
2024-01-03,0.10596984279510109
2024-01-04,0.11552949015113156
2024-01-05,0.11128518569872925
2024-01-08,0.10462082765699758
2024-01-09,0.13050428795512778
2024-01-10,0.12204447401496295
2024-01-11,0.11785112404437027
2024-01-12,0.11050008862719972
2024-01-16,0.10390113828398215
2024-01-17,0.10243691504969454
2024-01-18,0.10534632608864909
2024-01-19,0.11188649075198509
2024-01-22,0.12838037413670952
2024-01-23,0.11954324750706667
2024-01-24,0.11242653441973818
2024-01-25,0.10555525082093689
2024-01-26,0.10388504545349106
2024-01-29,0.09918842297720189
2024-01-30,0.10446988667460094
2024-01-31,0.09929922757444978
2024-02-01,0.1453297154462804
2024-02-02,0.1548704495339058
2024-02-05,0.15503116313804488
2024-02-06,0.14531295443117134
2024-02-07,0.1346085393947416
2024-02-08,0.13346346717254076
2024-02-09,0.12369632526035293
2024-02-12,0.1194308172764176
2024-02-13,0.11185331153359108
2024-02-14,0.14097559244425908
2024-02-15,0.1403404155067498
2024-02-16,0.13524380930601448
2024-02-20,0.1306505913173282
2024-02-21,0.1278745141371535
2024-02-22,0.11883235399442992
2024-02-23,0.1675499850086749
2024-02-26,0.15341516717572884
2024-02-27,0.14395624489172953
2024-02-28,0.13294282687863887
2024-02-29,0.12399435513793246
2024-03-01,0.11680396711444672
2024-03-04,0.12204040268961207
2024-03-05,0.11445599646202144
2024-03-06,0.12786792981364178
2024-03-07,0.12183070816187874
2024-03-08,0.12743162185075527
2024-03-11,0.12631091097571345
2024-03-12,0.11798537138772254
2024-03-13,0.12701206003759943
2024-03-14,0.11908967944163311
2024-03-15,0.11271223795098585
2024-03-18,0.11676418152674826
2024-03-19,0.11397947409875703
2024-03-20,0.11100471287845018
2024-03-21,0.11720913660252615
2024-03-22,0.11075773403740058
2024-03-25,0.10558156257255663
2024-03-26,0.102339832383358
2024-03-27,0.09846736260980496
2024-03-28,0.10528603230137214
2024-04-01,0.09967274929184851
2024-04-02,0.09612483672342706
2024-04-03,0.10265907702373102
2024-04-04,0.09723503740067696
2024-04-05,0.12495996639711064
2024-04-08,0.13133757125141907
2024-04-09,0.12184137756572638
2024-04-10,0.11364357802217553
2024-04-11,0.12735135662424096
2024-04-12,0.125822837372984
2024-04-15,0.15025886629371418
2024-04-16,0.162816130987484
2024-04-17,0.1502343269353755
2024-04-18,0.14488876848249693
2024-04-19,0.13488158833518069
2024-04-22,0.13918123317745384
2024-04-23,0.13918653958614746
2024-04-24,0.14643403416839373
2024-04-25,0.13520797206634586
2024-04-26,0.12866191010930197
2024-04-29,0.13149487956110573
2024-04-30,0.12316852023429024
2024-05-01,0.15720049228833655
2024-05-02,0.14670102079670913
2024-05-03,0.14559329974913998
2024-05-06,0.15292649262466443
2024-05-07,0.1529695537513071
2024-05-08,0.1406569346886249
2024-05-09,0.13000307979805573
2024-05-10,0.12466695095310208
2024-05-13,0.1160962377980698
2024-05-14,0.10878257055708121
2024-05-15,0.10516950151080412
2024-05-16,0.12342337299243296
2024-05-17,0.11647804019691566
2024-05-20,0.10908050245638946
2024-05-21,0.10270319428281054
2024-05-22,0.09779743264368694
2024-05-23,0.09610881933315689
2024-05-24,0.10552518187334996
2024-05-28,0.10620948443225496
2024-05-29,0.10024247551405321
2024-05-30,0.10764916050300573
2024-05-31,0.11221371465856246
2024-06-03,0.11772883234216823
2024-06-04,0.11008918782042483
2024-06-05,0.10356013453012104
2024-06-06,0.12047036481726107
2024-06-07,0.11258142200824614
2024-06-10,0.10649397156599376
2024-06-11,0.10149367414622333
2024-06-12,0.09674847166325222
2024-06-13,0.10344535730953351
2024-06-14,0.09817174733264206
2024-06-17,0.09343727004774534
2024-06-18,0.10023394268892849
2024-06-20,0.09577936416210463
2024-06-21,0.09420519240904537
2024-06-24,0.09116258636314635
2024-06-25,0.09137283590060757
2024-06-26,0.08977765802687981
2024-06-27,0.08641559497078617
2024-06-28,0.08370799198550243
2024-07-01,0.08689887466772633
2024-07-02,0.084334975195364
2024-07-03,0.0900131445341169
2024-07-05,0.08958905574419082
2024-07-08,0.09173726839283602
2024-07-09,0.0880376445516484
2024-07-10,0.08493064140390022
2024-07-11,0.10044052805774965
2024-07-12,0.11304232686415347
2024-07-15,0.11162389666873314
2024-07-16,0.105557731669476
2024-07-17,0.10480846883822055
2024-07-18,0.13766885398360232
2024-07-19,0.13856849991782
2024-07-22,0.13678719189985772
2024-07-23,0.14011224727039914
2024-07-24,0.1303582635336704
2024-07-25,0.19415895729201846
2024-07-26,0.1810231230532009
2024-07-29,0.17785114997770696
2024-07-30,0.16246754759320398
2024-07-31,0.1536911142014457
2024-08-01,0.17172062807055677
2024-08-02,0.18436000755045526
2024-08-05,0.2098363424093043
2024-08-06,0.2721791293735502
2024-08-07,0.2516388760817667
2024-08-08,0.23275517988801825
2024-08-09,0.25352055709382476
2024-08-12,0.2304908265417639
2024-08-13,0.2089537194083716
2024-08-14,0.21405661993142852
2024-08-15,0.19495207798923778
2024-08-16,0.20532813297720925
2024-08-19,0.18689225923822933
2024-08-20,0.17919360693018646
2024-08-21,0.16440080518128566
2024-08-22,0.15155313268388657
2024-08-23,0.15014190173825864
2024-08-26,0.15150205533597802
2024-08-27,0.1408875294450912
2024-08-28,0.13015900606505804
2024-08-29,0.12809829119121213
2024-08-30,0.11912320088605835
2024-09-03,0.12426876433227735
2024-09-04,0.18029105522577576
2024-09-05,0.16564059473512247
2024-09-06,0.15317840399353858
2024-09-09,0.181091683298383
2024-09-10,0.1778989578919887
2024-09-11,0.164033240641701
2024-09-12,0.16178911967349235
2024-09-13,0.1559922170882625
2024-09-16,0.14597595418742262
2024-09-17,0.13460557877348756
2024-09-18,0.12469093400782943
2024-09-19,0.11861491804546088
2024-09-20,0.15111457262018216
2024-09-23,0.1399980427453539
2024-09-24,0.12977121282491177
2024-09-25,0.12115544279534705
2024-09-26,0.11470680156098632
2024-09-27,0.10931843823924856
2024-09-30,0.10392893883205961
2024-10-01,0.10034304392333161
2024-10-02,0.11415102815138953
2024-10-03,0.10705404237594975
2024-10-04,0.10239410084582315
2024-10-07,0.11024348907894245
2024-10-08,0.1215388974876694
2024-10-09,0.12588954421310494
2024-10-10,0.12334502788602429
2024-10-11,0.11611385747011428
2024-10-14,0.11352646345105251
2024-10-15,0.11625049857065392
2024-10-16,0.12203612462428688
2024-10-17,0.11595950249959061
2024-10-18,0.1086786468732301
2024-10-21,0.10411338639397939
2024-10-22,0.09973209772000383
2024-10-23,0.09515056245107889
2024-10-24,0.11118248852272575
2024-10-25,0.10481675755754967
2024-10-28,0.09934546962290816
2024-10-29,0.09549579187132992
2024-10-30,0.09130320424676866
2024-10-31,0.09108262659273379
2024-11-01,0.15825914368206392
2024-11-04,0.1468552386104604
2024-11-05,0.13666430439133548
2024-11-06,0.14520730082092323
2024-11-07,0.20219139188510896
2024-11-08,0.18905552653607044
2024-11-11,0.17374774798577322
2024-11-12,0.1588541714981396
2024-11-13,0.14796814575562148
2024-11-14,0.13630141768225926
2024-11-15,0.13446992702782243
2024-11-18,0.15236111621699835
2024-11-19,0.1416399997085453
2024-11-20,0.13199079233344874
2024-11-21,0.12243619655133822
2024-11-22,0.11771716056819437
2024-11-25,0.11101294430820725
2024-11-26,0.10559000490039325
2024-11-27,0.1035328565259582
2024-11-29,0.10105118411855459
2024-12-02,0.10176495041221915
2024-12-03,0.09665256843933438
2024-12-04,0.09217621695290577
2024-12-05,0.09475059213530011
2024-12-06,0.09193338169173312
2024-12-09,0.0884338840654675
2024-12-10,0.09350109955242634
2024-12-11,0.09300086268548997
2024-12-12,0.0992603505401937
2024-12-13,0.10186263210515217
2024-12-16,0.09677676861934154
2024-12-17,0.09479431261511553
2024-12-18,0.09599336168710501
2024-12-19,0.21880557038700263
2024-12-20,0.19873313317404914
2024-12-23,0.1942498532686846
2024-12-24,0.17990573338613827
2024-12-26,0.17674001504843392
2024-12-27,0.16155895993428485
2024-12-30,0.1651739882398233
2024-12-31,0.17058449731170516
2025-01-02,0.1586894425271351
2025-01-03,0.14717186574733893
2025-01-06,0.15446085660576622
2025-01-07,0.14535971613944218
2025-01-08,0.1550742035268746
2025-01-10,0.14254054094529153
2025-01-13,0.16751147704312075
2025-01-14,0.15344403457136238
2025-01-15,0.141102385984652
2025-01-16,0.17037647963995323
2025-01-17,0.15689386944219866
2025-01-21,0.1554727747996756
2025-01-22,0.15228578269941218
2025-01-23,0.14331433405417462
2025-01-24,0.13545063833470125
2025-01-27,0.1276841067569505
2025-01-28,0.15290325051556924
2025-01-29,0.1489695360663559
2025-01-30,0.1413330682004717
2025-01-31,0.1336423536797529
2025-02-03,0.12997071711137176
2025-02-04,0.1300444951218597
2025-02-05,0.1263443270803144
2025-02-06,0.11927586826703146
2025-02-07,0.11267275035329996
2025-02-10,0.12369200898477371
2025-02-11,0.12127544978862355
2025-02-12,0.11314023977059501
2025-02-13,0.10929606512992074
2025-02-14,0.11995129817542328
2025-02-18,0.11214522478152086
2025-02-19,0.10614285599954297
2025-02-20,0.10064272893320364
2025-02-21,0.1007434683183599
2025-02-24,0.15002976461744622
2025-02-25,0.14233540190042604
2025-02-26,0.1365555252769353
2025-02-27,0.12637030459719506
2025-02-28,0.15975879817452643
2025-03-03,0.17388359037079032
2025-03-04,0.1981776328650525
2025-03-05,0.19791650396742638
2025-03-06,0.19080133511008474
2025-03-07,0.21115794724914333
2025-03-10,0.19421155850422658
2025-03-11,0.2508497047767795
2025-03-12,0.23447482527494606
2025-03-13,0.21436555958709555
2025-03-14,0.21494894153012645
2025-03-17,0.23190080850359673
2025-03-18,0.21468282082482856
2025-03-19,0.20881887144990133
2025-03-20,0.20020360035540574
2025-03-21,0.1837163490063992
2025-03-24,0.16765180699443114
2025-03-25,0.18768969336182598
2025-03-26,0.1714067868074021
2025-03-27,0.1770067134857766
2025-03-28,0.16325963450742334
2025-03-31,0.2018005582303999
2025-04-01,0.18732426447641456
2025-04-02,0.1712620394297605
2025-04-03,0.16051020575435546
2025-04-04,0.35979208693070747
2025-04-07,0.507652538206372
2025-04-08,0.45635448894374686
2025-04-09,0.4237345112852711
2025-04-10,0.7385261671177973
2025-04-11,0.7239772346591372
2025-04-14,0.6584434911017046
2025-04-15,0.5936116784211816
2025-04-16,0.533435979517129
2025-04-17,0.5017418562151202
2025-04-21,0.4507762105280403
2025-04-22,0.43540384463617254
2025-04-23,0.42242008055783753
2025-04-24,0.3910578041876853
2025-04-25,0.37432474563093693
2025-04-28,0.3393772534428226
2025-04-29,0.3057853940548396
2025-04-30,0.278018801001755
2025-05-01,0.2511522306414335
2025-05-02,0.23071116398617408
2025-05-05,0.22718743220225218
2025-05-06,0.21028366257895698
2025-05-07,0.19997055792066182
2025-05-08,0.18320410953594954
2025-05-09,0.17164875938928603
2025-05-12,0.15759262925924702
2025-05-13,0.2487382289126454
2025-05-14,0.22808857309416955
2025-05-15,0.20683390076684985
2025-05-16,0.1897624812089992
2025-05-19,0.17643892329674007
2025-05-20,0.16122536692676684
2025-05-21,0.15029902702950979
2025-05-22,0.1792279407403348
2025-05-23,0.1636952988305135
2025-05-27,0.1578818043963885
2025-05-28,0.19209747618045617
2025-05-29,0.18008360654887137
2025-05-30,0.1656066785567463
2025-06-02,0.15222615014682356
2025-06-03,0.14327909548322745
2025-06-04,0.1357659746747963
2025-06-05,0.12586770425942181
2025-06-06,0.12261185839570653
2025-06-09,0.12902292997655254
2025-06-10,0.11982514912209005
2025-06-11,0.11603124813706509
2025-06-12,0.11117652956073557
2025-06-13,0.10636032549788962
2025-06-16,0.12664392372006741
2025-06-17,0.13001972793531086
2025-06-18,0.13488237783628582
2025-06-20,0.12506186124111893
2025-06-23,0.11818099692258734
2025-06-24,0.12449717571857712
2025-06-25,0.132794427677168
2025-06-26,0.12310307563769504
2025-06-27,0.1230024550444339
2025-06-30,0.11759652026285057
2025-07-01,0.11279724539913405
2025-07-02,0.1061239758272941
2025-07-03,0.1028841682192121
2025-07-07,0.10720149487166068
2025-07-08,0.11422392054934445
2025-07-09,0.10745177978499279
2025-07-10,0.10647275797359335
2025-07-11,0.1012480976589171
2025-07-14,0.09999755071432102
2025-07-15,0.09520911890694
2025-07-16,0.09665153568880724
2025-07-17,0.09350863002134091
2025-07-18,0.09559130926945535
2025-07-21,0.09180582935792345
2025-07-22,0.08832760855641841
2025-07-23,0.0852864385318844
2025-07-24,0.09593456202191519
2025-07-25,0.09159834528580191
2025-07-28,0.09049796603634314
2025-07-29,0.08726093355687753
2025-07-30,0.0871746178592844
2025-07-31,0.08527679741972888
2025-08-01,0.08771240709757347
2025-08-04,0.13958960678188975
2025-08-05,0.15784448734227582
2025-08-06,0.14977761084870814
2025-08-07,0.14451525932622195
2025-08-08,0.13370618049705116
2025-08-11,0.13153673189790221
2025-08-12,0.12332795992725512
2025-08-13,0.13068839716079286
2025-08-14,0.12237378245868112
2025-08-15,0.1141861723689574
2025-08-18,0.10897231656629111
2025-08-19,0.10281697138397067
2025-08-20,0.10531286802061171
2025-08-21,0.10196664085197867
2025-08-22,0.10151110148818383
2025-08-25,0.13312302264983994
2025-08-26,0.1278633874242611
2025-08-27,0.12071481027315892
2025-08-28,0.11302639359038444
2025-08-29,0.10743988619297062
2025-09-02,0.11027924124969676
2025-09-03,0.11643090474550678
2025-09-04,0.11280085425776007
2025-09-05,0.11614332849124359
2025-09-08,0.11133117498028842
2025-09-09,0.10511009698519348
2025-09-10,0.09974220831478892
2025-09-11,0.09564477247675994
2025-09-12,0.10290067450337914
2025-09-15,0.09771804729659238
2025-09-16,0.09731601757005781
2025-09-17,0.09378530501966441
2025-09-18,0.09071949905665835
2025-09-19,0.09051003722869455
2025-09-22,0.09083844852812442
2025-09-23,0.09070638586476605
2025-09-24,0.09600953824038314
2025-09-25,0.09515648050686103
2025-09-26,0.09737165786739008
2025-09-29,0.09782404118964924
2025-09-30,0.09397048863318698
2025-10-01,0.09179610485253448
2025-10-02,0.08956650245634853
2025-10-03,0.08622332646940294
2025-10-06,0.08359929140907399
2025-10-07,0.08310167072083018
2025-10-08,0.08592367369709931
2025-10-09,0.08932426922388112
2025-10-10,0.08926866576340274
2025-10-13,0.19988609482109576
2025-10-14,0.20376844673621933
2025-10-15,0.1857727248894849
2025-10-16,0.17097049460347213
2025-10-17,0.16392772440615772
2025-10-20,0.15335268647219152
2025-10-21,0.15349558822608572
2025-10-22,0.141213967189851
2025-10-23,0.1360225200313243
2025-10-24,0.12998462418167972
2025-10-27,0.12934293013279927
2025-10-28,0.1387771935503757
2025-10-29,0.12879943399174293
2025-10-30,0.11965412107534842
2025-10-31,0.13517323432455222
2025-11-03,0.12611075485220902
2025-11-04,0.11749227258051015
2025-11-05,0.13686317631280284
2025-11-06,0.12771521764157964
2025-11-07,0.14004418030187799
2025-11-10,0.12938523440799918
2025-11-11,0.1522500595485132
2025-11-12,0.14032123851104908
2025-11-13,0.1296362728953311
2025-11-14,0.16461902953289462
2025-11-17,0.1509795557151631
2025-11-18,0.15345260330443738
2025-11-19,0.15301897604982942
2025-11-20,0.1419989119613467
2025-11-21,0.1670397754729153
2025-11-24,0.1635647029840248
2025-11-25,0.17381201203177166
2025-11-26,0.16796636285938302
2025-11-28,0.15853639173161618
2025-12-01,0.14845028862
2025-12-02,0.14102269044919
2025-12-03,0.13039126138498375
2025-12-04,0.12215304851789255
2025-12-05,0.11389706431866335
2025-12-08,0.10701359520336391
2025-12-09,0.10388358955355806
2025-12-10,0.09886569674643575
2025-12-11,0.10096832702818456
2025-12-12,0.09625373214686844
2025-12-15,0.11821396600492896
2025-12-16,0.11152760114528677
2025-12-17,0.10724441348234921
2025-12-18,0.12655255833243412
2025-12-19,0.12518332837854426
2025-12-22,0.12768488529453148
2025-12-23,0.12351902051958227
2025-12-24,0.11749363014929365
2025-12-26,0.11119922566810404
2025-12-29,0.10466894448955026
2025-12-30,0.10287196574967414
2025-12-31,0.09829392236054041
2026-01-02,0.10745905683238888
2026-01-05,0.10149769260410843
2026-01-06,0.10310808482281045
2026-01-07,0.10286557393990522
2026-01-08,0.10081530167761396
2026-01-09,0.09585065303071226
2026-01-12,0.09856099545554865
2026-01-13,0.09386750139178755
2026-01-14,0.09162540249970633
2026-01-15,0.09534520413148737
2026-01-16,0.09182730502883742
2026-01-20,0.08874556555731598
2026-01-21,0.16133469998742367
2026-01-22,0.16280504014089484
2026-01-23,0.15183423636912147
2026-01-26,0.13968984072336077
2026-01-27,0.13185983131734652
2026-01-28,0.12390504298662589
2026-01-29,0.11556298056205558
2026-01-30,0.10973210166863775
2026-02-02,0.1061047598622566
2026-02-03,0.10353968926943985
2026-02-04,0.11470194388861013
2026-02-05,0.11349595217659719
2026-02-06,0.1366673458660677
2026-02-09,0.17160264492835892
2026-02-10,0.15899927755284804
2026-02-11,0.1476097215669181
2026-02-12,0.13614338856654157
2026-02-13,0.16393167639656422
2026-02-17,0.15024209399841218
2026-02-18,0.1383525533815407
2026-02-19,0.1306696140541699
2026-02-20,0.12327848542731544
2026-02-23,0.12184064995759787
2026-02-24,0.13397319393977586
2026-02-25,0.1306668715829141
2026-02-26,0.1305074763101824
2026-02-27,0.12785740037312168
2026-03-02,0.1241964241120256
2026-03-03,0.11566958529702476
2026-03-04,0.1247937563397861
2026-03-05,0.1227082637306115
2026-03-06,0.12154222687123441
2026-03-09,0.14456241147740956
2026-03-10,0.14249516137401136
2026-03-11,0.13244533076413878
2026-03-12,0.12351902524182996
2026-03-13,0.15454601127597303
2026-03-16,0.14801112886785303
2026-03-17,0.14865483890472347
2026-03-18,0.13735334461044316
2026-03-19,0.15874414861605407
2026-03-20,0.14722591953538772
2026-03-23,0.16713391462911165
2026-03-24,0.1648790451648044
2026-03-25,0.15344347887364648
2026-03-26,0.14423764084688537
2026-03-27,0.17951548019321079
2026-03-30,0.20040460149381095
2026-03-31,0.1842909542064529
2026-04-01,0.24460457875058167
2026-04-02,0.22550853830352688
2026-04-06,0.20453070866562165
2026-04-07,0.18761212664747248
2026-04-08,0.17106983531716433
2026-04-09,0.22046906743445285
2026-04-10,0.2025101782710858
2026-04-13,0.18444271988231076
2026-04-14,0.17756546086285474
2026-04-15,0.17746020688304584
2026-04-16,0.16819586358295618
2026-04-17,0.1543211989904232
2026-04-20,0.15876470387290606
2026-04-21,0.14684552744700957
2026-04-22,0.1433553354796699
2026-04-23,0.1448143327210568
2026-04-24,0.13691569659895572
2026-04-27,0.13406182273158024
2026-04-28,0.1243140973861811
2026-04-29,0.1213960210307122
2026-04-30,0.11342286936265687
2026-05-01,0.12110754586607161
2026-05-04,0.11365808085821519
2026-05-05,0.11043299608312328
2026-05-06,0.1134296406468514
2026-05-07,0.13481697174571608
2026-05-08,0.12732586643312666
2026-05-11,0.12739597393751176
2026-05-12,0.11876981101394697
2026-05-13,0.11200449135343427
2026-05-14,0.10944415282156439
2026-05-15,0.11233114771492805
2026-05-18,0.13403587042036091
2026-05-19,0.12455958606225748
2026-05-20,0.12554918483004016
2026-05-21,0.13121442702254776
2026-05-22,0.12193704019830118
2026-05-26,0.11539693787191449
2026-05-27,0.11420380114672009
2026-05-28,0.10726277726742371
2026-05-29,0.10541877383515488
2026-06-01,0.10011705049740888
2026-06-02,0.09581946892059717
2026-06-03,0.09150078297319265
2026-06-04,0.1012496942029352
2026-06-05,0.09782998461681697
2026-06-08,0.19600737885464692
2026-06-09,0.178680575755681
2026-06-10,0.16497092815313383
2026-06-11,0.18515112769865227
2026-06-12,0.19743949260252405
2026-06-15,0.1820489859804066
2026-06-16,0.19723578350501625
2026-06-17,0.18475475167611574
2026-06-18,0.189067469959153
2026-06-22,0.1827039721041486
2026-06-23,0.16867318288735822
2026-06-24,0.18333782773475768
2026-06-25,0.1674952086917446
2026-06-26,0.153411607953645
2026-06-29,0.1502358634105792
2026-06-30,0.17004918448250245
2026-07-01,0.1617484751813359
2026-07-02,0.14899052957888834
2026-07-06,0.1378665423346938
2026-07-07,0.13698631791016727
2026-07-08,0.131694789568727
2026-07-09,0.1247038755749554
2026-07-10,0.12580001160157886
2026-07-13,0.11910359068646865
2026-07-14,0.12390347515834083
2026-07-15,0.11668438929919303
2026-07-16,0.1109856614321338
2026-07-17,0.11175961693882781
2026-07-20,0.12559300298927323
2026-07-21,0.11791434006263106
2026-07-22,0.12011285699368209
2026-07-23,0.11287058671358383
2026-07-24,0.13568288963168232
2026-07-27,0.12559889264577304
2026-07-28,0.11693523081802959
2026-07-29,0.1098527201352907
2026-07-30,0.14695465083702586
2026-07-31,0.1688160834808944
2026-08-03,0.15972501395875296
2026-08-04,0.16939803822329177
2026-08-05,0.18937821272495528
2026-08-06,0.1735601959866536
2026-08-07,0.1594547732381326
2026-08-10,0.15011541455660216
2026-08-11,0.13834816341752118
2026-08-12,0.13049423915197753
2026-08-13,0.1215588638663197
2026-08-14,0.11991005836463636
2026-08-17,0.11341169087898482
2026-08-18,0.11220968512715872
2026-08-19,0.11607393408104588
2026-08-20,0.10896150161668922
2026-08-21,0.11848792511106046
2026-08-24,0.11265619296971732
2026-08-25,0.10847473397172619
2026-08-26,0.10326079749367255
2026-08-27,0.09781333390508022
2026-08-28,0.09995733507887698
