Date,Close,LogReturn
2010-01-05,84.80235290527344,0.0026434760652139983
2010-01-06,84.86206817626953,0.0007039221668420711
2010-01-07,85.2203140258789,0.004212621845509947
2010-01-08,85.50387573242188,0.003321872169363698
2010-01-11,85.62329864501953,0.001395721426696929
2010-01-12,84.82476043701172,-0.009369940082119999
2010-01-13,85.54121398925781,0.008410808299589819
2010-01-14,85.77253723144531,0.0027005816068891605
2010-01-15,84.80982971191406,-0.011287423876002366
2010-01-19,85.86956024169922,0.012417950967152426
2010-01-20,84.99641418457031,-0.010220333924721542
2010-01-21,83.36200714111328,-0.019416413832991017
2010-01-22,81.50371551513672,-0.022544047353144355
2010-01-25,81.92161560058594,0.005114274433122289
2010-01-26,81.57831573486328,-0.004199394671591774
2010-01-27,81.9664077758789,0.00474601394840594
2010-01-28,81.02608489990234,-0.011538363429078503
2010-01-29,80.14543914794922,-0.01092816515055076
2010-02-01,81.39175415039062,0.015430994032761955
2010-02-02,82.37687683105469,0.012030809038129777
2010-02-03,81.9664077758789,-0.00499527449126261
2010-02-04,79.4364242553711,-0.0313524952276293
2010-02-05,79.60063934326172,0.0020651179358529476
2010-02-08,79.02599334716797,-0.007245296709001733
2010-02-09,80.01853942871094,0.012481522624936148
2010-02-10,79.86184692382812,-0.0019601222967531987
2010-02-11,80.69770812988281,0.01041194660729594
2010-02-12,80.63053894042969,-0.0008327022025482411
2010-02-16,81.8992691040039,0.015612593777631502
2010-02-17,82.287353515625,0.00472736606881929
2010-02-18,82.77239227294922,0.005877146497999804
2010-02-19,82.9440689086914,0.002071932938152527
2010-02-22,82.95899200439453,0.00017990139134561328
2010-02-23,81.95147705078125,-0.012219084634540906
2010-02-24,82.70523834228516,0.009155612694558751
2010-02-25,82.59334564208984,-0.0013538254785780167
2010-02-26,82.64554595947266,0.0006318163794655445
2010-03-01,83.50381469726562,0.010331383383086694
2010-03-02,83.73516082763672,0.002766655048113817
2010-03-03,83.8097915649414,0.0008908742540419783
2010-03-04,84.06352233886719,0.003022886261526655
2010-03-05,85.26505279541016,0.014191941582578343
2010-03-08,85.27999877929688,0.00017527314673721845
2010-03-09,85.42178344726562,0.001661197659741381
2010-03-10,85.80243682861328,0.004446263593282542
2010-03-11,86.16064453125,0.004166106095619798
2010-03-12,86.1680679321289,8.615396444839714e-05
2010-03-15,86.1905288696289,0.000260630314285747
2010-03-16,86.87710571289062,0.007934244282121835
2010-03-17,87.39201354980469,0.005909358324591554
2010-03-18,87.34725189208984,-0.0005123251328855388
2010-03-19,86.90514373779297,-0.005074353226010433
2010-03-22,87.3697509765625,0.00533190211052214
2010-03-23,87.98421478271484,0.007008296829803754
2010-03-24,87.55708312988281,-0.004866461634625323
2010-03-25,87.41471099853516,-0.0016273727257320124
2010-03-26,87.36225891113281,-0.0006002173971108132
2010-03-29,87.91680145263672,0.0063275600700247615
2010-03-30,87.97676849365234,0.0006818560036878498
2010-03-31,87.6769790649414,-0.0034134167241921913
2010-04-01,88.2764892578125,0.006814443824505041
2010-04-05,88.9958724975586,0.008116179889242141
2010-04-06,89.20569610595703,0.002354903012455451
2010-04-07,88.69613647460938,-0.005728564090095365
2010-04-08,89.0033950805664,0.0034581848300647734
2010-04-09,89.5879135131836,0.006545901078599536
2010-04-12,89.73027801513672,0.0015878426014791095
2010-04-13,89.79769134521484,0.0007510064697641228
2010-04-14,90.81687927246094,0.011285897274994149
2010-04-15,90.89180755615234,0.0008247078248814444
2010-04-16,89.44551086425781,-0.01604024850967983
2010-04-19,89.78273010253906,0.0037630189794820726
2010-04-20,90.58454895019531,0.008891015419785542
2010-04-21,90.41971588134766,-0.0018213174652694712
2010-04-22,90.68946838378906,0.0029788958855274995
2010-04-23,91.281494140625,0.0065068386453953925
2010-04-26,90.9367904663086,-0.0037834192791510617
2010-04-27,88.78604888916016,-0.023935124351568936
2010-04-28,89.46047973632812,0.007567430017985875
2010-04-29,90.56957244873047,0.01232135113419911
2010-04-30,89.03336334228516,-0.017107143202897516
2010-05-03,90.1873779296875,0.012878314515449523
2010-05-04,88.06666564941406,-0.02379539114701785
2010-05-05,87.54209899902344,-0.005974282794806217
2010-05-06,84.634521484375,-0.033777570323281964
2010-05-07,83.37557983398438,-0.014986780008936605
2010-05-10,87.0475082397461,0.04309858259074479
2010-05-11,86.80020141601562,-0.002845099208275399
2010-05-12,88.01421356201172,0.013889377061130519
2010-05-13,86.92012023925781,-0.012508780466015654
2010-05-14,85.346435546875,-0.018270853129641995
2010-05-17,85.39139556884766,0.0005266556652155412
2010-05-18,84.22982788085938,-0.013696232372374452
2010-05-19,83.75025177001953,-0.005709931973090024
2010-05-20,80.5878677368164,-0.03849106308430758
2010-05-21,81.76441955566406,0.014494066399649687
2010-05-24,80.71530151367188,-0.012914013088113943
2010-05-25,80.7977294921875,0.0010206976509396172
2010-05-26,80.31060791015625,-0.006047149071325129
2010-05-27,83.0008773803711,0.032949462871883065
2010-05-28,81.95923614501953,-0.012629175112211035
2010-06-01,80.58039093017578,-0.016966672270772726
2010-06-02,82.67863464355469,0.02570588972652106
2010-06-03,82.96342468261719,0.003438623267993359
2010-06-04,80.0483627319336,-0.035768858034207936
2010-06-07,79.05166625976562,-0.012529344177652732
2010-06-08,79.89850616455078,0.01065551429570229
2010-06-09,79.47132873535156,-0.005360844509992226
2010-06-10,81.79438781738281,0.028812320891620745
2010-06-11,82.1915512084961,0.004843880762362373
2010-06-14,82.06414794921875,-0.001551279930985509
2010-06-15,83.93008422851562,0.02248288815400502
2010-06-16,83.900146484375,-0.0003567622392104319
2010-06-17,84.0350112915039,0.0016061536834566332
2010-06-18,84.12613677978516,0.0010837877624652833
2010-06-21,83.88519287109375,-0.002868188405737184
2010-06-22,82.49974060058594,-0.016653963351558134
2010-06-23,82.24375915527344,-0.003107638865288499
2010-06-24,80.88092803955078,-0.016709461311360585
2010-06-25,81.21977233886719,0.0041806703123686275
2010-06-28,80.9637680053711,-0.003156973211640532
2010-06-29,78.46400451660156,-0.031361767588035425
2010-06-30,77.71861267089844,-0.009545204435201444
2010-07-01,77.37223052978516,-0.004466836466947957
2010-07-02,76.9505844116211,-0.005464482585283936
2010-07-06,77.45506286621094,0.006534479257211388
2010-07-07,79.89459991455078,0.031010330731978175
2010-07-08,80.6852035522461,0.009846942253551016
2010-07-09,81.28752136230469,0.007437308802895748
2010-07-12,81.3402328491211,0.0006482471447496302
2010-07-13,82.56752014160156,0.014975621432171751
2010-07-14,82.56001281738281,-9.092758899015682e-05
2010-07-15,82.58258819580078,0.0002734046626380674
2010-07-16,80.30870819091797,-0.02792080085723828
2010-07-19,80.7830581665039,0.005889206596853476
2010-07-20,81.67910766601562,0.011030981656982708
2010-07-21,80.61742401123047,-0.013083444093085417
2010-07-22,82.41695404052734,0.022076363721519898
2010-07-23,83.13224029541016,0.00864142781086928
2010-07-26,83.99812316894531,0.010361858885770889
2010-07-27,83.99060821533203,-8.946973474197076e-05
2010-07-28,83.44847869873047,-0.006475565783546683
2010-07-29,83.04190826416016,-0.004884020635296749
2010-07-30,83.0268325805664,-0.00018155955851143697
2010-08-02,84.90165710449219,0.022329771781744535
2010-08-03,84.49507904052734,-0.004800314975948702
2010-08-04,85.05978393554688,0.006661053220002455
2010-08-05,84.96941375732422,-0.0010629960966522076
2010-08-06,84.62303924560547,-0.004084792538885311
2010-08-09,85.07482147216797,0.005324560863905947
2010-08-10,84.61553955078125,-0.005413189530991953
2010-08-11,82.29645538330078,-0.027789895084143923
2010-08-12,81.79202270507812,-0.006148320383474997
2010-08-13,81.55106353759766,-0.0029503463882038674
2010-08-16,81.513427734375,-0.00046160636932503804
2010-08-17,82.51482391357422,0.012210196847545906
2010-08-18,82.66542053222656,0.0018234221759845398
2010-08-19,81.22730255126953,-0.017549954207993754
2010-08-20,80.9637680053711,-0.003249682943875938
2010-08-23,80.65508270263672,-0.003819921707625651
2010-08-24,79.4578857421875,-0.014954682109843223
2010-08-25,79.76660919189453,0.003877843502762552
2010-08-26,79.23197937011719,-0.006724988460817426
2010-08-27,80.45929718017578,0.015371434213136833
2010-08-30,79.29222106933594,-0.014611402597123306
2010-08-31,79.29222106933594,0.0
2010-09-01,81.66401672363281,0.029473444203174496
2010-09-02,82.4244613647461,0.009268781015385282
2010-09-03,83.49364471435547,0.012888263671382728
2010-09-07,82.55245971679688,-0.011336551142204089
2010-09-08,83.13224029541016,0.006998629868410537
2010-09-09,83.51624298095703,0.004608543175901743
2010-09-10,83.93788146972656,0.0050358793038725825
2010-09-13,84.87155151367188,0.011061935914919245
2010-09-14,84.81884765625,-0.0006211766767522904
2010-09-15,85.14260864257812,0.0038098211793102187
2010-09-16,85.1199951171875,-0.0002656311488751257
2010-09-17,85.15177917480469,0.0003733332564192328
2010-09-20,86.45378112792969,0.01517464743049677
2010-09-21,86.27970123291016,-0.002015590163239774
2010-09-22,85.85580444335938,-0.004925162240816946
2010-09-23,85.15937042236328,-0.008144749394089117
2010-09-24,86.91555786132812,0.020412600904764253
2010-09-27,86.49919891357422,-0.004801895242797938
2010-09-28,86.80200958251953,0.003494620490448563
2010-09-29,86.65061950683594,-0.0017456076038825045
2010-09-30,86.39323425292969,-0.002974800180688068
2010-10-01,86.75657653808594,0.004196860704741292
2010-10-04,86.1055908203125,-0.007531882831430729
2010-10-05,87.83905029296875,0.019931822560241067
2010-10-06,87.83148956298828,-8.607851938444527e-05
2010-10-07,87.72550201416016,-0.0012074433578833188
2010-10-08,88.217529296875,0.005593044085767902
2010-10-11,88.30081176757812,0.0009436127303317326
2010-10-12,88.57331848144531,0.0030813655914541447
2010-10-13,89.26215362548828,0.00774692001434743
2010-10-14,88.91394805908203,-0.00390856019863674
2010-10-15,89.09562683105469,0.00204122542471877
2010-10-18,89.53471374511719,0.004916161464961124
2010-10-19,88.36137390136719,-0.013191485817899567
2010-10-20,89.22431945800781,0.009718714752881984
2010-10-21,89.42111206054688,0.002203165012033087
2010-10-22,89.58769226074219,0.0018611402820199374
2010-10-25,89.85255432128906,0.0029520941700083014
2010-10-26,89.86773681640625,0.00016895693922133788
2010-10-27,89.61038208007812,-0.0028678137958192264
2010-10-28,89.62548828125,0.0001685622546111754
2010-10-29,89.6936264038086,0.0007599650038166093
2010-11-01,89.72393035888672,0.00033780367889381526
2010-11-02,90.43545532226562,0.00789887976314109
2010-11-03,90.79882049560547,0.004009899988156127
2010-11-04,92.54743194580078,0.019074995498843048
2010-11-05,92.89562225341797,0.0037552306102295176
2010-11-08,92.72152709960938,-0.001875852586533515
2010-11-09,92.05538940429688,-0.007210214282166508
2010-11-10,92.42630767822266,0.004021198629512834
2010-11-11,92.07808685302734,-0.0037746660672999975
2010-11-12,90.98805236816406,-0.011908781949279799
2010-11-15,90.85934448242188,-0.0014155595236824345
2010-11-16,89.44384002685547,-0.0157017031202098
2010-11-17,89.4892578125,0.0005076510401747151
2010-11-18,90.80638885498047,0.01461105133500217
2010-11-19,91.0561752319336,0.0027469813293271492
2010-11-22,90.98050689697266,-0.000831352653038508
2010-11-23,89.66334533691406,-0.01458322425180946
2010-11-24,90.98805236816406,0.014666155844236231
2010-11-26,89.92830657958984,-0.01171544591877114
2010-11-29,90.20081329345703,0.0030256842641967065
2010-11-30,89.6936264038086,-0.005638731628922143
2010-12-01,91.60118103027344,0.02104445298438236
2010-12-02,92.77452850341797,0.012727959841936412
2010-12-03,93.02432250976562,0.0026888665402013024
2010-12-06,92.92591094970703,-0.001058472123597478
2010-12-07,92.9788818359375,0.0005698711353299207
2010-12-08,93.31952667236328,0.0036569847138124677
2010-12-09,93.68290710449219,0.0038863760450815973
2010-12-10,94.22789764404297,0.005800539978037727
2010-12-13,94.28845977783203,0.0006425133256419529
2010-12-14,94.37173461914062,0.000882802511500212
2010-12-15,93.94025421142578,-0.004582620209148679
2010-12-16,94.48526763916016,0.005784937648677675
2010-12-17,94.58650207519531,0.0010708573348859956
2010-12-20,94.81476593017578,0.002410374206047174
2010-12-21,95.41593170166016,0.006320407591680451
2010-12-22,95.71270751953125,0.003105511111198321
2010-12-23,95.57569885253906,-0.0014324829509454239
2010-12-27,95.61376953125,0.000398250798393239
2010-12-28,95.75074005126953,0.001431514586573335
2010-12-29,95.8192138671875,0.0007148701289888016
2010-12-30,95.66703033447266,-0.0015894986649341658
2010-12-31,95.68985748291016,0.00023858193772016568
2011-01-03,96.6791000366211,0.010284936682279873
2011-01-04,96.62580871582031,-0.0005513706040348968
2011-01-05,97.12804412841797,0.005184274068294537
2011-01-06,96.93783569335938,-0.0019602466558331258
2011-01-07,96.74756622314453,-0.0019647276411948107
2011-01-10,96.62580871582031,-0.0012592997712665033
2011-01-11,96.96825408935547,0.003537771001223171
2011-01-12,97.8433609008789,0.008984194271999917
2011-01-13,97.68354034423828,-0.0016347683230882352
2011-01-14,98.3912353515625,0.007218655004608359
2011-01-18,98.55865478515625,0.0017001225418660686
2011-01-19,97.59226989746094,-0.009853562590362429
2011-01-20,97.46285247802734,-0.0013269832327215208
2011-01-21,97.68354034423828,0.002261768276609487
2011-01-24,98.23905944824219,0.005670816876641332
2011-01-25,98.29232788085938,0.000542085767017163
2011-01-26,98.6728286743164,0.003863640386408446
2011-01-27,98.91629791259766,0.002464400402066917
2011-01-28,97.18894958496094,-0.017616999282187597
2011-01-31,97.91946411132812,0.007488328423790696
2011-02-01,99.48702239990234,0.015881861486611536
2011-02-02,99.29676818847656,-0.001914182931667896
2011-02-03,99.5174331665039,0.0022198119363224154
2011-02-04,99.79900360107422,0.0028253627893791815
2011-02-07,100.4229965209961,0.006233030733407638
2011-02-08,100.87957763671875,0.004536274815017148
2011-02-09,100.65129089355469,-0.0022655272859311163
2011-02-10,100.68931579589844,0.0003777171770866775
2011-02-11,101.29048156738281,0.005952749280223504
2011-02-14,101.53398132324219,0.0024010897835012564
2011-02-15,101.21439361572266,-0.003152557669614811
2011-02-16,101.85356140136719,0.006295133039299156
2011-02-17,102.1579818725586,0.0029843477701823654
2011-02-18,102.37103271484375,0.0020833319885998963
2011-02-22,100.31645202636719,-0.020274079246304533
2011-02-23,99.7000732421875,-0.006163298102598326
2011-02-24,99.63162231445312,-0.0006868042759975223
2011-02-25,100.69690704345703,0.010635477372051793
2011-02-28,101.3208999633789,0.006177622790986858
2011-03-01,99.63162231445312,-0.01681310016303883
2011-03-02,99.84469604492188,0.0021363319040447306
2011-03-03,101.56441497802734,0.017077288293247114
2011-03-04,100.8034896850586,-0.007520252585101517
2011-03-07,100.0120849609375,-0.007881946633727294
2011-03-08,100.88717651367188,0.008711799943185407
2011-03-09,100.74258422851562,-0.0014342357934654705
2011-03-10,98.87826538085938,-0.018679141559256644
2011-03-11,99.5631103515625,0.006902267101117416
2011-03-14,98.96197509765625,-0.006056031556822758
2011-03-15,97.8281478881836,-0.011523340081662422
2011-03-16,96.01707458496094,-0.01868631043625071
2011-03-17,97.28787994384766,0.013148381736978961
2011-03-18,97.64173126220703,0.0036305587934524824
2011-03-21,99.15493774414062,0.015378678030534595
2011-03-22,98.81102752685547,-0.0034744413038938697
2011-03-23,99.09381866455078,0.0028578514938653733
2011-03-24,100.04149627685547,0.009517998019884509
2011-03-25,100.34720611572266,0.0030511707734803373
2011-03-28,100.10262298583984,-0.0024403438242785926
2011-03-29,100.77519989013672,0.006696402897670827
2011-03-30,101.47064208984375,0.006877223619312645
2011-03-31,101.33307647705078,-0.0013566381806390457
2011-04-01,101.76104736328125,0.004214514054966771
2011-04-04,101.84515380859375,0.0008261678633787711
2011-04-05,101.82990264892578,-0.00014975971983742587
2011-04-06,102.1508560180664,0.0031469010714971274
2011-04-07,101.89099884033203,-0.0025470981765433297
2011-04-08,101.53941345214844,-0.0034565700799571624
2011-04-11,101.23374938964844,-0.0030148397326138416
2011-04-12,100.47713470458984,-0.007502007013479179
2011-04-13,100.46949005126953,-7.60864068584568e-05
2011-04-14,100.5458984375,0.0007602242841691223
2011-04-15,100.91275024414062,0.003641960417494918
2011-04-18,99.7816390991211,-0.011272095102304406
2011-04-19,100.35482025146484,0.005727919054134731
2011-04-20,101.72286224365234,0.01353997013013464
2011-04-21,102.24253845214844,0.0050957400739542824
2011-04-25,102.1355972290039,-0.0010465036541019348
2011-04-26,103.01444244384766,0.008567881268470079
2011-04-27,103.6870346069336,0.006507883218961822
2011-04-28,104.02330017089844,0.003237834632508895
2011-04-29,104.2678451538086,0.002348108412284644
2011-05-02,104.10733032226562,-0.0015406332632993925
2011-05-03,103.73286437988281,-0.0036034064354904718
2011-05-04,103.04502868652344,-0.006652918454680347
2011-05-05,102.11261749267578,-0.00908976712450553
2011-05-06,102.56351470947266,0.004405965086076177
2011-05-09,102.96092987060547,0.0038673322510615117
2011-05-10,103.83985137939453,0.008500227084179482
2011-05-11,102.7469482421875,-0.010580669579249793
2011-05-12,103.236083984375,0.004749290815873178
2011-05-13,102.44126892089844,-0.007728794723581894
2011-05-16,101.79165649414062,-0.006361507246569231
2011-05-17,101.77635192871094,-0.00015036316931228545
2011-05-18,102.6858139038086,0.008896198174032177
2011-05-19,102.93038940429688,0.0023789527469096168
2011-05-20,102.11261749267578,-0.007976631439419082
2011-05-23,100.92803192138672,-0.011668589667914751
2011-05-24,100.84396362304688,-0.0008333000124985139
2011-05-25,101.18022155761719,0.0033288909918401006
2011-05-26,101.64640808105469,0.00459690470826264
2011-05-27,102.03617858886719,0.0038272391367071045
2011-05-31,103.09852600097656,0.010357651687327525
2011-06-01,100.78282928466797,-0.022717097402083976
2011-06-02,100.67581176757812,-0.001062426775016639
2011-06-03,99.67464447021484,-0.009994243583049086
2011-06-06,98.61995697021484,-0.01063768189398215
2011-06-07,98.55880737304688,-0.0006202452818082409
2011-06-08,98.14612579345703,-0.004195951554639763
2011-06-09,98.89507293701172,0.007601971112428243
2011-06-10,97.51943969726562,-0.014007679112444209
2011-06-13,97.59585571289062,0.0007832909190579879
2011-06-14,98.83396911621094,0.012606332068586431
2011-06-15,97.07615661621094,-0.01794557241516641
2011-06-16,97.2901611328125,0.0022020749845755925
2011-06-17,97.58047485351562,0.0029795554780372587
2011-06-20,98.0797119140625,0.005103114253465478
2011-06-21,99.42382049560547,0.013611192836785304
2011-06-22,98.82471466064453,-0.0060440059066870135
2011-06-23,98.54055786132812,-0.0028795034914383013
2011-06-24,97.39614868164062,-0.011681549757126135
2011-06-27,98.2640151977539,0.00887122028880404
2011-06-28,99.54670715332031,0.012969063749164698
2011-06-29,100.39923095703125,0.008527594789341274
2011-06-30,101.35928344726562,0.00951691916640331
2011-07-01,102.85696411132812,0.01466785854257531
2011-07-05,102.77247619628906,-0.0008217492560115267
2011-07-06,102.89540100097656,0.0011953720824085738
2011-07-07,103.96295928955078,0.010321727050555929
2011-07-08,103.22561645507812,-0.007117631314151401
2011-07-11,101.35928344726562,-0.01824557710537679
2011-07-12,100.92147064208984,-0.004328770582258767
2011-07-13,101.25942993164062,0.003343140755245069
2011-07-14,100.56050872802734,-0.006926213557808532
2011-07-15,101.14420318603516,0.005787629667008887
2011-07-18,100.31471252441406,-0.008234883487112658
2011-07-19,101.94300079345703,0.016101471938891422
2011-07-20,101.88155364990234,-0.0006029415404246504
2011-07-21,103.29476928710938,0.013775838909424375
2011-07-22,103.36386108398438,0.0006686563181532176
2011-07-25,102.78787231445312,-0.0055880225584698335
2011-07-26,102.40383911132812,-0.0037431692426297845
2011-07-27,100.3070297241211,-0.02068842373200675
2011-07-28,100.01520538330078,-0.002913551230095523
2011-07-29,99.33164978027344,-0.006857979089157069
2011-08-01,98.90918731689453,-0.004262119844637585
2011-08-02,96.38232421875,-0.0258793032507185
2011-08-03,96.90459442138672,0.005404105744534784
2011-08-04,92.36544799804688,-0.0479739625223246
2011-08-05,92.22720336914062,-0.0014978348675142802
2011-08-08,86.22105407714844,-0.06734073975135575
2011-08-09,90.23025512695312,0.04545039883954209
2011-08-10,86.24409484863281,-0.04518320547595561
2011-08-11,90.11505889892578,0.04390569799741103
2011-08-12,90.7218246459961,0.006710666676142047
2011-08-15,92.64192962646484,0.020943890190922812
2011-08-16,91.85084533691406,-0.008575827839849472
2011-08-17,91.91228485107422,0.0006686816488880775
2011-08-18,87.94915008544922,-0.044075889191723734
2011-08-19,86.51292419433594,-0.016464992098133475
2011-08-22,86.58202362060547,0.0007983991539023332
2011-08-23,89.43148040771484,0.03238053545445738
2011-08-24,90.69108581542969,0.013986320175518383
2011-08-25,89.3086166381836,-0.01536109607541988
2011-08-26,90.60659790039062,0.014429060768364881
2011-08-29,93.21028137207031,0.028330995853265085
2011-08-30,93.4560546875,0.0026332917079582596
2011-08-31,93.8708267211914,0.004428330930219067
2011-09-01,92.8877182006836,-0.010528220830048923
2011-09-02,90.51446533203125,-0.02588175671021598
2011-09-06,89.85391998291016,-0.007324435499133224
2011-09-07,92.38848876953125,0.02781715011350077
2011-09-08,91.42842102050781,-0.010446008261670085
2011-09-09,89.03213500976562,-0.026559010120451435
2011-09-12,89.608154296875,0.006448951529147099
2011-09-13,90.42994689941406,0.00912915993367078
2011-09-14,91.681884765625,0.013749327293170894
2011-09-15,93.26404571533203,0.017109860629937235
2011-09-16,93.81607818603516,0.00590157908174916
2011-09-19,92.88191986083984,-0.010007243043725252
2011-09-20,92.7738265991211,-0.001164448458976827
2011-09-21,90.04084777832031,-0.02990112748475689
2011-09-22,87.1303482055664,-0.032858178942196954
2011-09-23,87.65530395507812,0.006006869803065259
2011-09-26,89.73976135253906,0.02350181879387525
2011-09-27,90.74341583251953,0.01112197647981185
2011-09-28,88.89055633544922,-0.020630008773607583
2011-09-29,89.59309387207031,0.007872330760063533
2011-09-30,87.354248046875,-0.025306571814983077
2011-10-03,84.86829376220703,-0.028871098228451506
2011-10-04,86.7288818359375,0.021686382495451465
2011-10-05,88.3346939086914,0.01834598779774585
2011-10-06,89.93276977539062,0.0179294487498233
2011-10-07,89.33059692382812,-0.0067183287653082195
2011-10-10,92.31834411621094,0.032898806325486946
2011-10-11,92.41095733642578,0.001002691259544922
2011-10-12,93.22159576416016,0.00873385154874045
2011-10-13,93.03629302978516,-0.0019897443991297
2011-10-14,94.62667846679688,0.016949785032066265
2011-10-17,92.82013702392578,-0.01927583964590759
2011-10-18,94.63438415527344,0.019357268846125014
2011-10-19,93.51494598388672,-0.011899605275814648
2011-10-20,93.92412567138672,0.00436600900622726
2011-10-21,95.70747375488281,0.01880910845065983
2011-10-24,96.88097381591797,0.012186759896955099
2011-10-25,94.99723815917969,-0.0196353317995566
2011-10-26,95.96231079101562,0.010107699285651505
2011-10-27,99.30513000488281,0.03424171294234212
2011-10-28,99.281982421875,-0.0002331227120408878
2011-10-31,96.8886947631836,-0.024401265705501572
2011-11-01,94.18663024902344,-0.028284600886260388
2011-11-02,95.7229232788086,0.016179560375960307
2011-11-03,97.46768951416016,0.018063131014319247
2011-11-04,96.87324523925781,-0.006117559633594585
2011-11-07,97.4754409790039,0.006197085029829202
2011-11-08,98.72611999511719,0.012749092823106864
2011-11-09,95.0821304321289,-0.03760850272962312
2011-11-10,95.97770690917969,0.009374895831127035
2011-11-11,97.78421783447266,0.018647247378655467
2011-11-14,96.8578109741211,-0.00951915535908458
2011-11-15,97.33645629882812,0.00492956152319037
2011-11-16,95.79241180419922,-0.015990125232179665
2011-11-17,94.27153778076172,-0.016004155325482706
2011-11-18,94.17117309570312,-0.0010652011328187588
2011-11-21,92.38007354736328,-0.019202815515300696
2011-11-22,92.01725006103516,-0.003935241005188502
2011-11-23,89.9868392944336,-0.022312630560655314
2011-11-25,89.81697082519531,-0.001889487432590365
2011-11-28,92.41866302490234,0.02855499689808368
2011-11-29,92.68116760253906,0.0028363586582741095
2011-11-30,96.49495697021484,0.040325449903833674
2011-12-01,96.47953033447266,-0.00015988264553020942
2011-12-02,96.39459991455078,-0.0008806823942802722
2011-12-05,97.44456481933594,0.010833467789808282
2011-12-06,97.4754409790039,0.0003168085266543265
2011-12-07,97.83827209472656,0.003715371822990805
2011-12-08,95.69206237792969,-0.022180478443390137
2011-12-09,97.31330871582031,0.01680040780304316
2011-12-12,95.8927993774414,-0.014704865690472746
2011-12-13,94.99723815917969,-0.009383075202875896
2011-12-14,93.98590087890625,-0.010703038798959032
2011-12-15,94.32557678222656,0.003607600300732267
2011-12-16,94.46540069580078,0.0014812565834229838
2011-12-19,93.45543670654297,-0.010748927340073863
2011-12-20,96.28337860107422,0.02981099379599284
2011-12-21,96.4698486328125,0.0019348064111270788
2011-12-22,97.32447814941406,0.008820021422902077
2011-12-23,98.19464111328125,0.00890111117906059
2011-12-27,98.27235412597656,0.0007911050571492218
2011-12-28,96.98265838623047,-0.013210564783639895
2011-12-29,97.98487091064453,0.01028090529315792
2011-12-30,97.503173828125,-0.004928158732852271
2012-01-03,99.05699157714844,0.01581042743786493
2012-01-04,99.21240234375,0.0015676731073448265
2012-01-05,99.47653198242188,0.0026587267696431497
2012-01-06,99.22016906738281,-0.002580446035975926
2012-01-09,99.46101379394531,0.002424435379993521
2012-01-10,100.3233871459961,0.008633093515467696
2012-01-11,100.37775421142578,0.0005417713760050216
2012-01-12,100.61859893798828,0.0023965095690359384
2012-01-13,100.09806823730469,-0.005186732870371197
2012-01-17,100.4865493774414,0.003873493695435337
2012-01-18,101.59754943847656,0.010995533651692568
2012-01-19,102.13360595703125,0.005262403333382414
2012-01-20,102.51426696777344,0.003720160335094965
2012-01-23,102.2501449584961,-0.002579766213030769
2012-01-24,102.13360595703125,-0.0011403941220641995
2012-01-25,102.98822021484375,0.008332796356226795
2012-01-26,102.45992279052734,-0.005142889889518859
2012-01-27,102.41329956054688,-0.00045514226066526006
2012-01-30,102.06370544433594,-0.003419401187263961
2012-01-31,102.02484130859375,-0.00038085563183524345
2012-02-01,102.91825866699219,0.008718742109721228
2012-02-02,103.08145141601562,0.001584398182856463
2012-02-03,104.52649688720703,0.013921131827171447
2012-02-06,104.4565658569336,-0.0006692507226693983
2012-02-07,104.72074127197266,0.0025258529150873287
2012-02-08,105.03155517578125,0.0029636303064606486
2012-02-09,105.16357421875,0.0012561571784157803
2012-02-10,104.38667297363281,-0.007414973879960954
2012-02-13,105.16357421875,0.007414973879960904
2012-02-14,105.03155517578125,-0.0012561571784157877
2012-02-15,104.54203033447266,-0.004671635792328557
2012-02-16,105.69964599609375,0.011012349032309734
2012-02-17,105.97930908203125,0.0026423339868614777
2012-02-21,106.02597045898438,0.00044019071418969965
2012-02-22,105.68411254882812,-0.0032294938665208468
2012-02-23,106.15030670166016,0.0044015029013863
2012-02-24,106.38336181640625,0.002193113305599348
2012-02-27,106.56204223632812,0.001678180965223318
2012-02-28,106.87278747558594,0.002911853320676625
2012-02-29,106.45326232910156,-0.0039331876037168026
2012-03-01,107.00491333007812,0.005168714924258256
2012-03-02,106.6785888671875,-0.003054280870681306
2012-03-05,106.2435073852539,-0.004086772534570344
2012-03-06,104.6896743774414,-0.014733206998840398
2012-03-07,105.41997528076172,0.006951644967386861
2012-03-08,106.4687728881836,0.009899592893168621
2012-03-09,106.8805923461914,0.0038605220973812098
2012-03-12,106.88833618164062,7.245052408626246e-05
2012-03-13,108.81507873535156,0.017865213678236076
2012-03-14,108.69857788085938,-0.0010712050677162475
2012-03-15,109.32784271240234,0.005772388292326088
2012-03-16,109.479248046875,0.0013839163814285966
2012-03-19,109.908447265625,0.003912705912689981
2012-03-20,109.58848571777344,-0.002915409979827921
2012-03-21,109.4090347290039,-0.0016388407372607025
2012-03-22,108.62091064453125,-0.0072295346018187625
2012-03-23,108.97203826904297,0.0032273833416357443
2012-03-26,110.50149536132812,0.013937733869964863
2012-03-27,110.15814208984375,-0.003112064830374904
2012-03-28,109.61195373535156,-0.00497055322262887
2012-03-29,109.42459869384766,-0.0017107198329982152
2012-03-30,109.877197265625,0.004127638010338447
2012-04-02,110.68094635009766,0.007288351536035116
2012-04-03,110.22837829589844,-0.004097325344412786
2012-04-04,109.13591003417969,-0.009960393297835641
2012-04-05,109.08128356933594,-0.0005006614289436899
2012-04-09,107.8561782836914,-0.011294668048514322
2012-04-10,106.04581451416016,-0.01692744395567827
2012-04-11,106.9041976928711,0.008061871600190788
2012-04-12,108.30097198486328,0.012981044163034297
2012-04-13,107.013427734375,-0.011959809463192009
2012-04-16,106.94320678710938,-0.000656403573967135
2012-04-17,108.52723693847656,0.014703257309362642
2012-04-18,108.16053009033203,-0.0033846599026160764
2012-04-19,107.46604919433594,-0.006441537028160194
2012-04-20,107.64545440673828,0.001668021012317093
2012-04-23,106.74026489257812,-0.008444544685403397
2012-04-24,107.14610290527344,0.003794898234250583
2012-04-25,108.61306762695312,0.01359837751890613
2012-04-26,109.37001037597656,0.006944995899884484
2012-04-27,109.54945373535156,0.0016393553701682638
2012-04-30,109.14369201660156,-0.0037107901389873002
2012-05-01,109.8226089477539,0.006201128701083774
2012-05-02,109.49483489990234,-0.0029890398696859376
2012-05-03,108.65989685058594,-0.007654586443165734
2012-05-04,106.9041976928711,-0.016289707103829567
2012-05-07,106.98223114013672,0.0007296718277414802
2012-05-08,106.55303955078125,-0.0040198714331543955
2012-05-09,105.92100524902344,-0.005949302339943173
2012-05-10,106.13948059082031,0.0020605009766847416
2012-05-11,105.81951904296875,-0.0030190913472837857
2012-05-14,104.64906311035156,-0.011122496165791019
2012-05-15,104.04818725585938,-0.005758365419723397
2012-05-16,103.6502685546875,-0.0038317009769779707
2012-05-17,102.11300659179688,-0.014942322084566301
2012-05-18,101.23905181884766,-0.008595537814169817
2012-05-21,102.97915649414062,0.017042033660756406
2012-05-22,103.15863037109375,0.001741300564359132
2012-05-23,103.21327209472656,0.000529546166477227
2012-05-24,103.4161148071289,0.001963348782111941
2012-05-25,103.08060455322266,-0.0032495484691703875
2012-05-29,104.32907104492188,0.012038797772497948
2012-05-30,102.8152847290039,-0.014616022330016904
2012-05-31,102.5889892578125,-0.002203416300501354
2012-06-01,100.0061264038086,-0.0254991616528395
2012-06-04,99.95930480957031,-0.00046829689321642014
2012-06-05,100.7162094116211,0.007543602859064639
2012-06-06,102.97915649414062,0.022219849501233575
2012-06-07,103.04157257080078,0.0006059203736737509
2012-06-08,103.8609619140625,0.007920576024188008
2012-06-11,102.54219818115234,-0.012778696584775448
2012-06-12,103.72045135498047,0.011424908898978538
2012-06-13,103.05718231201172,-0.006415310070124158
2012-06-14,104.1496353149414,0.010544663905407316
2012-06-15,105.2148208618164,0.010175506933415315
2012-06-18,105.41873931884766,0.0019362396055431787
2012-06-19,106.43844604492188,0.009626433947434792
2012-06-20,106.26583099365234,-0.00162305235763111
2012-06-21,103.88137817382812,-0.02269414060678475
2012-06-22,104.68141174316406,0.007671910159003248
2012-06-25,103.00289916992188,-0.016164428730719414
2012-06-26,103.52057647705078,0.005013264373272105
2012-06-27,104.4539794921875,0.008976187283607155
2012-06-28,104.15592956542969,-0.0028574877474249983
2012-06-29,106.75216674804688,0.02462085028457801
2012-07-02,107.07379913330078,0.0030083589380604484
2012-07-03,107.77969360351562,0.006570961459549387
2012-07-05,107.29332733154297,-0.004522809034272718
2012-07-06,106.27371215820312,-0.009548504512916108
2012-07-09,106.1403579711914,-0.00125560613240365
2012-07-10,105.2148208618164,-0.00875817692889543
2012-07-11,105.23049926757812,0.0001490021805292593
2012-07-12,104.72064208984375,-0.004856922203125339
2012-07-13,106.47763061523438,0.016638668841374073
2012-07-16,106.22662353515625,-0.002360152105057688
2012-07-17,106.95608520507812,0.006843561761815933
2012-07-18,107.74833679199219,0.007379961486553382
2012-07-19,108.03070831298828,0.002617229880160491
2012-07-20,107.04241180419922,-0.009190395010569355
2012-07-23,105.95996856689453,-0.010163760175987536
2012-07-24,105.05008697509766,-0.008624112522477533
2012-07-25,105.07359313964844,0.00022373646450510665
2012-07-26,106.80708312988281,0.01636325407259711
2012-07-27,108.77581787109375,0.01826480173594863
2012-07-30,108.77581787109375,0.0
2012-07-31,108.01505279541016,-0.007018452356399125
2012-08-01,107.92089080810547,-0.0008721289443683242
2012-08-02,107.17576599121094,-0.006928306637286134
2012-08-03,109.3013687133789,0.019638758076192232
2012-08-06,109.51313781738281,0.001935604485083392
2012-08-07,110.06217193603516,0.005000883418939394
2012-08-08,110.19551849365234,0.001210823319254664
2012-08-09,110.28961944580078,0.0008535809600715835
2012-08-10,110.47007751464844,0.0016348827392586235
2012-08-13,110.41513061523438,-0.0004975154381105269
2012-08-14,110.43087005615234,0.00014253770407224027
2012-08-15,110.55632781982422,0.001135430272487125
2012-08-16,111.37211608886719,0.007351846650155149
2012-08-17,111.5210952758789,0.0013367765512882193
2012-08-20,111.52896881103516,7.05988154880041e-05
2012-08-21,111.1916732788086,-0.003028868693312955
2012-08-22,111.23873138427734,0.0004231265616957448
2012-08-23,110.32889556884766,-0.008212760518566975
2012-08-24,110.9955825805664,0.00602453947928974
2012-08-27,111.01912689208984,0.00021209686211901962
2012-08-28,110.90930938720703,-0.0009896659994296886
2012-08-29,110.9955825805664,0.0007775691373106511
2012-08-30,110.19551849365234,-0.00723417508381581
2012-08-31,110.72102355957031,0.004757507538532792
2012-09-04,110.61907958984375,-0.0009211523396302055
2012-09-05,110.52494812011719,-0.0008513137468496295
2012-09-06,112.76826477050781,0.02009368847606262
2012-09-07,113.20751190185547,0.0038875643311562184
2012-09-10,112.56429290771484,-0.005697972206571679
2012-09-11,112.87811279296875,0.0027840377854070827
2012-09-12,113.25457763671875,0.003329595476282804
2012-09-13,114.98016357421875,0.01512143864652832
2012-09-14,115.4900131225586,0.004424436925995202
2012-09-17,115.09784698486328,-0.003401449804178885
2012-09-18,115.0036849975586,-0.0008184386409736975
2012-09-19,115.06643676757812,0.0005455012679975946
2012-09-20,115.07429504394531,6.829105224773049e-05
2012-09-21,115.02617645263672,-0.00041823983842407414
2012-09-24,114.8526840209961,-0.0015094251313329
2012-09-25,113.63045501708984,-0.010698738360853327
2012-09-26,112.9917221069336,-0.005636999958377549
2012-09-27,114.05625915527344,0.00937726768663604
2012-09-28,113.52793884277344,-0.004642864189998396
2012-10-01,113.82762145996094,0.0026362477376816722
2012-10-02,113.94579315185547,0.0010376250687425957
2012-10-03,114.41117095947266,0.004075885784336305
2012-10-04,115.23123168945312,0.007142097508380573
2012-10-05,115.23908233642578,6.812718600120872e-05
2012-10-08,114.84481048583984,-0.003427204152947223
2012-10-09,113.70929718017578,-0.009936576158749384
2012-10-10,112.98382568359375,-0.006400493884188589
2012-10-11,113.04694366455078,0.0005584901806038054
2012-10-12,112.67630004882812,-0.003284056552988746
2012-10-15,113.61468505859375,0.008293661262738965
2012-10-16,114.76599884033203,0.010082494852861648
2012-10-17,115.28643035888672,0.004524467819535296
2012-10-18,114.98675537109375,-0.002602779442348038
2012-10-19,113.07058715820312,-0.01680466223731635
2012-10-22,113.08634948730469,0.0001393928425178939
2012-10-23,111.51714324951172,-0.013973351451278775
2012-10-24,111.20169830322266,-0.002832675987525475
2012-10-25,111.52499389648438,0.002903072075693884
2012-10-26,111.4619369506836,-0.0005655663068864451
2012-10-31,111.4619369506836,0.0
2012-11-01,112.62899780273438,0.010416051902509322
2012-11-02,111.6275634765625,-0.008931207873612528
2012-11-05,111.85624694824219,0.002046533492168695
2012-11-06,112.73152160644531,0.007794539259751955
2012-11-07,110.17657470703125,-0.02292477335461599
2012-11-08,108.85177612304688,-0.012097198696767522
2012-11-09,108.94646453857422,0.0008695058436227918
2012-11-12,109.03321075439453,0.0007959110892611734
2012-11-13,108.65465545654297,-0.003477967661060004
2012-11-14,107.18795776367188,-0.013590645948292141
2012-11-15,107.0066146850586,-0.0016932559949372765
2012-11-16,107.53500366210938,0.004925757990301231
2012-11-19,109.71134185791016,0.020036341680126482
2012-11-20,109.7586441040039,0.0004310589133075986
2012-11-21,109.96369171142578,0.001866425333457828
2012-11-23,111.4619369506836,0.01353292402477816
2012-11-26,111.22537231445312,-0.002124635894163706
2012-11-27,110.65762329101562,-0.005117564426013431
2012-11-28,111.54869079589844,0.008020224672358155
2012-11-29,112.06910705566406,0.004654523962902979
2012-11-30,112.09278106689453,0.00021122244746207133
2012-12-03,111.5407943725586,-0.004936537943521981
2012-12-04,111.38306427001953,-0.0014151031641111945
2012-12-05,111.58026123046875,0.0017688739744465315
2012-12-06,111.9587173461914,0.00338604461490362
2012-12-07,112.29780578613281,0.003024114470574547
2012-12-10,112.34513092041016,0.00042133650557885685
2012-12-11,113.1100082397461,0.0067852101904038
2012-12-12,113.1651840209961,0.0004876874198386774
2012-12-13,112.47129821777344,-0.006150494669387371
2012-12-14,112.0533676147461,-0.003722807774040922
2012-12-17,113.37023162841797,0.011683594779678086
2012-12-18,114.63194274902344,0.011067648834843872
2012-12-19,113.78030395507812,-0.00745706723447773
2012-12-20,114.43475341796875,0.005735390682950734
2012-12-21,113.39601135253906,-0.009118604012861064
2012-12-24,113.04662322998047,-0.003085888842998565
2012-12-26,112.57015228271484,-0.004223725425828387
2012-12-27,112.41927337646484,-0.0013412090672725926
2012-12-28,111.20418548583984,-0.010867373711633203
2012-12-31,113.09426879882812,0.016853687718409924
2013-01-02,115.99285888671875,0.0253069198022962
2013-01-03,115.73080444335938,-0.002261785018489478
2013-01-04,116.2391128540039,0.004382544341469105
2013-01-07,115.92144775390625,-0.0027366000281424433
2013-01-08,115.58783721923828,-0.002882050848429413
2013-01-09,115.88172912597656,0.0025393581480703357
2013-01-10,116.80290222167969,0.007917823389302227
2013-01-11,116.79495239257812,-6.806423045073512e-05
2013-01-14,116.71554565429688,-0.0006801128172501019
2013-01-15,116.79495239257812,0.0006801128172500616
2013-01-16,116.7790756225586,-0.00013594636508944667
2013-01-17,117.53353881835938,0.006439822328650094
2013-01-18,117.79559326171875,0.0022271322667234707
2013-01-22,118.430908203125,0.005378875521808104
2013-01-23,118.62152862548828,0.0016082556754100882
2013-01-24,118.65325927734375,0.0002674591120706458
2013-01-25,119.32035827636719,0.005606510110556375
2013-01-28,119.17744445800781,-0.001198449912965632
2013-01-29,119.64594268798828,0.003923391561816174
2013-01-30,119.17744445800781,-0.003923391561816121
2013-01-31,118.88359832763672,-0.0024686632988316307
2013-02-01,120.10658264160156,0.010234688174235246
2013-02-04,118.75651550292969,-0.011304228453213395
2013-02-05,119.9556884765625,0.010047103089793903
2013-02-06,120.04304504394531,0.0007279752685297106
2013-02-07,119.88417053222656,-0.0013243560932286297
2013-02-08,120.55130004882812,0.005549357813389525
2013-02-11,120.52745056152344,-0.00019785640436670914
2013-02-12,120.72602844238281,0.00164621813144698
2013-02-13,120.82928466796875,0.0008549282609068559
2013-02-14,120.94046783447266,0.000919744287205985
2013-02-15,120.7974624633789,-0.0011831439741333272
2013-02-19,121.70279693603516,0.007466702766026849
2013-02-20,120.18600463867188,-0.012541400580582231
2013-02-21,119.45538330078125,-0.0060976412126026855
2013-02-22,120.62274932861328,0.009724960914369831
2013-02-25,118.32766723632812,-0.01921028391843946
2013-02-26,119.13770294189453,0.00682237453712192
2013-02-27,120.63865661621094,0.012519777033820114
2013-02-28,120.40042114257812,-0.0019767379913932896
2013-03-01,120.7974624633789,0.0032922484516790308
2013-03-04,121.44071197509766,0.005310897220450477
2013-03-05,122.52872467041016,0.008919313199689177
2013-03-06,122.69544219970703,0.001359715537915638
2013-03-07,122.91781616210938,0.0018107656292403206
2013-03-08,123.44200897216797,0.004255512040893759
2013-03-11,123.91053009033203,0.003788290835886835
2013-03-12,123.63256072998047,-0.002245826989265957
2013-03-13,123.8072738647461,0.0014121668330923716
2013-03-14,124.46642303466797,0.0053098715398722735
2013-03-15,124.3021011352539,-0.0013210829132107005
2013-03-18,123.61608123779297,-0.0055342584545104165
2013-03-19,123.32894134521484,-0.002325538040670719
2013-03-20,124.1904525756836,0.006961189551705893
2013-03-21,123.1295166015625,-0.008579513295493814
2013-03-22,124.11865997314453,0.008001261423843975
2013-03-25,123.60013580322266,-0.004186399547103959
2013-03-26,124.5892105102539,0.007970365833780801
2013-03-27,124.5892105102539,0.0
2013-03-28,124.97215270996094,0.0030689245748701296
2013-04-01,124.47755432128906,-0.003965521088019935
2013-04-02,125.09185028076172,0.004922856638207461
2013-04-03,123.82347869873047,-0.010191277212164455
2013-04-04,124.32601165771484,0.004050249269072636
2013-04-05,123.76763153076172,-0.004501373454138303
2013-04-08,124.605224609375,0.006744668212474787
2013-04-09,125.035888671875,0.0034502689406470987
2013-04-10,126.56752014160156,0.012175116361276732
2013-04-11,126.9822769165039,0.003271603051207008
2013-04-12,126.67117309570312,-0.002452984390962352
2013-04-15,123.73576354980469,-0.023446187681634777
2013-04-16,125.56241607666016,0.014654621386738285
2013-04-17,123.72779083251953,-0.014719056873473288
2013-04-18,122.9540023803711,-0.00627359627937188
2013-04-19,124.02286529541016,0.008655625106458497
2013-04-22,124.5733413696289,0.004428683617673919
2013-04-23,125.85750579833984,0.010255730864758651
2013-04-24,125.93733978271484,0.0006341193114254134
2013-04-25,126.4478759765625,0.00404569569313477
2013-04-26,126.22453308105469,-0.0017678459987634993
2013-04-29,127.07003021240234,0.0066760238405378074
2013-04-30,127.37317657470703,0.002382822552563666
2013-05-01,126.25640106201172,-0.00880640767938683
2013-05-02,127.42903137207031,0.00924482458878504
2013-05-03,128.72120666503906,0.010089284039885736
2013-05-06,129.0482940673828,0.002537829936955956
2013-05-07,129.70240783691406,0.005055948896924719
2013-05-08,130.29266357421875,0.004540522619733203
2013-05-09,129.92575073242188,-0.002820039357586757
2013-05-10,130.34849548339844,0.003248459107065505
2013-05-13,130.4521942138672,0.0007952336019817082
2013-05-14,131.8002471923828,0.010280665792679935
2013-05-15,132.51022338867188,0.005372302522233817
2013-05-16,131.8880157470703,-0.004706603131973694
2013-05-17,133.164306640625,0.00963055706477071
2013-05-20,133.1563262939453,-5.9930367348155296e-05
2013-05-21,133.34774780273438,0.0014365374514940714
2013-05-22,132.3585968017578,-0.007445479496726314
2013-05-23,131.9757843017578,-0.0028964281228126268
2013-05-24,131.86410522460938,-0.0008465670905087586
2013-05-28,132.65379333496094,0.00597079033747332
2013-05-29,131.79225158691406,-0.0065158455778866415
2013-05-30,132.27886962890625,0.0036855116194644813
2013-05-31,130.38043212890625,-0.014455764914857058
2013-06-03,131.0983123779297,0.005490940030906819
2013-06-04,130.46812438964844,-0.0048185785257011445
2013-06-05,128.64154052734375,-0.014099158525065804
2013-06-06,129.8061065673828,0.009012068285674404
2013-06-07,131.45729064941406,0.012640163790393474
2013-06-10,131.45729064941406,0.0
2013-06-11,130.1011962890625,-0.010369432300879918
2013-06-12,129.0243377685547,-0.008311529187339389
2013-06-13,130.9866180419922,0.015094114192829891
2013-06-14,130.1649932861328,-0.0062923407793604525
2013-06-17,131.17010498046875,0.007692167313070628
2013-06-18,132.20706176757812,0.007874351129101505
2013-06-19,130.38043212890625,-0.013912765423630114
2013-06-20,127.14982604980469,-0.02509045407477454
2013-06-21,127.55795288085938,0.0032046699323713805
2013-06-24,125.94613647460938,-0.012716466473262345
2013-06-25,127.15699005126953,0.009568137944370229
2013-06-26,128.4159393310547,0.009852056443765226
2013-06-27,129.16981506347656,0.005853412869522419
2013-06-28,128.64053344726562,-0.004105982268506349
2013-07-01,129.39431762695312,0.005842515619494131
2013-07-02,129.27406311035156,-0.0009297968690440738
2013-07-03,129.33021545410156,0.00043427235577237313
2013-07-05,130.72549438476562,0.010730718584658506
2013-07-08,131.4712371826172,0.005688437108331781
2013-07-09,132.41749572753906,0.00717167868611955
2013-07-10,132.46560668945312,0.00036326184648344424
2013-07-11,134.2698974609375,0.01352889482967187
2013-07-12,134.32603454589844,0.00041800399104265285
2013-07-15,134.83920288085938,0.003813040358589811
2013-07-16,134.333984375,-0.003753859024978577
2013-07-17,134.6788330078125,0.002563809598826951
2013-07-18,135.41661071777344,0.00546310248501848
2013-07-19,135.65713500976562,0.0017746045783125907
2013-07-22,135.9217987060547,0.0019490744473702238
2013-07-23,135.633056640625,-0.0021265845081457997
2013-07-24,135.135986328125,-0.0036715487519309153
2013-07-25,135.46469116210938,0.0024294469526599596
2013-07-26,135.6090087890625,0.0010647852640395142
2013-07-29,135.19203186035156,-0.003079583869072388
2013-07-30,135.19203186035156,0.0
2013-07-31,135.28836059570312,0.0007122789090144451
2013-08-01,136.85202026367188,0.011491693154385092
2013-08-02,137.08453369140625,0.0016975717932818978
2013-08-05,136.8840789794922,-0.001463340969831736
2013-08-06,136.10621643066406,-0.0056988447363486225
2013-08-07,135.66517639160156,-0.003245672192766641
2013-08-08,136.16236877441406,0.003658149779953927
2013-08-09,135.76937866210938,-0.002890360464358938
2013-08-12,135.6090087890625,-0.0011818914042569873
2013-08-13,136.00994873046875,0.002952225693460975
2013-08-14,135.3123321533203,-0.005142357731776791
2013-08-15,133.4198760986328,-0.01408455913437291
2013-08-16,132.97879028320312,-0.0033114746743614404
2013-08-19,132.12875366210938,-0.006412790232284004
2013-08-20,132.7783203125,0.004904119338943144
2013-08-21,131.9603729248047,-0.006179300655929966
2013-08-22,133.1632537841797,0.009074175154650886
2013-08-23,133.61231994628906,0.0033666244624927693
2013-08-26,133.1151123046875,-0.0037282120801714926
2013-08-27,130.9740447998047,-0.016215087666299203
2013-08-28,131.4391632080078,0.003544935095397782
2013-08-29,131.64768981933594,0.0015852305244203314
2013-08-30,131.23065185546875,-0.003172861720536234
2013-09-03,131.8240966796875,0.004511956802072949
2013-09-04,132.91465759277344,0.008238817054522098
2013-09-05,133.0830535888672,0.0012661463727816464
2013-09-06,133.147216796875,0.0004820128767261295
2013-09-09,134.42218017578125,0.009530036265984797
2013-09-10,135.41661071777344,0.007370586271973352
2013-09-11,135.8415985107422,0.0031334582787973034
2013-09-12,135.48069763183594,-0.002660312822694238
2013-09-13,135.7854766845703,0.0022470857765309123
2013-09-16,136.5713348388672,0.005770814622237818
2013-09-17,137.18081665039062,0.004452807514014797
2013-09-18,138.76853942871094,0.011507476021162201
2013-09-19,138.5359649658203,-0.0016773944435586861
2013-09-20,137.5674285888672,-0.007015780119094271
2013-09-23,136.93080139160156,-0.00463848775097884
2013-09-24,136.60850524902344,-0.00235648979066304
2013-09-25,136.21368408203125,-0.0028943499323637553
2013-09-26,136.73739624023438,0.0038374114530325236
2013-09-27,136.10887145996094,-0.004607179693766162
2013-09-30,135.38368225097656,-0.005342252844821178
2013-10-01,136.45541381835938,0.007885084491109128
2013-10-02,136.32643127441406,-0.0009456828295449041
2013-10-03,135.0694122314453,-0.009263428765658081
2013-10-04,136.0927734375,0.007547999822534626
2013-10-07,134.91627502441406,-0.00868240976115216
2013-10-08,133.34494018554688,-0.01171509499709719
2013-10-09,133.44163513183594,0.0007248861784603905
2013-10-10,136.31838989257812,0.02132905955604877
2013-10-11,137.19668579101562,0.006422307180632406
2013-10-14,137.74461364746094,0.003985785932864021
2013-10-15,136.7454833984375,-0.007279932299069016
2013-10-16,138.6552276611328,0.013869062770406029
2013-10-17,139.58189392089844,0.006661006847442634
2013-10-18,140.5247039794922,0.006731820143712381
2013-10-21,140.5327606201172,5.733091372397744e-05
2013-10-22,141.34661865234375,0.005774528777850224
2013-10-23,140.66978454589844,-0.0047999719042959915
2013-10-24,141.1370849609375,0.0033164616900457746
2013-10-25,141.78173828125,0.004557168933428966
2013-10-28,142.0073699951172,0.0015901368645240737
2013-10-29,142.7648468017578,0.005319891115931834
2013-10-30,142.05572509765625,-0.004979437858599394
2013-10-31,141.6528778076172,-0.002839868489398992
2013-11-01,141.99130249023438,0.002386263260197603
2013-11-04,142.49090576171875,0.0035123727995370114
2013-11-05,142.03964233398438,-0.0031719884498905004
2013-11-06,142.7648468017578,0.005092658738154483
2013-11-07,140.9598388671875,-0.01272382966740232
2013-11-08,142.86154174804688,0.013400902612055517
2013-11-11,142.88571166992188,0.00016916993352368898
2013-11-12,142.5956573486328,-0.0020320374817687234
2013-11-13,143.73989868164062,0.007992353026808402
2013-11-14,144.45704650878906,0.004976800200983044
2013-11-15,145.08560180664062,0.004341718146814415
2013-11-18,144.57791137695312,-0.003505384188506234
2013-11-19,144.26365661621094,-0.0021759671706596795
2013-11-20,143.8123779296875,-0.0031330551767835405
2013-11-21,144.9727783203125,0.00803647009454294
2013-11-22,145.69798278808594,0.00498987906275673
2013-11-25,145.55291748046875,-0.000996153622044681
2013-11-26,145.59323120117188,0.0002769311642508507
2013-11-27,145.9477996826172,0.0024323756775231787
2013-11-29,145.85107421875,-0.0006629598402259894
2013-12-02,145.47235107421875,-0.00260001994347694
2013-12-03,144.8438720703125,-0.004329623600560417
2013-12-04,144.82769775390625,-0.00011167348202565935
2013-12-05,144.19113159179688,-0.004405022281000615
2013-12-06,145.8027801513672,0.01111516543707668
2013-12-09,146.17335510253906,0.0025383934192504598
2013-12-10,145.64962768554688,-0.0035893538903174886
2013-12-11,144.01382446289062,-0.011294628992736016
2013-12-12,143.5383758544922,-0.0033068711777677518
2013-12-13,143.52227783203125,-0.00011215763826268633
2013-12-16,144.41673278808594,0.006212828412746601
2013-12-17,143.9574432373047,-0.0031853749559984813
2013-12-18,146.4151153564453,0.016928120344641705
2013-12-19,146.24594116210938,-0.0011561101787265977
2013-12-20,147.09664916992188,0.00580011509246592
2013-12-23,147.88246154785156,0.005327931424782822
2013-12-24,148.20657348632812,0.0021892878802103046
2013-12-26,148.9600372314453,0.0050709960846992645
2013-12-27,148.95193481445312,-5.439470551347883e-05
2013-12-30,148.92762756347656,-0.00016320187149778388
2013-12-31,149.6324920654297,0.004721768013850723
2014-01-02,148.19845581054688,-0.009629941732371422
2014-01-03,148.17413330078125,-0.00016413467853526958
2014-01-06,147.74481201171875,-0.0029016161153670155
2014-01-07,148.65216064453125,0.006122542069501788
2014-01-08,148.6845245361328,0.00021769188493984192
2014-01-09,148.78179931640625,0.0006540221594229486
2014-01-10,149.18690490722656,0.002719116703713646
2014-01-13,147.20193481445312,-0.013394564871121738
2014-01-14,148.8061065673828,0.010838809987899014
2014-01-15,149.60821533203125,0.00537581903743266
2014-01-16,149.4137725830078,-0.0013005249398905427
2014-01-17,148.78179931640625,-0.0042386559180329336
2014-01-21,149.2192840576172,0.0029361306378416904
2014-01-22,149.3165283203125,0.0006514747115938053
2014-01-23,148.09315490722656,-0.0082269030370834
2014-01-24,144.9333953857422,-0.02156720608473056
2014-01-27,144.22047424316406,-0.004931094908675213
2014-01-28,145.0792999267578,0.005937289159366303
2014-01-29,143.68577575683594,-0.009651686475064081
2014-01-30,145.2088623046875,0.010544333185400993
2014-01-31,144.3582000732422,-0.00587542430809098
2014-02-03,141.10939025878906,-0.02276230435068315
2014-02-04,142.09774780273438,0.006979778569262827
2014-02-05,141.91957092285156,-0.0012546904115344631
2014-02-06,143.79110717773438,0.013101106590054146
2014-02-07,145.5735321044922,0.012319732467686138
2014-02-10,145.8408660888672,0.0018347347353126502
2014-02-11,147.4369354248047,0.010884458933171935
2014-02-12,147.5098114013672,0.000494163633467525
2014-02-13,148.27137756347656,0.0051495353554434865
2014-02-14,149.08966064453125,0.005503647360642242
2014-02-18,149.26792907714844,0.0011949986189239649
2014-02-19,148.27951049804688,-0.006643795801065645
2014-02-20,149.154541015625,0.005883879384954334
2014-02-21,148.98434448242188,-0.0011417266245358523
2014-02-24,149.8107452392578,0.0055315692423634245
2014-02-25,149.75404357910156,-0.00037856025106998545
2014-02-26,149.76211547851562,5.3899592205057074e-05
2014-02-27,150.54800415039062,0.005233859364121817
2014-02-28,150.92874145507812,0.0025258167514064906
2014-03-03,149.86741638183594,-0.007056802089715747
2014-03-04,151.9739227294922,0.01395793269112683
2014-03-05,152.1116485595703,0.000905836070496365
2014-03-06,152.4600372314453,0.002287729556456744
2014-03-07,152.5248565673828,0.0004250658851071821
2014-03-10,152.44383239746094,-0.0005313605937927141
2014-03-11,151.6903533935547,-0.004954921746247116
2014-03-12,151.73085021972656,0.0002669347160323187
2014-03-13,150.0294952392578,-0.011276319331348691
2014-03-14,149.60821533203125,-0.0028119303408772134
2014-03-17,150.96119689941406,0.009002850261686941
2014-03-18,152.03875732421875,0.007112641124628848
2014-03-19,151.22857666015625,-0.00534302577750119
2014-03-20,152.1116485595703,0.005822336245854908
2014-03-21,151.52166748046875,-0.0038861468121732996
2014-03-24,150.8950958251953,-0.004143768652151319
2014-03-25,151.6112060546875,0.0047345232989736905
2014-03-26,150.52073669433594,-0.007218529001142341
2014-03-27,150.20339965820312,-0.002110486758866558
2014-03-28,150.94390869140625,0.004917928901694392
2014-03-31,152.18075561523438,0.008160693824324711
2014-04-01,153.1898651123047,0.006609104489777385
2014-04-02,153.7025146484375,0.0033409106695214104
2014-04-03,153.49911499023438,-0.001324209693579232
2014-04-04,151.6844024658203,-0.011892738693649995
2014-04-07,150.00804138183594,-0.011113160909475797
2014-04-08,150.62660217285156,0.004115039148985472
2014-04-09,152.24591064453125,0.010693105731098555
2014-04-10,149.04786682128906,-0.021229538563007036
2014-04-11,147.70510864257812,-0.009049731283466091
2014-04-14,148.86883544921875,0.007847842351040888
2014-04-15,149.89418029785156,0.0068639612017395565
2014-04-16,151.46469116210938,0.010422955692134236
2014-04-17,151.67628479003906,0.0013960083200800608
2014-04-21,152.20521545410156,0.003481167480037426
2014-04-22,152.89694213867188,0.004534401691761142
2014-04-23,152.5388946533203,-0.0023445032064254843
2014-04-24,152.84811401367188,0.00202509902027377
2014-04-25,151.5948944091797,-0.008232914854383731
2014-04-28,152.07501220703125,0.0031621058751336866
2014-04-29,152.7830047607422,0.004644744682029898
2014-04-30,153.23866271972656,0.00297794793077027
2014-05-01,153.2549591064453,0.00010634078867297551
2014-05-02,153.03521728515625,-0.0014348606382265452
2014-05-05,153.32818603515625,0.0019125576758091249
2014-05-06,151.99363708496094,-0.008741972228714003
2014-05-07,152.88880920410156,0.005872261275913993
2014-05-08,152.7259979248047,-0.001065467319653998
2014-05-09,152.9539031982422,0.0014911370674287432
2014-05-12,154.4430389404297,0.009688758650796893
2014-05-13,154.58140563964844,0.000895506558735071
2014-05-14,153.8490753173828,-0.00474876345690296
2014-05-15,152.4981231689453,-0.008819802580384126
2014-05-16,153.02716064453125,0.0034631373071682993
2014-05-19,153.58863830566406,0.0036624224235187043
2014-05-20,152.6202850341797,-0.006324809146798289
2014-05-21,153.90599060058594,0.008388925900486179
2014-05-22,154.28025817871094,0.002428841413914917
2014-05-23,154.8987274169922,0.004000725094650626
2014-05-27,155.85086059570312,0.0061279962709981685
2014-05-28,155.73699951171875,-0.000730844192794972
2014-05-29,156.54257202148438,0.005159314730318502
2014-05-30,156.79481506347656,0.0016100414880474972
2014-06-02,156.97378540039062,0.0011407792625422783
2014-06-03,156.8925018310547,-0.0005179503148943004
2014-06-04,157.20989990234375,0.0020209853701767463
2014-06-05,158.23516845703125,0.006500479911447908
2014-06-06,158.99197387695312,0.004771387783202186
2014-06-09,159.1547393798828,0.0010232104268135197
2014-06-10,159.1710205078125,0.00010229224269904091
2014-06-11,158.61766052246094,-0.0034825692522039747
2014-06-12,157.49464416503906,-0.007105203215988329
2014-06-13,157.9747772216797,0.0030439300598655195
2014-06-16,158.10494995117188,0.0008236702683589555
2014-06-17,158.54440307617188,0.0027756469604965574
2014-06-18,159.70806884765625,0.007312879302031139
2014-06-19,159.88710021972656,0.0011203635606861521
2014-06-20,160.2117462158203,0.0020284116048563086
2014-06-23,160.16262817382812,-0.000306629033427565
2014-06-24,159.19781494140625,-0.006042177035354678
2014-06-25,159.9173583984375,0.004509623713148764
2014-06-26,159.80288696289062,-0.0007160725171398704
2014-06-27,160.11361694335938,0.0019425698542483024
2014-06-30,160.0318145751953,-0.0005110325613974706
2014-07-01,161.1029510498047,0.006670971576802283
2014-07-02,161.2664794921875,0.001014540715814314
2014-07-03,162.0595703125,0.004905836763948752
2014-07-07,161.49537658691406,-0.003487471310973387
2014-07-08,160.45697021484375,-0.006450706032719123
2014-07-09,161.1765594482422,0.004474598371558275
2014-07-10,160.5387725830078,-0.003964919525216744
2014-07-11,160.7595672607422,0.001374390621486368
2014-07-14,161.56903076171875,0.005022608652223643
2014-07-15,161.2664794921875,-0.0018743375403080169
2014-07-16,161.86334228515625,0.0036942642340907572
2014-07-17,160.0236358642578,-0.011430884613934246
2014-07-18,161.6589813232422,0.010167534457347674
2014-07-21,161.35638427734375,-0.0018735773380490189
2014-07-22,162.0595703125,0.004348500024493727
2014-07-23,162.4193878173828,0.002217818094851564
2014-07-24,162.4275665283203,5.035424115763361e-05
2014-07-25,161.6671905517578,-0.004692315164641725
2014-07-28,161.73255920410156,0.00040425914542825664
2014-07-29,161.0375213623047,-0.004306712164029236
2014-07-30,161.06204223632812,0.00015225648738455703
2014-07-31,157.88140869140625,-0.019945472959392196
2014-08-01,157.3989715576172,-0.0030603712793356116
2014-08-04,158.53555297851562,0.007195075156031454
2014-08-05,156.998291015625,-0.009743957138279807
2014-08-06,157.04736328125,0.00031251676533633016
2014-08-07,156.19700622558594,-0.00542936587115619
2014-08-08,158.00404357910156,0.011502554039837581
2014-08-11,158.4619140625,0.00289364964432609
2014-08-12,158.24114990234375,-0.0013941399438919188
2014-08-13,159.31228637695312,0.0067462065569688185
2014-08-14,160.0645294189453,0.004710701565386117
2014-08-15,160.0318145751953,-0.0002044062325466446
2014-08-18,161.37278747558594,0.008344502056910971
2014-08-19,162.21495056152344,0.0052051724363629355
2014-08-20,162.6483612060547,0.0026682662275231243
2014-08-21,163.12255859375,0.0029112342065388355
2014-08-22,162.86915588378906,-0.0015546576783753902
2014-08-25,163.69496154785156,0.005057551520468615
2014-08-26,163.8012237548828,0.0006489370901349792
2014-08-27,163.73583984375,-0.0003992458824839642
2014-08-28,163.64588928222656,-0.0005495148677178058
2014-08-29,164.1120147705078,0.0028443298957679846
2014-09-02,164.03016662597656,-0.0004988578175492138
2014-09-03,163.94017028808594,-0.0005488078037559843
2014-09-04,163.7030792236328,-0.0014472515834796033
2014-09-05,164.43902587890625,0.004485543779799805
2014-09-08,164.01382446289062,-0.002589118365710451
2014-09-09,162.9753875732422,-0.006351526854493734
2014-09-10,163.588623046875,0.0037556875498007732
2014-09-11,163.77667236328125,0.0011488654400850134
2014-09-12,162.82003784179688,-0.005858217351632514
2014-09-15,162.69737243652344,-0.0007536642109238914
2014-09-16,163.9238739013672,0.007510272179626975
2014-09-17,164.1446533203125,0.0013459349736732466
2014-09-18,165.0195770263672,0.005316044003937933
2014-09-19,164.87088012695312,-0.0009014926395116111
2014-09-22,163.5975341796875,-0.007753271063764563
2014-09-23,162.66107177734375,-0.005740630021649209
2014-09-24,163.9343719482422,0.0077974549049830725
2014-09-25,161.28921508789062,-0.016267056234655127
2014-09-26,162.57069396972656,0.007913826528671645
2014-09-29,162.2749481201172,-0.0018208397651131086
2014-09-30,161.84779357910156,-0.002635759441446277
2014-10-01,159.6544952392578,-0.013644272171711058
2014-10-02,159.67910766601562,0.00015414868076906273
2014-10-03,161.4370574951172,0.010949105539609004
2014-10-06,161.2481231689453,-0.0011710134774277083
2014-10-07,158.75904846191406,-0.015556682012038806
2014-10-08,161.5355987548828,0.01733790976560703
2014-10-09,158.33184814453125,-0.020032408916623525
2014-10-10,156.5246124267578,-0.011479869665221494
2014-10-13,153.95338439941406,-0.016563407631488107
2014-10-14,154.19166564941406,0.0015465528163192655
2014-10-15,153.14833068847656,-0.006789477329672969
2014-10-16,153.01693725585938,-0.0008583170884532564
2014-10-17,154.8241729736328,0.01174148884072275
2014-10-20,156.32745361328125,0.009662763796362035
2014-10-21,159.4244384765625,0.019617201094512805
2014-10-22,158.2908172607422,-0.007136113271656991
2014-10-23,160.1309356689453,0.01155787175647667
2014-10-24,161.3631134033203,0.007665359724426305
2014-10-27,161.141357421875,-0.001375212044824008
2014-10-28,162.98968505859375,0.011404940775025449
2014-10-29,162.74322509765625,-0.0015132643972107036
2014-10-30,163.78652954101562,0.0063902782449124845
2014-10-31,165.65945434570312,0.011370270541271094
2014-11-03,165.74981689453125,0.000545323012414591
2014-11-04,165.17481994628906,-0.0034750965197638956
2014-11-05,166.21804809570312,0.006296041322300077
2014-11-06,166.8834228515625,0.003995032738410277
2014-11-07,167.03958129882812,0.0009352962012703056
2014-11-10,167.56532287597656,0.003142464460227024
2014-11-11,167.7296142578125,0.0009799813643990153
2014-11-12,167.54885864257812,-0.0010782418040919982
2014-11-13,167.73782348632812,0.0011271838329963422
2014-11-14,167.77891540527344,0.0002449470585969051
2014-11-17,167.88565063476562,0.0006359636606795028
2014-11-18,168.85501098632812,0.005757326866882963
2014-11-19,168.5839385986328,-0.0016066458619485972
2014-11-20,168.879638671875,0.0017524863057138045
2014-11-21,169.7832794189453,0.0053365328374153885
2014-11-24,170.25975036621094,0.0028024174434556326
2014-11-25,170.1365203857422,-0.0007240384013605177
2014-11-26,170.5718994140625,0.0025557294155422565
2014-11-28,170.21046447753906,-0.0021212076113309984
2014-12-01,169.02748107910156,-0.006974386027021036
2014-12-02,170.12010192871094,0.0064433579039478795
2014-12-03,170.77731323242188,0.0038557764812080808
2014-12-04,170.5883331298828,-0.0011072005859914145
2014-12-05,170.8676300048828,0.0016359177606645333
2014-12-08,169.72584533691406,-0.006704702396565249
2014-12-09,169.6107635498047,-0.0006782751315806838
2014-12-10,166.8916473388672,-0.01616140215778803
2014-12-11,167.73782348632812,0.0050574024394800824
2014-12-12,165.02691650390625,-0.0162935950294179
2014-12-15,163.89328002929688,-0.006893106445116541
2014-12-16,162.5789337158203,-0.008051854700932832
2014-12-17,165.7662353515625,0.019414945331160345
2014-12-18,169.86546325683594,0.024428156018878915
2014-12-19,170.5882568359375,0.004246067071004806
2014-12-22,171.37295532226562,0.004589408598102157
2014-12-23,171.6042022705078,0.0013484687138131115
2014-12-24,171.6207275390625,9.629410414120369e-05
2014-12-26,172.17416381835938,0.003219575225058541
2014-12-29,172.4054412841797,0.0013423748656342866
2014-12-30,171.48031616210938,-0.005380434250793876
2014-12-31,169.77874755859375,-0.009972381020217644
2015-01-02,169.68785095214844,-0.0005355260813077218
2015-01-05,166.62335205078125,-0.01822469007029471
2015-01-06,165.05392456054688,-0.009463652255622531
2015-01-07,167.1106719970703,0.012384063466519839
2015-01-08,170.07606506347656,0.017589479034995928
2015-01-09,168.71315002441406,-0.008045842847308025
2015-01-12,167.3915252685547,-0.007864404542715232
2015-01-13,166.92074584960938,-0.002816407118779755
2015-01-14,165.9130096435547,-0.0060555113105506585
2015-01-15,164.39312744140625,-0.009202934844767106
2015-01-16,166.549072265625,0.013029316454827968
2015-01-20,166.90420532226562,0.002130032689920449
2015-01-21,167.7467498779297,0.005035373859219939
2015-01-22,170.24130249023438,0.014761456162142373
2015-01-23,169.30789184570312,-0.005497954413223036
2015-01-26,169.70437622070312,0.002339057273835226
2015-01-27,167.4658660888672,-0.0132784139364527
2015-01-28,165.31825256347656,-0.012907126391426686
2015-01-29,166.8463592529297,0.009200964916692617
2015-01-30,164.7483367919922,-0.012654306492269387
2015-02-02,166.78848266601562,0.012307360788626783
2015-02-03,169.20050048828125,0.014357966360537018
2015-02-04,168.5562286376953,-0.0038150098958114427
2015-02-05,170.2577362060547,0.010043989027254153
2015-02-06,169.78697204589844,-0.0027688386232176056
2015-02-09,169.0270538330078,-0.00448576168108019
2015-02-10,170.82777404785156,0.010597095692570098
2015-02-11,170.9268341064453,0.0005797145612929176
2015-02-12,172.5706329345703,0.009571024733014227
2015-02-13,173.28102111816406,0.004108057164506891
2015-02-17,173.55361938476562,0.0015719209726995631
2015-02-18,173.570068359375,9.477298843302353e-05
2015-02-19,173.44619750976562,-0.0007139195885261907
2015-02-20,174.4870147705078,0.005982874463588577
2015-02-23,174.4622344970703,-0.00014202795123451387
2015-02-24,174.95779418945312,0.0028364717758206327
2015-02-25,174.80914306640625,-0.0008500010502033137
2015-02-26,174.60264587402344,-0.0011819705170775785
2015-02-27,174.0078582763672,-0.0034123365057513655
2015-03-02,175.10643005371094,0.0062935000949321095
2015-03-03,174.3878631591797,-0.004112043721458566
2015-03-04,173.65272521972656,-0.004224444258902199
2015-03-05,173.84266662597656,0.0010932025553351135
2015-03-06,171.39768981933594,-0.014164147599908252
2015-03-09,172.10804748535156,0.004135934870849379
2015-03-10,169.31613159179688,-0.0163548939809947
2015-03-11,168.91961669921875,-0.0023446077253782066
2015-03-12,171.06732177734375,0.012634212692556983
2015-03-13,170.01829528808594,-0.006151123028224933
2015-03-16,172.289794921875,0.013271862634442565
2015-03-17,171.77760314941406,-0.0029772780198233655
2015-03-18,173.84266662597656,0.011950040156480364
2015-03-19,173.04971313476562,-0.004571762993959318
2015-03-20,174.57716369628906,0.008787930355454958
2015-03-23,174.237060546875,-0.001950053831251457
2015-03-24,173.2579803466797,-0.005635089286480532
2015-03-25,170.71908569335938,-0.014762267669008984
2015-03-26,170.31256103515625,-0.0023840887181934196
2015-03-27,170.7025146484375,0.002287017853794192
2015-03-30,172.78501892089844,0.012125795469166449
2015-03-31,171.27493286132812,-0.008778096656546617
2015-04-01,170.6692657470703,-0.0035424946532941633
2015-04-02,171.28334045410156,0.0035915817338294264
2015-04-06,172.43653869628906,0.00671013019096876
2015-04-07,171.9802703857422,-0.0026495139925198272
2015-04-08,172.56100463867188,0.0033710608567653704
2015-04-09,173.32431030273438,0.00441364157542033
2015-04-10,174.27015686035156,0.005442255165070417
2015-04-13,173.48202514648438,-0.004532728212986205
2015-04-14,173.81382751464844,0.0019107770310208274
2015-04-15,174.5937957763672,0.004477339257531969
2015-04-16,174.54400634765625,-0.00028521362479549803
2015-04-17,172.53614807128906,-0.011570126667991393
2015-04-20,174.11257934570312,0.009095329174698059
2015-04-21,173.9051971435547,-0.0011917909986497155
2015-04-22,174.75973510742188,0.004901781600926807
2015-04-23,175.19944763183594,0.0025129373795288574
2015-04-24,175.60604858398438,0.0023181001358870685
2015-04-27,174.87586975097656,-0.004166719315484584
2015-04-28,175.43177795410156,0.003173831193323005
2015-04-29,174.70994567871094,-0.004123092161026545
2015-04-30,172.95932006835938,-0.010070722830158012
2015-05-01,174.8344268798828,0.010782971209516042
2015-05-04,175.3322296142578,0.00284323513101727
2015-05-05,173.32431030273438,-0.011518163467428497
2015-05-06,172.61082458496094,-0.004124974063085587
2015-05-07,173.2993927001953,0.003981200845235233
2015-05-08,175.5811309814453,0.013080528490993006
2015-05-11,174.7431640625,-0.004783958914413986
2015-05-12,174.2204132080078,-0.002996021817548782
2015-05-13,174.2536163330078,0.000190562981948506
2015-05-14,176.07061767578125,0.010373348228635608
2015-05-15,176.261474609375,0.0010833923814540579
2015-05-18,176.80911254882812,0.003102146701231713
2015-05-19,176.75096130371094,-0.0003289469029005619
2015-05-20,176.6265869140625,-0.0007039179224109599
2015-05-21,177.1409454345703,0.002907891968136389
2015-05-22,176.71783447265625,-0.0023914125497604397
2015-05-26,174.81785583496094,-0.010809696944097412
2015-05-27,176.4772186279297,0.009447187023087925
2015-05-28,176.278076171875,-0.0011290686781793373
2015-05-29,175.18289184570312,-0.006232201983194761
2015-06-01,175.53968811035156,0.0020346359665819715
2015-06-02,175.3654022216797,-0.0009933506683433124
2015-06-03,175.8300323486328,0.002645993383173643
2015-06-04,174.3449249267578,-0.008482138971133016
2015-06-05,174.04623413085938,-0.001714686847332064
2015-06-08,172.97581481933594,-0.006169191321857249
2015-06-09,172.9509735107422,-0.00014362176896659014
2015-06-10,175.02525329589844,0.011922103836708822
2015-06-11,175.5894775390625,0.003218488446684863
2015-06-12,174.24533081054688,-0.0076845031479303395
2015-06-15,173.4985809326172,-0.0042948330686199895
2015-06-16,174.44448852539062,0.005437153408684387
2015-06-17,174.7265625,0.0016156782479067775
2015-06-18,176.54359436035156,0.01034558747120514
2015-06-19,175.75991821289062,-0.00444887667632134
2015-06-22,176.6602783203125,0.0051095940309765315
2015-06-23,176.78530883789062,0.0007074951694757115
2015-06-24,175.50143432617188,-0.007288836271443725
2015-06-25,174.9678192138672,-0.003045148864059811
2015-06-26,174.9344940185547,-0.00019048285280202925
2015-06-29,171.26608276367188,-0.02119319727321691
2015-06-30,171.62451171875,0.002090632355601541
2015-07-01,173.00015258789062,0.007983457471572013
2015-07-02,172.841796875,-0.0009157693229721249
2015-07-06,172.34988403320312,-0.0028500870790770503
2015-07-07,173.43377685546875,0.006269216824790391
2015-07-08,170.5240478515625,-0.016919507035465013
2015-07-09,170.83251953125,0.0018073287180001498
2015-07-10,172.98350524902344,0.012512585957156938
2015-07-13,174.89280700683594,0.01097701028926042
2015-07-14,175.65150451660156,0.00432868923843465
2015-07-15,175.5931854248047,-0.0003320710262837627
2015-07-16,177.00216674804688,0.007992100941128458
2015-07-17,177.15219116210938,0.0008472261864665141
2015-07-20,177.24392700195312,0.0005177022952050317
2015-07-21,176.54364013671875,-0.003958803784315778
2015-07-22,176.22674560546875,-0.0017966055502216401
2015-07-23,175.23463439941406,-0.005645649267062863
2015-07-24,173.4170684814453,-0.010426350242194104
2015-07-27,172.4082489013672,-0.005834289110502915
2015-07-28,174.52593994140625,0.012208179013407842
2015-07-29,175.72653198242188,0.006855607537452727
2015-07-30,175.76821899414062,0.0002371984890152522
2015-07-31,175.50143432617188,-0.0015189739093179684
2015-08-03,174.9095001220703,-0.003378517671433015
2015-08-04,174.567626953125,-0.0019564844249419394
2015-08-05,175.14292907714844,0.0032901645837238517
2015-08-06,173.70889282226562,-0.008221509778335415
2015-08-07,173.37538146972656,-0.0019217894896859018
2015-08-10,175.55979919433594,0.01252064212805314
2015-08-11,173.9756317138672,-0.00906447923311189
2015-08-12,174.18408203125,0.0011974409103684051
2015-08-13,173.96737670898438,-0.001244891238062981
2015-08-14,174.6009979248047,0.003635567422806694
2015-08-17,175.57644653320312,0.005571181964105676
2015-08-18,175.0678253173828,-0.0029010687661167474
2015-08-19,173.68386840820312,-0.007936673563353615
2015-08-20,170.05714416503906,-0.021102275800803486
2015-08-21,164.9380340576172,-0.030564670516811655
2015-08-24,157.99298095703125,-0.04301924448003397
2015-08-25,156.13377380371094,-0.011837443549266524
2015-08-26,162.1282958984375,0.03767480762748952
2015-08-27,166.13858032226562,0.024434289509778967
2015-08-28,166.1468963623047,5.005358719725346e-05
2015-08-31,164.8045654296875,-0.008111994951089677
2015-09-01,159.88560485839844,-0.030301730055564156
2015-09-02,162.9203338623047,0.018802742132736774
2015-09-03,163.03709411621094,0.0007164141625750411
2015-09-04,160.5692138671875,-0.015252657520314645
2015-09-08,164.60443115234375,0.02482011995060865
2015-09-09,162.4033966064453,-0.013461866038562507
2015-09-10,163.28717041015625,0.0054270897740572935
2015-09-11,164.0292510986328,0.0045343399301617125
2015-09-14,163.42062377929688,-0.003717381296565584
2015-09-15,165.46322631835938,0.012421581674620616
2015-09-16,166.89724731445312,0.008629364853275787
2015-09-17,166.5220947265625,-0.0022503358318019607
2015-09-18,163.8008575439453,-0.016476594960640766
2015-09-21,164.64730834960938,0.0051542542628313925
2015-09-22,162.51025390625,-0.013064560238569061
2015-09-23,162.2504425048828,-0.0016000178572468237
2015-09-24,161.6637420654297,-0.0036225710944899348
2015-09-25,161.6218719482422,-0.00025902864591948686
2015-09-28,157.56561279296875,-0.025417522464671473
2015-09-29,157.6578369140625,0.00058513491817186
2015-09-30,160.5994415283203,0.01848622850250334
2015-10-01,161.01841735839844,0.002605427873551134
2015-10-02,163.42373657226562,0.014827686563408179
2015-10-05,166.33184814453125,0.01763843951689585
2015-10-06,165.76190185546875,-0.0034324454985350124
2015-10-07,167.11959838867188,0.008157281559755347
2015-10-08,168.6282196044922,0.008986693512576511
2015-10-09,168.7287139892578,0.0005957748469408642
2015-10-12,168.88796997070312,0.0009434130528695521
2015-10-13,167.82363891601562,-0.006321935872874814
2015-10-14,167.01905822753906,-0.004805732625060306
2015-10-15,169.5835418701172,0.015237750760452279
2015-10-16,170.35459899902344,0.004536463306324986
2015-10-19,170.43838500976562,0.0004917120736744537
2015-10-20,170.22048950195312,-0.0012792594224378285
2015-10-21,169.16448974609375,-0.006223040077402128
2015-10-22,172.02236938476562,0.01675296925064706
2015-10-23,173.907958984375,0.010901664985976356
2015-10-26,173.48056030273438,-0.0024606391608269734
2015-10-27,173.14540100097656,-0.0019338390289507037
2015-10-28,175.11483764648438,0.011310264115403522
2015-10-29,175.01422119140625,-0.0005747392586137094
2015-10-30,174.25997924804688,-0.004318916855690875
2015-11-02,176.32159423828125,0.011761249939232239
2015-11-03,176.83282470703125,0.0028952254222687967
2015-11-04,176.29649353027344,-0.0030375930938141625
2015-11-05,176.12046813964844,-0.0009989610286021385
2015-11-06,176.02833557128906,-0.0005232593124875275
2015-11-09,174.38568115234375,-0.009375575023641067
2015-11-10,174.7879638671875,0.0023041996357374413
2015-11-11,174.10073852539062,-0.003939515529639293
2015-11-12,171.6703338623047,-0.014058114653891212
2015-11-13,169.74278259277344,-0.011291726400143401
2015-11-16,172.32408142089844,0.015092650581509994
2015-11-17,172.1983642578125,-0.0007298053885469545
2015-11-18,174.930419921875,0.01574120154810722
2015-11-19,174.77955627441406,-0.0008627929832632122
2015-11-20,175.41650390625,0.0036376670478879968
2015-11-23,175.21534729003906,-0.0011473951245071048
2015-11-24,175.45005798339844,0.0013386591598715085
2015-11-25,175.42489624023438,-0.000143422851385175
2015-11-27,175.6260986328125,0.0011462859672685935
2015-11-30,174.89691162109375,-0.004160571730022586
2015-12-01,176.56466674804688,0.009490469213886776
2015-12-02,174.7627716064453,-0.01025772965404284
2015-12-03,172.31565856933594,-0.01410144437144902
2015-12-04,175.67633056640625,0.01931525198478412
2015-12-07,174.6119384765625,-0.006077253849715362
2015-12-08,173.43870544433594,-0.0067417629960985015
2015-12-09,172.08937072753906,-0.007810315103608344
2015-12-10,172.53355407714844,0.002577794822144205
2015-12-11,169.18966674804688,-0.019571359866658745
2015-12-14,170.04449462890625,0.005039761837177675
2015-12-15,171.82958984375,0.010443093051871844
2015-12-16,174.34378051757812,0.014525871121145251
2015-12-17,171.68711853027344,-0.015355358119433405
2015-12-18,168.62850952148438,-0.017975615076503648
2015-12-21,170.01953125,0.008215193264407544
2015-12-22,171.56234741210938,0.00903342214544299
2015-12-23,173.6868438720703,0.012307187558601088
2015-12-24,173.40017700195312,-0.0016518447424416357
2015-12-28,173.00396728515625,-0.0022875585994516
2015-12-29,174.8502655029297,0.010615455450389966
2015-12-30,173.61099243164062,-0.0071128612890148
2015-12-31,171.87423706054688,-0.010054091189824395
2016-01-04,169.47157287597656,-0.01407782838135089
2016-01-05,169.7582550048828,0.001690194514707347
2016-01-06,167.61679077148438,-0.01269502899320273
2016-01-07,163.595458984375,-0.024283699666487663
2016-01-08,161.79971313476562,-0.011037435303269245
2016-01-11,161.95989990234375,0.000989541463474102
2016-01-12,163.26661682128906,0.008035777425117234
2016-01-13,159.19471740722656,-0.02525645980518435
2016-01-14,161.80813598632812,0.016283196832957716
2016-01-15,158.3347625732422,-0.02169974547312865
2016-01-19,158.54550170898438,0.0013300870427403147
2016-01-20,156.5137481689453,-0.012897775300189781
2016-01-21,157.39053344726562,0.005586337044972841
2016-01-22,160.61947631835938,0.02030787548701975
2016-01-25,158.1914825439453,-0.015231852292635935
2016-01-26,160.3496551513672,0.01355056145126324
2016-01-27,158.6045379638672,-0.010942854111195034
2016-01-28,159.43077087402344,0.0051958681694504955
2016-01-29,163.31723022460938,0.024084717519040122
2016-02-01,163.2581787109375,-0.00036164091171432685
2016-02-02,160.31594848632812,-0.018186320043355762
2016-02-03,161.27706909179688,0.005977265764400162
2016-02-04,161.5299072265625,0.001566497659702887
2016-02-05,158.45278930664062,-0.019233619899304243
2016-02-08,156.31982421875,-0.013552625886742392
2016-02-09,156.32823181152344,5.3783112437839336e-05
2016-02-10,156.1934051513672,-0.000862830937602402
2016-02-11,154.1615753173828,-0.013093773201743852
2016-02-12,157.33995056152344,0.02040751191604971
2016-02-16,159.99560546875,0.016737594349565805
2016-02-17,162.60906982421875,0.016202626498488363
2016-02-18,161.94302368164062,-0.004104407834255445
2016-02-19,161.8671112060547,-0.00046887029649625054
2016-02-22,164.21084594726562,0.014375550704867722
2016-02-23,162.13694763183594,-0.012709914236398572
2016-02-24,162.87884521484375,0.004565309673509
2016-02-25,164.8515625,0.012038804240403081
2016-02-26,164.47222900390625,-0.0023037124777688686
2016-02-29,163.18234252929688,-0.007873493918367369
2016-03-01,167.0182647705078,0.023234934929282365
2016-03-02,167.7686004638672,0.004482475435124251
2016-03-03,168.42616271972656,0.003911798554760562
2016-03-04,168.97409057617188,0.003247942660226547
2016-03-07,169.1090545654297,0.0007984071277539273
2016-03-08,167.2627410888672,-0.010977924087113837
2016-03-09,168.0889434814453,0.004927388781488302
2016-03-10,168.2238006591797,0.0008019748719716196
2016-03-11,170.93846130371094,0.016008376651269807
2016-03-14,170.71920776367188,-0.001283469331951265
2016-03-15,170.4410400390625,-0.0016307162868108003
2016-03-16,171.42742919921875,0.005770592997718471
2016-03-17,172.5149688720703,0.006323985082538633
2016-03-18,173.1929168701172,0.003922090846452735
2016-03-21,173.43862915039062,0.0014177147132128315
2016-03-22,173.34544372558594,-0.0005374262218835219
2016-03-23,172.20144653320312,-0.00662139584703484
2016-03-24,172.12521362304688,-0.00044279412675868047
2016-03-28,172.2268829345703,0.0005904962710785389
2016-03-29,173.82000732421875,0.009207628734485123
2016-03-30,174.58265686035156,0.004377984629040814
2016-03-31,174.158935546875,-0.0024300027940740007
2016-04-01,175.34530639648438,0.006788904189458868
2016-04-04,174.777587890625,-0.0032429698981340394
2016-04-05,173.03192138671875,-0.010038145109501401
2016-04-06,174.921630859375,0.010861955796933343
2016-04-07,172.82850646972656,-0.012038239199503298
2016-04-08,173.2946014404297,0.002693233949346344
2016-04-11,172.8878631591797,-0.002349850209084919
2016-04-12,174.4978790283203,0.009269392502519028
2016-04-13,176.26052856445312,0.010050589441011677
2016-04-14,176.26901245117188,4.8131493865445145e-05
2016-04-15,176.07403564453125,-0.0011067442800213637
2016-04-18,177.311279296875,0.007002264414366566
2016-04-19,177.87063598632812,0.0031496938769262
2016-04-20,178.0400848388672,0.0009521987140437764
2016-04-21,177.08248901367188,-0.005393057026950995
2016-04-22,177.08248901367188,0.0
2016-04-25,176.7774658203125,-0.0017239773234529582
2016-04-26,177.04014587402344,0.0014848333903706773
2016-04-27,177.40451049804688,0.002055975429853492
2016-04-28,175.79443359375,-0.009117173672592538
2016-04-29,174.8453369140625,-0.005413527371331298
2016-05-02,176.23512268066406,0.007917233717949222
2016-05-03,174.70130920410156,-0.008741316682047593
2016-05-04,173.72679138183594,-0.005593810382909681
2016-05-05,173.69288635253906,-0.00019518197487039242
2016-05-06,174.32846069335938,0.0036525061051818843
2016-05-09,174.47250366210938,0.0008259322172722558
2016-05-10,176.64183044433594,0.012356968515096546
2016-05-11,174.9894256591797,-0.009398578311701577
2016-05-12,175.04025268554688,0.00029041552684773057
2016-05-13,173.51486206054688,-0.008752706810405202
2016-05-16,175.22671508789062,0.009817394246636512
2016-05-17,173.59121704101562,-0.009377442391584098
2016-05-18,173.64198303222656,0.00029240286678771667
2016-05-19,173.04039001464844,-0.00347057519039339
2016-05-20,174.13351440429688,0.0062972935934157434
2016-05-23,173.89630126953125,-0.001363177295829291
2016-05-24,176.1504364013672,0.012879230387294207
2016-05-25,177.34518432617188,0.006759645121622687
2016-05-26,177.39599609375,0.00028647233944184276
2016-05-27,178.1587677001953,0.004290606422933487
2016-05-31,177.81971740722656,-0.0019048926251261909
2016-06-01,178.1841278076172,0.0020472280429745197
2016-06-02,178.72650146484375,0.003039271068120571
2016-06-03,178.192626953125,-0.0029915735379315413
2016-06-06,179.09934997558594,0.0050755406083868556
2016-06-07,179.3789825439453,0.0015601089366344236
2016-06-08,179.96368408203125,0.0032542868320848857
2016-06-09,179.71795654296875,-0.0013663615238490648
2016-06-10,178.01466369628906,-0.00952278669599289
2016-06-13,176.64183044433594,-0.0077418016103679025
2016-06-14,176.29443359375,-0.0019686101892947786
2016-06-15,176.0486602783203,-0.001395079736571897
2016-06-16,176.57406616210938,0.0029799909830444133
2016-06-17,175.91644287109375,-0.0037313007706502453
2016-06-20,177.0493927001953,0.0064196225572392945
2016-06-21,177.5519561767578,0.0028345284903368655
2016-06-22,177.26229858398438,-0.0016327284106228382
2016-06-23,179.5707550048828,0.012938760032302751
2016-06-24,173.12252807617188,-0.036569709981371
2016-06-27,170.0219268798828,-0.01807218820007465
2016-06-28,173.08837890625,0.01787491440341537
2016-06-29,176.0356903076172,0.016884435535987577
2016-06-30,178.4378204345703,0.013553435310529077
2016-07-01,178.81265258789062,0.0020984285209971034
2016-07-05,177.52639770507812,-0.007219306827087177
2016-07-06,178.5911407470703,0.005979746009243971
2016-07-07,178.48046875,-0.0006198868667833083
2016-07-08,181.13807678222656,0.014780419124637715
2016-07-11,181.7769012451172,0.0035205222235035177
2016-07-12,183.09722900390625,0.007237199966961001
2016-07-13,183.0717010498047,-0.00013943266098071275
2016-07-14,184.09390258789062,0.0055680824616800954
2016-07-15,183.84686279296875,-0.001342823928669688
2016-07-18,184.34088134765625,0.002683515999716253
2016-07-19,184.1534881591797,-0.0010170749956440424
2016-07-20,184.92015075683594,0.004154529717329653
2016-07-21,184.2216033935547,-0.0037847151630165683
2016-07-22,185.04794311523438,0.0044755442674580355
2016-07-25,184.54537963867188,-0.0027195501399344697
2016-07-26,184.63055419921875,0.00046143073939122444
2016-07-27,184.4346466064453,-0.0010616422829686125
2016-07-28,184.6475372314453,0.0011536219190890604
2016-07-29,184.9456787109375,0.0016133496574133822
2016-08-01,184.7923583984375,-0.0008293456766668969
2016-08-02,183.60830688476562,-0.006428086061525105
2016-08-03,184.14498901367188,0.002918709449434541
2016-08-04,184.34088134765625,0.0010632285696395283
2016-08-05,185.84854125976562,0.008145388040806018
2016-08-08,185.73789978027344,-0.0005955087190600702
2016-08-09,185.84854125976562,0.0005955087190600743
2016-08-10,185.3886260986328,-0.002477744347090291
2016-08-11,186.24896240234375,0.004629982903942598
2016-08-12,186.0870819091797,-0.0008695397925452014
2016-08-15,186.623779296875,0.002879968439426046
2016-08-16,185.6611785888672,-0.005171322841920921
2016-08-17,186.01043701171875,0.001879393050174273
2016-08-18,186.4278564453125,0.00224155042972541
2016-08-19,186.15525817871094,-0.0014632886169173931
2016-08-22,186.146728515625,-4.582120639846593e-05
2016-08-23,186.52154541015625,0.002011531687238536
2016-08-24,185.5675048828125,-0.005128033825615523
2016-08-25,185.43975830078125,-0.0006886473649252186
2016-08-26,185.09048461914062,-0.001885264653907451
2016-08-29,186.00192260742188,0.0049121987044636215
2016-08-30,185.69528198242188,-0.0016499488873107746
2016-08-31,185.16714477539062,-0.0028481589179551064
2016-09-01,185.17568969726562,4.614600894710135e-05
2016-09-02,186.01043701171875,0.0044977366426550746
2016-09-06,186.5726776123047,0.0030180703595701916
2016-09-07,186.55567932128906,-9.11122980150086e-05
2016-09-08,186.12974548339844,-0.002285756270512676
2016-09-09,181.67469787597656,-0.02422627338661818
2016-09-12,184.28126525878906,0.01424549249282856
2016-09-13,181.63209533691406,-0.01448001901451029
2016-09-14,181.5640106201172,-0.0003749198654814929
2016-09-15,183.37835693359375,0.009943275559499806
2016-09-16,182.6694793701172,-0.0038731465089704865
2016-09-19,182.7037353515625,0.00018751227602581907
2016-09-20,182.7122802734375,4.676818481498289e-05
2016-09-21,184.7669677734375,0.01118272078212562
2016-09-22,185.9312744140625,0.0062817156206376795
2016-09-23,184.91249084472656,-0.00549442232958138
2016-09-26,183.41433715820312,-0.008134959685947716
2016-09-27,184.55296325683594,0.0061887549873398465
2016-09-28,185.46900939941406,0.004951316849907333
2016-09-29,183.79095458984375,-0.00908880747825553
2016-09-30,185.1779022216797,0.007518001255597876
2016-10-03,184.7327423095703,-0.002406852214658959
2016-10-04,183.79095458984375,-0.005111149040938852
2016-10-05,184.60433959960938,0.0044158345359864865
2016-10-06,184.7327423095703,0.0006953145049521783
2016-10-07,184.09913635253906,-0.0034357473795677707
2016-10-10,185.05809020996094,0.0051953798838241146
2016-10-11,182.72085571289062,-0.012710167276265777
2016-10-12,182.9605712890625,0.0013110625413718753
2016-10-13,182.36135864257812,-0.0032804665406390523
2016-10-14,182.45547485351562,0.0005159642011227811
2016-10-17,181.82196044921875,-0.003478200852337134
2016-10-18,182.9605712890625,0.006242703191853542
2016-10-19,183.4485321044922,0.002663476968126287
2016-10-20,183.10609436035156,-0.0018684137044628955
2016-10-21,183.19166564941406,0.00046722257115025886
2016-10-24,183.97076416015625,0.004243896525500298
2016-10-25,183.3543701171875,-0.0033561254813024542
2016-10-26,182.98623657226562,-0.0020097890439389667
2016-10-27,182.49826049804688,-0.0026702985658188356
2016-10-28,181.95889282226562,-0.0029598435077268417
2016-10-31,181.96751403808594,4.737889671865235e-05
2016-11-01,180.64907836914062,-0.0072718210163865895
2016-11-02,179.5618133544922,-0.006036843091667913
2016-11-03,178.7399139404297,-0.0045877582664545155
2016-11-04,178.54298400878906,-0.0011023754717281499
2016-11-07,182.4811553955078,0.021817530581929964
2016-11-08,183.30303955078125,0.0044938275067951
2016-11-09,185.24642944335938,0.010546252639527263
2016-11-10,185.70867919921875,0.002492215280759477
2016-11-11,185.28065490722656,-0.002307475943690305
2016-11-14,185.4261932373047,0.000785193682199168
2016-11-15,186.87303161621094,0.007772488182232057
2016-11-16,186.52197265625,-0.0018803629367427905
2016-11-17,187.48085021972656,0.005127660037828435
2016-11-18,187.0613555908203,-0.002240040229428333
2016-11-21,188.47389221191406,0.0075228266373576535
2016-11-22,188.84210205078125,0.0019517325602409078
2016-11-23,188.9447784423828,0.0005435678126019444
2016-11-25,189.64683532714844,0.003708786269793715
2016-11-28,188.7565155029297,-0.004705674329549591
2016-11-29,189.12460327148438,0.0019481676468368536
2016-11-30,188.67086791992188,-0.0024020169870791444
2016-12-01,187.97743225097656,-0.003682143007720801
2016-12-02,188.07154846191406,0.000500552947779061
2016-12-05,189.20166015625,0.005990963835487265
2016-12-06,189.8009490966797,0.003162455483219629
2016-12-07,192.28370666503906,0.01299603360140451
2016-12-08,192.75453186035156,0.0024456034900940766
2016-12-09,193.91885375976562,0.006022268206982138
2016-12-12,193.69625854492188,-0.0011485374653724522
2016-12-13,194.98902893066406,0.006652040581146462
2016-12-14,193.37945556640625,-0.00828894539177921
2016-12-15,194.17572021484375,0.004109173705463792
2016-12-16,193.79591369628906,-0.0019579093247377
2016-12-19,194.21792602539062,0.0021752445521367363
2016-12-20,194.96707153320312,0.0038498217442956536
2016-12-21,194.42454528808594,-0.002786534546354311
2016-12-22,194.08872985839844,-0.0017287209204999968
2016-12-23,194.3729248046875,0.001463181725044686
2016-12-27,194.8551788330078,0.0024780033640254464
2016-12-28,193.24478149414062,-0.008298926802935914
2016-12-29,193.20169067382812,-0.00022301055175561946
2016-12-30,192.49554443359375,-0.003661664979402435
2017-01-03,193.96812438964844,0.007620830633098608
2017-01-04,195.12210083007812,0.005931682417965133
2017-01-05,194.96707153320312,-0.0007948403391855092
2017-01-06,195.6646728515625,0.00357166088000537
2017-01-09,195.01876831054688,-0.003306539573717674
2017-01-10,195.01876831054688,0.0
2017-01-11,195.56988525390625,0.0028219831993018868
2017-01-12,195.0790252685547,-0.002513050621477143
2017-01-13,195.52687072753906,0.0022930819007820034
2017-01-17,194.83790588378906,-0.0035298551529096733
2017-01-18,195.26853942871094,0.0022077754675171833
2017-01-19,194.54510498046875,-0.0037116980852919027
2017-01-20,195.25990295410156,0.0036674684022600275
2017-01-23,194.7517547607422,-0.002605811753805806
2017-01-24,196.00050354003906,0.006391533274048975
2017-01-25,197.69699096679688,0.008618281553397722
2017-01-26,197.4902801513672,-0.0010461411557970263
2017-01-27,197.18023681640625,-0.0015711505441138003
2017-01-30,195.9574737548828,-0.006220553111906047
2017-01-31,195.94021606445312,-8.807242751952424e-05
2017-02-01,196.01771545410156,0.0003954474928373733
2017-02-02,196.1468963623047,0.000658809637499701
2017-02-03,197.49888610839844,0.006869094614348001
2017-02-06,197.1458282470703,-0.0017892445669496055
2017-02-07,197.15443420410156,4.3651794594961754e-05
2017-02-08,197.4127960205078,0.001309596101958506
2017-02-09,198.58396911621094,0.005915081200551064
2017-02-10,199.3675994873047,0.003938325393274465
2017-02-13,200.45269775390625,0.0054279431946597295
2017-02-14,201.25352478027344,0.003987133095553414
2017-02-15,202.30413818359375,0.005206769060722602
2017-02-16,202.13192749023438,-0.0008516090348187025
2017-02-17,202.45057678222656,0.0015752008775207042
2017-02-21,203.65621948242188,0.005937582199306483
2017-02-22,203.47535705566406,-0.0008884716837401214
2017-02-23,203.61317443847656,0.0006770880406375663
2017-02-24,203.87149047851562,0.0012678566674131824
2017-02-27,204.19015502929688,0.0015618454665734046
2017-02-28,203.63900756835938,-0.0027028366140023955
2017-03-01,206.48947143554688,0.01390056975594076
2017-03-02,205.18905639648438,-0.006317644843695118
2017-03-03,205.3182830810547,0.0006295950226051576
2017-03-06,204.70687866210938,-0.0029822797678959625
2017-03-07,204.095458984375,-0.002991275133873646
2017-03-08,203.716552734375,-0.0018582403075139379
2017-03-09,203.97482299804688,0.0012669892648926263
2017-03-10,204.6895751953125,0.003497994585445901
2017-03-13,204.79290771484375,0.000504698130138739
2017-03-14,204.00929260253906,-0.0038337174871080812
2017-03-15,205.77467346191406,0.008616207207890327
2017-03-16,205.3699493408203,-0.00196876830864191
2017-03-17,205.0092315673828,-0.0017579735187256875
2017-03-20,204.78436279296875,-0.0010974734601953892
2017-03-21,202.1551055908203,-0.01292228448518037
2017-03-22,202.6307373046875,0.0023500423303465827
2017-03-23,202.41456604003906,-0.0010673931206585227
2017-03-24,202.26751708984375,-0.0007267381621146919
2017-03-27,202.05987548828125,-0.0010270964749254775
2017-03-28,203.5302734375,0.007250690851266474
2017-03-29,203.72055053710938,0.0009344467942288359
2017-03-30,204.36924743652344,0.0031791897225238114
2017-03-31,203.89352416992188,-0.0023304769133807375
2017-04-03,203.5389404296875,-0.00174057720267165
2017-04-04,203.66867065429688,0.0006371699617945645
2017-04-05,203.06320190429688,-0.002977239985785331
2017-04-06,203.63404846191406,0.0028072328100840712
2017-04-07,203.42649841308594,-0.0010197503462679336
2017-04-10,203.54759216308594,0.0005950931834613478
2017-04-11,203.3053741455078,-0.001190690820778479
2017-04-12,202.41456604003906,-0.004391253417434719
2017-04-13,201.09988403320312,-0.0065161813087238046
2017-04-17,202.88160705566406,0.008820872314245016
2017-04-18,202.27618408203125,-0.0029885809306532873
2017-04-19,201.90420532226562,-0.0018406576594995837
2017-04-20,203.54759216308594,0.008106491822844834
2017-04-21,202.8988800048828,-0.003192118783007972
2017-04-24,205.13035583496094,0.010937932292769573
2017-04-25,206.3239288330078,0.005801744643414656
2017-04-26,206.1941375732422,-0.0006292634171353521
2017-04-27,206.3671417236328,0.0008386834597093139
2017-04-28,205.9174346923828,-0.002181537876141902
2017-05-01,206.4363555908203,0.0025168735420767123
2017-05-02,206.51417541503906,0.00037689659800359336
2017-05-03,206.2633819580078,-0.001215150792050217
2017-05-04,206.50552368164062,0.001173255776298577
2017-05-05,207.31854248046875,0.00392930190074461
2017-05-08,207.2840118408203,-0.00016657224789556286
2017-05-09,207.0936279296875,-0.000918890916190833
2017-05-10,207.4656219482422,0.0017946487432437183
2017-05-11,207.04180908203125,-0.002044899474263526
2017-05-12,206.6958465576172,-0.0016723766876514882
2017-05-15,207.83749389648438,0.005508122574770005
2017-05-16,207.6472625732422,-0.0009157078981731461
2017-05-17,203.96273803710938,-0.017903466621939552
2017-05-18,204.78436279296875,0.004020216220698032
2017-05-19,206.1163330078125,0.0064831960319442815
2017-05-22,207.16290283203125,0.005064721237476276
2017-05-23,207.6212921142578,0.0022102552335547905
2017-05-24,208.1056365966797,0.0023301098298626048
2017-05-25,209.10025024414062,0.004767984168488745
2017-05-26,209.0570526123047,-0.00020660948257755432
2017-05-30,208.87539672851562,-0.0008693074467669475
2017-05-31,208.82351684570312,-0.0002484080345593193
2017-06-01,210.48414611816406,0.007920856695215169
2017-06-02,211.18467712402344,0.00332266277106543
2017-06-05,211.02903747558594,-0.0007372553287847212
2017-06-06,210.35438537597656,-0.003202084559934703
2017-06-07,210.74362182617188,0.00184867443869381
2017-06-08,210.847412109375,0.0004923742534611096
2017-06-09,210.52734375,-0.001519162771287459
2017-06-12,210.48414611816406,-0.00020520880321371499
2017-06-13,211.51339721679688,0.00487800536188778
2017-06-14,211.2452392578125,-0.0012686103691902024
2017-06-15,210.83877563476562,-0.0019259850378158007
2017-06-16,210.88485717773438,0.00021853906002284275
2017-06-19,212.6404571533203,0.008290460908109342
2017-06-20,211.20640563964844,-0.006766863750613282
2017-06-21,211.15420532226562,-0.0002471836449413408
2017-06-22,211.05862426757812,-0.0004527624440647745
2017-06-23,211.31069946289062,0.0011936246837937845
2017-06-26,211.44973754882812,0.0006577630202731959
2017-06-27,209.7462158203125,-0.008089018916954668
2017-06-28,211.6235809326172,0.008910831052010574
2017-06-29,209.76365661621094,-0.008827682611154025
2017-06-30,210.1547393798828,0.0018626613193081362
2017-07-03,210.5111083984375,0.0016943096554604671
2017-07-05,210.99777221679688,0.002309151987011091
2017-07-06,209.06834411621094,-0.009186371355155551
2017-07-07,210.42420959472656,0.006464335006909486
2017-07-10,210.65016174316406,0.0010732173958111566
2017-07-11,210.4937286376953,-0.0007428962700696967
2017-07-12,212.0754852294922,0.007486413716512299
2017-07-13,212.43186950683594,0.0016790491712061367
2017-07-14,213.42263793945312,0.004653092560528052
2017-07-17,213.39659118652344,-0.00012205051311940512
2017-07-18,213.5095672607422,0.0005292782716793567
2017-07-19,214.66554260253906,0.005399557908561279
2017-07-20,214.76116943359375,0.0004453697450815023
2017-07-21,214.5699462890625,-0.0008907957060334321
2017-07-24,214.51768493652344,-0.0002435929120036096
2017-07-25,215.0392303466797,0.0024282959853738906
2017-07-26,215.0478973388672,4.0303425193370506e-05
2017-07-27,214.8480682373047,-0.0009296626716973508
2017-07-28,214.59596252441406,-0.0011741029041873743
2017-07-31,214.47430419921875,-0.0005670788115174104
2017-08-01,214.9523468017578,0.002226423529581436
2017-08-02,215.0566864013672,0.0004852902781128464
2017-08-03,214.63943481445312,-0.001942078121989824
2017-08-04,215.0304718017578,0.0018201744606419553
2017-08-07,215.43031311035156,0.001857736814141103
2017-08-08,214.9001922607422,-0.00246378590946349
2017-08-09,214.89149475097656,-4.0473140964121496e-05
2017-08-10,211.85821533203125,-0.014215969834386092
2017-08-11,212.17111206054688,0.0014758261520828764
2017-08-14,214.2744140625,0.009864420792557553
2017-08-15,214.24830627441406,-0.00012185019313666032
2017-08-16,214.62203979492188,0.0017428745938622748
2017-08-17,211.27590942382812,-0.015713619793462093
2017-08-18,210.94564819335938,-0.0015643980837347418
2017-08-21,211.11073303222656,0.0007822881237183848
2017-08-22,213.31837463378906,0.010402969406319467
2017-08-23,212.55352783203125,-0.003591913998820373
2017-08-24,212.0581512451172,-0.00233331693909942
2017-08-25,212.55352783203125,0.002333316939099317
2017-08-28,212.56222534179688,4.091831319782063e-05
2017-08-29,212.80560302734375,0.0011443164991473674
2017-08-30,213.8137969970703,0.004726441631704079
2017-08-31,215.10012817382812,0.005998103385415617
2017-09-01,215.40426635742188,0.0014129390457130898
2017-09-05,213.8572235107422,-0.007207958697423405
2017-09-06,214.58726501464844,0.003407873038361883
2017-09-07,214.5612335205078,-0.00012131695327560219
2017-09-08,214.3091278076172,-0.0011756734186454203
2017-09-11,216.59503173828125,0.010609901639004934
2017-09-12,217.32501220703125,0.0033645883271732056
2017-09-13,217.42930603027344,0.0004797828146511434
2017-09-14,217.35977172851562,-0.0003198530317691118
2017-09-15,217.6524200439453,0.0013454719895807155
2017-09-18,218.11534118652344,0.00212462397588813
2017-09-19,218.33367919921875,0.0010005202014939233
2017-09-20,218.41232299804688,0.00036013517826126294
2017-09-21,217.8270721435547,-0.0026831653084530027
2017-09-22,217.87078857421875,0.00020067314876751587
2017-09-25,217.42530822753906,-0.00204679300125099
2017-09-26,217.55636596679688,0.0006025897227338919
2017-09-27,218.40353393554688,0.0038864539388994155
2017-09-28,218.6656036376953,0.0011992140877790278
2017-09-29,219.43423461914062,0.003508934279266485
2017-10-02,220.38624572753906,0.004329096246072159
2017-10-03,220.8579559326172,0.0021380921630372637
2017-10-04,221.11997985839844,0.0011856879507326629
2017-10-05,222.43017578125,0.005907786151750478
2017-10-06,222.1768341064453,-0.0011396208183372023
2017-10-09,221.80996704101562,-0.0016526038520848429
2017-10-10,222.3951873779297,0.0026349116829430877
2017-10-11,222.7445831298828,0.0015698252407657836
2017-10-12,222.4126739501953,-0.0014911999564806004
2017-10-13,222.68341064453125,0.0012165316078758647
2017-10-16,222.98043823242188,0.0013329671348440764
2017-10-17,223.1376190185547,0.0007046600785690819
2017-10-18,223.35597229003906,0.0009780802821897166
2017-10-19,223.41709899902344,0.00027363649823135787
2017-10-20,224.5700225830078,0.005147139610992602
2017-10-23,223.69662475585938,-0.00389678303098967
2017-10-24,224.08969116210938,0.0017555985666997853
2017-10-25,222.98043823242188,-0.004962332005692961
2017-10-26,223.26861572265625,0.0012915546945800346
2017-10-27,225.09410095214844,0.00814293984995735
2017-10-30,224.25563049316406,-0.0037319324946492993
2017-10-31,224.60501098632812,0.0015567440378438282
2017-11-01,224.90196228027344,0.0013212312813976146
2017-11-02,224.98928833007812,0.00038820959857707623
2017-11-03,225.7404327392578,0.003333017857220287
2017-11-06,226.08978271484375,0.0015463775252438812
2017-11-07,225.9326171875,-0.0006953882538167038
2017-11-08,226.31692504882812,0.001699539382314224
2017-11-09,225.49591064453125,-0.003634315995990716
2017-11-10,225.42601013183594,-0.00031003377762105227
2017-11-13,225.63560485839844,0.0009293397384395887
2017-11-14,225.11155700683594,-0.0023252418740041794
2017-11-15,223.98483276367188,-0.0050177495649711325
2017-11-16,225.88897705078125,0.00846528789471208
2017-11-17,225.2251434326172,-0.0029430872020442694
2017-11-20,225.6094207763672,0.0017047381337657764
2017-11-21,227.08554077148438,0.006521500578128335
2017-11-22,226.88467407226562,-0.0008849334417070601
2017-11-24,227.4087677001953,0.0023072922135533606
2017-11-27,227.29522705078125,-0.0004994046812192653
2017-11-28,229.6010284423828,0.010093411532771025
2017-11-29,229.46128845214844,-0.000608806209561477
2017-11-30,231.47015380859375,0.008716602477371377
2017-12-01,230.98983764648438,-0.0020772233001434756
2017-12-04,230.71034240722656,-0.0012107219597218366
2017-12-05,229.88052368164062,-0.0036032830197947918
2017-12-06,229.92420959472656,0.00019001941500742067
2017-12-07,230.64918518066406,0.0031481461713599584
2017-12-08,231.9069061279297,0.005438147158762894
2017-12-11,232.60569763183594,0.003008710744947341
2017-12-12,233.0161895751953,0.0017631991149251204
2017-12-13,232.99002075195312,-0.00011231104946568356
2017-12-14,232.0379638671875,-0.00409462761999232
2017-12-15,233.9702911376953,0.008293150709713116
2017-12-18,235.4539337158203,0.006321137426242312
2017-12-19,234.54965209960938,-0.0038479822678267007
2017-12-20,234.42672729492188,-0.0005242260075499657
2017-12-21,234.90957641601562,0.0020575833901070074
2017-12-22,234.84814453125,-0.0002615471013097748
2017-12-26,234.56712341308594,-0.0011973242922712483
2017-12-27,234.6813507080078,0.00048685207721587575
2017-12-28,235.1641387939453,0.002055093713326655
2017-12-29,234.2774658203125,-0.003777569006756974
2018-01-02,235.95436096191406,0.007132236290937706
2018-01-03,237.44671630859375,0.006304845349493894
2018-01-04,238.4475555419922,0.004206147323646755
2018-01-05,240.0365753173828,0.0066419156437730435
2018-01-08,240.4755096435547,0.0018269444702705105
2018-01-09,241.0198211669922,0.002260922258113889
2018-01-10,240.65098571777344,-0.0015314838102579434
2018-01-11,242.40692138671875,0.0072701155584736134
2018-01-12,243.9871063232422,0.006497573596346512
2018-01-16,243.15318298339844,-0.003423753578833714
2018-01-17,245.47079467773438,0.009486350161209923
2018-01-18,245.0581512451172,-0.0016824431397298363
2018-01-19,246.1730499267578,0.004539209208618552
2018-01-22,248.1747283935547,0.008098304449478495
2018-01-23,248.7014617919922,0.0021201804640854235
2018-01-24,248.6048583984375,-0.00038850660386856425
2018-01-25,248.7103271484375,0.0004241525481077545
2018-01-26,251.5897979736328,0.011511100941204278
2018-01-29,249.92172241210938,-0.006652216928301647
2018-01-30,247.35829162597656,-0.010309899534168682
2018-01-31,247.4811248779297,0.000496457033854845
2018-02-01,247.2001953125,-0.0011358002987558453
2018-02-02,241.81875610351562,-0.02201001184361698
2018-02-05,231.70523071289062,-0.04272249728666631
2018-02-06,236.27032470703125,0.019510586627342497
2018-02-07,234.98866271972656,-0.005439323944845104
2018-02-08,226.17442321777344,-0.03823078348505915
2018-02-09,229.5719451904297,0.014909981292971459
2018-02-12,232.94309997558594,0.01457775058670725
2018-02-13,233.5224609375,0.002484047305407792
2018-02-14,236.67417907714844,0.01340615850839185
2018-02-15,239.6941375732422,0.012679260348441085
2018-02-16,239.76438903808594,0.00029304501410369106
2018-02-20,238.26319885253906,-0.006280788634474822
2018-02-21,237.0780029296875,-0.0049867269004791465
2018-02-22,237.38528442382812,0.0012952805635033687
2018-02-23,241.16905212402344,0.015813654843282957
2018-02-26,243.969482421875,0.011544996752202
2018-02-27,240.92323303222656,-0.012564797817972664
2018-02-28,238.4826202392578,-0.010181911052628981
2018-03-01,235.0149383544922,-0.01464735696918683
2018-03-02,236.22642517089844,0.005141694168568536
2018-03-05,238.9567413330078,0.011491763184298277
2018-03-06,239.5625,0.00253180619814975
2018-03-07,239.47467041015625,-0.0003666921744411375
2018-03-08,240.63351440429688,0.004827437987035697
2018-03-09,244.8211212158203,0.017252737439332828
2018-03-12,244.51385498046875,-0.0012558524964806468
2018-03-13,242.9335479736328,-0.0064840330831618526
2018-03-14,241.68702697753906,-0.005144328613058105
2018-03-15,241.4236297607422,-0.0010904219943063272
2018-03-16,241.68540954589844,0.0010837297151509522
2018-03-19,238.41534423828125,-0.013622623385276979
2018-03-20,238.82078552246094,0.0016991227463268319
2018-03-21,238.3625030517578,-0.0019207823181383308
2018-03-22,232.40403747558594,-0.025315239178277125
2018-03-23,227.4504852294922,-0.02154483042598601
2018-03-26,233.67332458496094,0.02699152383199373
2018-03-27,229.69813537597656,-0.0171580991785925
2018-03-28,229.01943969726562,-0.002959102553855263
2018-03-29,231.94573974609375,0.012696574448215118
2018-04-02,226.93930053710938,-0.021820880698145955
2018-04-03,229.84796142578125,0.012735469853400197
2018-04-04,232.30711364746094,0.010642208920241513
2018-04-05,234.14047241210938,0.007860982714768802
2018-04-06,228.92245483398438,-0.02253792366883956
2018-04-09,230.0506134033203,0.004916021960550503
2018-04-10,233.70864868164062,0.015775905494439284
2018-04-11,232.48336791992188,-0.00525656184336122
2018-04-12,234.3961181640625,0.00819381019189677
2018-04-13,233.70864868164062,-0.0029372483485355576
2018-04-16,235.63009643554688,0.008187938919374383
2018-04-17,238.1509246826172,0.010641422610241624
2018-04-18,238.32723999023438,0.0007400772112433314
2018-04-19,237.005126953125,-0.005562913609773979
2018-04-20,234.9954833984375,-0.008515479236411602
2018-04-23,234.960205078125,-0.00015013466692204627
2018-04-24,231.7958984375,-0.013558923364820076
2018-04-25,232.36880493164062,0.0024685495510994512
2018-04-26,234.73101806640625,0.010114468714306567
2018-04-27,234.9513397216797,0.0009381730771026863
2018-04-30,233.1444854736328,-0.007720056982855473
2018-05-01,233.5587615966797,0.0017753304030217229
2018-05-02,231.98980712890625,-0.006740265197324652
2018-05-03,231.47857666015625,-0.002206108092695692
2018-05-04,234.4753875732422,0.012863297514958877
2018-05-07,235.26864624023438,0.0033774113727622593
2018-05-08,235.26864624023438,0.0
2018-05-09,237.54281616210938,0.009619849096791613
2018-05-10,239.76393127441406,0.00930693377698008
2018-05-11,240.4954833984375,0.00304648974064298
2018-05-14,240.61009216308594,0.0004764391544730475
2018-05-15,238.9530792236328,-0.006910537057921291
2018-05-16,239.9578094482422,0.004195902504819969
2018-05-17,239.755126953125,-0.0008450158075707539
2018-05-18,239.15570068359375,-0.0025032910010111442
2018-05-21,240.95384216308594,0.007490581738721313
2018-05-22,240.28396606445312,-0.0027839729956236235
2018-05-23,240.945068359375,0.002747559534126505
2018-05-24,240.45138549804688,-0.002051045579752374
2018-05-25,239.8785400390625,-0.00238521774354518
2018-05-29,237.1197052001953,-0.011567613212696925
2018-05-30,240.28396606445312,0.013256317001867864
2018-05-31,238.81202697753906,-0.00614467137951682
2018-06-01,241.156494140625,0.009769331554877102
2018-06-04,242.3024444580078,0.004740640298620506
2018-06-05,242.47872924804688,0.0007272757580976131
2018-06-06,244.50595092773438,0.00832565570211396
2018-06-07,244.47950744628906,-0.00010815651475206114
2018-06-08,245.20233154296875,0.0029522214798057707
2018-06-11,245.52845764160156,0.0013291448339185592
2018-06-12,245.84573364257812,0.001291382619180645
2018-06-13,245.06129455566406,-0.0031958790953069997
2018-06-14,245.6782684326172,0.002514466933403448
2018-06-15,245.36483764648438,-0.0012765919114583399
2018-06-18,244.8601837158203,-0.002058867201547122
2018-06-19,243.9216766357422,-0.0038401925667044317
2018-06-20,244.33773803710938,0.0017042641250479256
2018-06-21,242.80613708496094,-0.006288105329953038
2018-06-22,243.24874877929688,0.0018212421253262418
2018-06-25,239.9375,-0.013706104527416054
2018-06-26,240.4687042236328,0.002211480349157971
2018-06-27,238.4766082763672,-0.008318726097587768
2018-06-28,239.840087890625,0.005701173796874682
2018-06-29,240.1853790283203,0.0014386369934286142
2018-07-02,240.69891357421875,0.002135793366555478
2018-07-03,239.84898376464844,-0.0035373401924145265
2018-07-05,241.8056182861328,0.008124682194822085
2018-07-06,243.85081481933594,0.00842245045632093
2018-07-09,246.0465545654297,0.008964140600319137
2018-07-10,246.93197631835938,0.0035921349492597228
2018-07-11,245.1258087158203,-0.007341315469049761
2018-07-12,247.34805297851562,0.009024882409940918
2018-07-13,247.5427703857422,0.000786910599597614
2018-07-16,247.321533203125,-0.0008941327784289828
2018-07-17,248.32196044921875,0.0040368878741460475
2018-07-18,248.84437561035156,0.002101571709574775
2018-07-19,247.90576171875,-0.0037790226437689157
2018-07-20,247.62258911132812,-0.001142911955580329
2018-07-23,248.08299255371094,0.0018575686528437337
2018-07-24,249.331298828125,0.005019191915801064
2018-07-25,251.45632934570312,0.008486804197108322
2018-07-26,250.86297607421875,-0.002362455677297789
2018-07-27,249.1630096435547,-0.0067995385394501815
2018-07-30,247.8614959716797,-0.0052372333036394434
2018-07-31,249.08352661132812,0.004918182283241887
2018-08-01,248.6672821044922,-0.0016725019691625088
2018-08-02,250.02194213867188,0.00543289608187035
2018-08-03,251.0931854248047,0.00427544434010669
2018-08-06,252.01402282714844,0.003660605197106023
2018-08-07,252.84620666503906,0.0032966929972738377
2018-08-08,252.7400360107422,-0.0004199902880885672
2018-08-09,252.39466857910156,-0.0013674272716490998
2018-08-10,250.7036895751953,-0.006722285391374968
2018-08-13,249.7651824951172,-0.003750515696654581
2018-08-14,251.3588409423828,0.006360356898625344
2018-08-15,249.4818572998047,-0.007495367036472058
2018-08-16,251.50051879882812,0.008058856041696228
2018-08-17,252.38587951660156,0.0035141318831077763
2018-08-20,252.926025390625,0.0021378719737484495
2018-08-21,253.51918029785156,0.0023424258805579217
2018-08-22,253.36865234375,-0.0005939300525011
2018-08-23,253.03225708007812,-0.0013285731004540806
2018-08-24,254.5550994873047,0.0060003345495400935
2018-08-27,256.56488037109375,0.007864264052129519
2018-08-28,256.6887512207031,0.0004826886528994531
2018-08-29,258.0700378417969,0.005366746389788118
2018-08-30,257.0252380371094,-0.004056730032187993
2018-08-31,257.0340881347656,3.4432203469794404e-05
2018-09-04,256.5914001464844,-0.0017237777641444729
2018-09-05,255.90084838867188,-0.0026948785184808173
2018-09-06,255.130615234375,-0.003014427847869511
2018-09-07,254.6348114013672,-0.0019452240714680632
2018-09-10,255.077392578125,0.0017365928636935237
2018-09-11,255.91856384277344,0.003292284464783519
2018-09-12,255.9805908203125,0.00024234061446517494
2018-09-13,257.4944152832031,0.005896407150881727
2018-09-14,257.538818359375,0.00017242800418070103
2018-09-17,256.17529296875,-0.005308511339677614
2018-09-18,257.5653381347656,0.005411479933814235
2018-09-19,257.83984375,0.0010652032646872279
2018-09-20,259.9293212890625,0.008071121353066465
2018-09-21,259.6918640136719,-0.0009139630894065699
2018-09-24,258.8291015625,-0.003327785392091844
2018-09-25,258.5888977050781,-0.0009284712747438278
2018-09-26,257.815185546875,-0.002996539966442883
2018-09-27,258.5356750488281,0.0027906992106864676
2018-09-28,258.5622863769531,0.00010292567418034613
2018-10-01,259.46063232421875,0.0034683671914653067
2018-10-02,259.3094482421875,-0.0005828558429824151
2018-10-03,259.4516906738281,0.0005483927940423828
2018-10-04,257.42388916015625,-0.007846421833296464
2018-10-05,255.9830780029297,-0.005612759591806743
2018-10-08,255.9830780029297,0.0
2018-10-09,255.60951232910156,-0.001460403247748567
2018-10-10,247.51617431640625,-0.032175006849119364
2018-10-11,242.06419372558594,-0.022272976337377296
2018-10-12,245.42611694335938,0.013792998316566744
2018-10-15,244.04757690429688,-0.005632759027685463
2018-10-16,249.38380432128906,0.021629898971591746
2018-10-17,249.42831420898438,0.00017846353831421614
2018-10-18,245.8262939453125,-0.014546391771091955
2018-10-19,245.69293212890625,-0.0005426514878939957
2018-10-22,244.59010314941406,-0.004498751782660108
2018-10-23,243.3448944091797,-0.005104005450294651
2018-10-24,235.9718780517578,-0.030767118488542113
2018-10-25,240.20533752441406,0.017781493438653873
2018-10-26,235.9807891845703,-0.017743730614404048
2018-10-29,234.67343139648438,-0.00555550590391321
2018-10-30,238.15087890625,0.014709523749382636
2018-10-31,240.69456481933594,0.0106243460109464
2018-11-01,243.25596618652344,0.01058548393130833
2018-11-02,241.81517028808594,-0.00594057253579464
2018-11-05,243.14923095703125,0.005501698807338612
2018-11-06,244.68788146972656,0.006308071180449704
2018-11-07,249.92633056640625,0.02118275151012708
2018-11-08,249.47276306152344,-0.001816453555412397
2018-11-09,247.03587341308594,-0.009816180574038397
2018-11-12,242.41993713378906,-0.018862062857731718
2018-11-13,241.96636962890625,-0.0018727516905949395
2018-11-14,240.31216430664062,-0.006859985228537708
2018-11-15,242.82017517089844,0.010382386722294547
2018-11-16,243.45169067382812,0.002597377731771914
2018-11-19,239.33383178710938,-0.017059164195717617
2018-11-20,234.9045867919922,-0.018679945006687626
2018-11-21,235.70506286621094,0.0034018717923636373
2018-11-23,234.13087463378906,-0.00670103752128247
2018-11-26,237.91078186035156,0.016015484940341274
2018-11-27,238.71124267578125,0.0033588945822917524
2018-11-28,244.20761108398438,0.022764096770077145
2018-11-29,243.67391967773438,-0.0021877918530342046
2018-11-30,245.15928649902344,0.0060772115070880485
2018-12-03,248.405517578125,0.013154414019905605
2018-12-04,240.3565673828125,-0.03293904407109235
2018-12-06,239.9918975830078,-0.0015183555125543688
2018-12-07,234.41543579101562,-0.023510254815870622
2018-12-10,234.86016845703125,0.0018954013169800383
2018-12-11,234.91354370117188,0.00022723810630056508
2018-12-12,236.09637451171875,0.005022540933036406
2018-12-13,236.01638793945312,-0.0003388452056058046
2018-12-14,231.65838623046875,-0.018637429668320018
2018-12-17,227.11366271972656,-0.01981320437627521
2018-12-18,226.8646240234375,-0.0010971393502391057
2018-12-19,223.4671173095703,-0.015089192543476817
2018-12-20,219.8295440673828,-0.016411830751603067
2018-12-21,215.32533264160156,-0.020702386837164893
2018-12-24,209.6358184814453,-0.02677823196061079
2018-12-26,220.2276611328125,0.049290007074303914
2018-12-27,221.91836547851562,0.00764775655306172
2018-12-28,221.63217163085938,-0.0012904680005039295
2018-12-31,223.57337951660156,0.008720556977886847
2019-01-02,223.80592346191406,0.001039583032596547
2019-01-03,218.46531677246094,-0.02415199455643711
2019-01-04,225.78297424316406,0.03294697830871323
2019-01-07,227.56324768066406,0.007853964597950618
2019-01-08,229.70126342773438,0.009351398482313672
2019-01-09,230.77476501464844,0.004662581612953334
2019-01-10,231.5888214111328,0.0035212861113557955
2019-01-11,231.67828369140625,0.0003862233273208112
2019-01-14,230.26480102539062,-0.00611974558846245
2019-01-15,232.90380859375,0.011395574189418252
2019-01-16,233.4674530029297,0.0024171501549205307
2019-01-17,235.23867797851562,0.007557969866232579
2019-01-18,238.3697052001953,0.013222201921800817
2019-01-22,235.1492156982422,-0.01360257855374518
2019-01-23,235.64126586914062,0.002090315625858473
2019-01-24,235.76651000976562,0.000531362230240495
2019-01-25,237.76145935058594,0.008425948508965869
2019-01-28,235.95436096191406,-0.007629498855629705
2019-01-29,235.64126586914062,-0.0013278118835765929
2019-01-30,239.3717041015625,0.01570700238780561
2019-01-31,241.47384643554688,0.008743579821215264
2019-02-01,241.59019470214844,0.0004817094999552178
2019-02-04,243.2899169921875,0.0070109258402436345
2019-02-05,244.3096923828125,0.004182845342229842
2019-02-06,243.9877471923828,-0.0013186439697911395
2019-02-07,241.66172790527344,-0.009579077883953376
2019-02-08,241.9569549560547,0.001220908529451749
2019-02-11,242.09120178222656,0.0005546837757569568
2019-02-12,245.2042999267578,0.012777218285412515
2019-02-13,246.00042724609375,0.00324153238927102
2019-02-14,245.45480346679688,-0.0022204423490716925
2019-02-15,248.1295623779297,0.010838208335235397
2019-02-19,248.5589599609375,0.0017290421287069941
2019-02-20,249.05995178222656,0.0020135568754931447
2019-02-21,248.1742706298828,-0.0035624341571826646
2019-02-22,249.71302795410156,0.006181166813631708
2019-02-25,250.05296325683594,0.0013603781014999929
2019-02-26,249.87403869628906,-0.0007158027771556474
2019-02-27,249.76666259765625,-0.0004298132638425576
2019-02-28,249.3014373779297,-0.0018643762424631924
2019-03-01,250.8581085205078,0.006224718419221716
2019-03-04,249.94561767578125,-0.003644109685224493
2019-03-05,249.6056365966797,-0.0013611461434021508
2019-03-06,248.09384155273438,-0.006075150808970076
2019-03-07,246.0183563232422,-0.008400915601409698
2019-03-08,245.52627563476562,-0.002002181779104704
2019-03-11,249.0867156982422,0.014397121084404316
2019-03-12,250.02615356445312,0.003764434994409076
2019-03-13,251.68112182617188,0.006597370002951449
2019-03-14,251.5200958251953,-0.0006400064261552912
2019-03-15,252.76272583007812,0.004928315883998877
2019-03-18,253.6791534423828,0.003619087007124154
2019-03-19,253.74208068847656,0.00024802764324251405
2019-03-20,252.9783172607422,-0.0030145382313926097
2019-03-21,255.83566284179688,0.011231513794190498
2019-03-22,250.91177368164062,-0.01943391825722747
2019-03-25,250.72308349609375,-0.0007523009685079226
2019-03-26,252.59193420410156,0.007426201209836883
2019-03-27,251.2711639404297,-0.0052425878919034824
2019-03-28,252.22361755371094,0.003783374860676902
2019-03-29,253.8140411376953,0.006285812106369351
2019-04-01,256.823974609375,0.01178904914732136
2019-04-02,256.94976806640625,0.0004896842679806226
2019-04-03,257.3540954589844,0.0015723291406189695
2019-04-04,258.0369567871094,0.0026498780866620712
2019-04-05,259.285888671875,0.004828452182960992
2019-04-08,259.4836730957031,0.0007625136399187
2019-04-09,258.1539001464844,-0.005137864572422151
2019-04-10,259.0342712402344,0.00340445506208747
2019-04-11,258.96246337890625,-0.0002772521793632358
2019-04-12,260.71466064453125,0.006743432891519851
2019-04-15,260.5438537597656,-0.0006553634565539999
2019-04-16,260.71466064453125,0.0006553634565540969
2019-04-17,260.07659912109375,-0.0024503554187177133
2019-04-18,260.5887451171875,0.0019672757825566697
2019-04-22,260.81353759765625,0.000862261259102848
2019-04-23,263.1585998535156,0.008951155017767193
2019-04-24,262.5745849609375,-0.0022217168315531296
2019-04-25,262.4128723144531,-0.0006160629148675749
2019-04-26,263.634765625,0.004645569792264527
2019-04-29,264.0481262207031,0.0015667010874980873
2019-04-30,264.1828918457031,0.0005102526103721063
2019-05-01,262.1971435546875,-0.007544958309905007
2019-05-02,261.6311340332031,-0.002161050733531777
2019-05-03,264.19195556640625,0.009740316962325923
2019-05-06,263.1046447753906,-0.00412410143138215
2019-05-07,258.7108459472656,-0.016840828801804267
2019-05-08,258.3515625,-0.001389710407175329
2019-05-09,257.5697937011719,-0.003030575833973918
2019-05-10,258.8636169433594,0.005010620623866496
2019-05-13,252.3583221435547,-0.025451356683602582
2019-05-14,254.64060974121094,0.009003186675378364
2019-05-15,256.1321716308594,0.0058404291845002895
2019-05-16,258.50433349609375,0.00921885113809213
2019-05-17,256.8330383300781,-0.006486240342144357
2019-05-20,255.13478088378906,-0.006634259464715442
2019-05-21,257.4349060058594,0.008974937926990244
2019-05-22,256.6443176269531,-0.003075747728458143
2019-05-23,253.5084686279297,-0.0122939189182079
2019-05-24,254.08355712890625,0.002265948706290983
2019-05-28,251.72044372558594,-0.009344056564189653
2019-05-29,250.03115844726562,-0.006733577546471112
2019-05-30,250.7140655517578,0.0027275648179669347
2019-05-31,247.33558654785156,-0.013567044213610874
2019-06-03,246.7066650390625,-0.0025460245414392142
2019-06-04,252.06187438964844,0.02147455071723311
2019-06-05,254.24525451660156,0.008624779454367322
2019-06-06,255.89842224121094,0.006481207498376106
2019-06-07,258.4592590332031,0.00995749862199328
2019-06-10,259.6454162597656,0.004578840359946962
2019-06-11,259.5824890136719,-0.0002423877675399482
2019-06-12,259.1241760253906,-0.0017671379160480135
2019-06-13,260.19342041015625,0.004117888178778833
2019-06-14,259.9058837890625,-0.0011056990388823471
2019-06-17,260.00482177734375,0.00038059608473640824
2019-06-18,262.7272033691406,0.010416068174140366
2019-06-19,263.3202819824219,0.0022548491574655234
2019-06-20,265.8361511230469,0.009509052297977483
2019-06-21,265.4497985839844,-0.001454405513188118
2019-06-24,265.1247253417969,-0.0012253633305174972
2019-06-25,262.5243835449219,-0.009856409514281229
2019-06-26,262.2625427246094,-0.0009978939220230477
2019-06-27,263.1924743652344,0.003539532714508353
2019-06-28,264.54681396484375,0.005132619847563014
2019-07-01,266.9485778808594,0.009037821592783194
2019-07-02,267.64373779296875,0.0026007119202765827
2019-07-03,269.7835693359375,0.007963282931438505
2019-07-05,269.4765930175781,-0.001138509287162173
2019-07-08,267.995849609375,-0.005510039351266409
2019-07-09,268.3299255371094,0.0012457949493492515
2019-07-10,269.612060546875,0.004766824195621179
2019-07-11,270.24407958984375,0.002341436115010409
2019-07-12,271.4538879394531,0.004466733986858889
2019-07-15,271.5442199707031,0.0003327158263256395
2019-07-16,270.66839599609375,-0.0032305583106343773
2019-07-17,268.8265686035156,-0.006827995325859032
2019-07-18,269.8106994628906,0.0036541547078114537
2019-07-19,268.3117980957031,-0.005570870017398155
2019-07-22,268.9710388183594,0.0024539814347057116
2019-07-23,270.8941650390625,0.007124498269326271
2019-07-24,272.1672668457031,0.004688619239461228
2019-07-25,270.8671569824219,-0.004788323871612573
2019-07-26,272.6819763183594,0.006677689167526276
2019-07-29,272.185302734375,-0.001823099828691233
2019-07-30,271.51715087890625,-0.002457786193058993
2019-07-31,268.5466003417969,-0.011000851244031388
2019-08-01,266.2081298828125,-0.008746010958374306
2019-08-02,264.20379638671875,-0.007557684649267475
2019-08-05,256.2583312988281,-0.03053471904205264
2019-08-06,259.85174560546875,0.013925216864922846
2019-08-07,260.0052490234375,0.0005905601887289633
2019-08-08,265.1066589355469,0.019430412196047266
2019-08-09,263.30084228515625,-0.006834966106167181
2019-08-12,260.0955505371094,-0.012248199884315553
2019-08-13,264.14056396484375,0.015432335142609745
2019-08-14,256.3304748535156,-0.03001387135295594
2019-08-15,257.00775146484375,0.002638716423537448
2019-08-16,260.7998962402344,0.014647186418376477
2019-08-19,263.94183349609375,0.011975319003741776
2019-08-20,261.9193115234375,-0.007692266160686369
2019-08-21,264.0502624511719,0.008102988053815591
2019-08-22,263.9690246582031,-0.0003077076750528223
2019-08-23,257.1882629394531,-0.02602340808363638
2019-08-26,260.03240966796875,0.010997918477413717
2019-08-27,259.0120849609375,-0.003931555124322571
2019-08-28,260.8359680175781,0.007017014029212442
2019-08-29,264.1676330566406,0.012692140614168826
2019-08-30,264.0502624511719,-0.0004444022377832283
2019-09-03,262.5062561035156,-0.005864558574447815
2019-09-04,265.48583984375,0.011286590814863823
2019-09-05,268.8988037109375,0.012773609102004733
2019-09-06,269.1064453125,0.0007718943718455052
2019-09-09,269.2419128417969,0.0005032709029544086
2019-09-10,269.1785583496094,-0.00023533463480573003
2019-09-11,271.0928955078125,0.007086604913232012
2019-09-12,272.0317687988281,0.0034573065371928187
2019-09-13,271.8512268066406,-0.0006639001413084366
2019-09-16,271.01153564453125,-0.0030935694612154977
2019-09-17,271.69775390625,0.0025288626549666462
2019-09-18,271.8601989746094,0.0005977102251366275
2019-09-19,271.8421936035156,-6.623245123112355e-05
2019-09-20,270.5577697753906,-0.00473608523488383
2019-09-23,270.4942321777344,-0.0002348668805177874
2019-09-24,268.371826171875,-0.007877345206748423
2019-09-25,269.9591064453125,0.005897059883093342
2019-09-26,269.3967590332031,-0.0020852563284222314
2019-09-27,267.94549560546875,-0.005401648368159687
2019-09-30,269.1880798339844,0.0046267316062980944
2019-10-01,265.9861755371094,-0.011965981061152348
2019-10-02,261.2876892089844,-0.017822277977511555
2019-10-03,263.42828369140625,0.008159104994275803
2019-10-04,266.9930725097656,0.013441549624459318
2019-10-07,265.841064453125,-0.0043240842570584455
2019-10-08,261.71392822265625,-0.015646597933925168
2019-10-09,264.19921875,0.009451404827368691
2019-10-10,265.9861755371094,0.0067409007223910924
2019-10-11,268.7436828613281,0.010313737767220499
2019-10-14,268.4443359375,-0.0011144960212716576
2019-10-15,271.10205078125,0.009851743631033189
2019-10-16,270.6665954589844,-0.0016075327321413372
2019-10-17,271.46478271484375,0.002944628791988
2019-10-18,270.2766418457031,-0.004386383319773596
2019-10-21,272.10894775390625,0.00675649542969131
2019-10-22,271.219970703125,-0.003272337671935007
2019-10-23,272.00909423828125,0.0029053087956994635
2019-10-24,272.4535827636719,0.0016327606754801527
2019-10-25,273.56915283203125,0.00408617278306839
2019-10-28,275.11114501953125,0.005620745826623906
2019-10-29,275.0294494628906,-0.0002969988328820533
2019-10-30,275.8731994628906,0.003063157025592294
2019-10-31,275.1384582519531,-0.002666882401208091
2019-11-01,277.6872863769531,0.009221155889533728
2019-11-04,278.8029479980469,0.004009641308709676
2019-11-05,278.4945068359375,-0.0011069176466804557
2019-11-06,278.55810546875,0.0002283397714471946
2019-11-07,279.5376892089844,0.003510453780695544
2019-11-08,280.2270202636719,0.002462932698261319
2019-11-11,279.6918640136719,-0.001911549790455037
2019-11-12,280.28143310546875,0.0021057050851368947
2019-11-13,280.3721618652344,0.00032365354069438626
2019-11-14,280.78033447265625,0.0014547656192272667
2019-11-15,282.8121337890625,0.00721020323402503
2019-11-18,283.0207824707031,0.0007374922352582069
2019-11-19,282.939208984375,-0.00028826591322573386
2019-11-20,281.88690185546875,-0.003726132082902141
2019-11-21,281.4334411621094,-0.001609957094311015
2019-11-22,282.0593566894531,0.0022215573549634795
2019-11-25,284.2453308105469,0.007720172643924669
2019-11-26,284.8893737792969,0.0022632365886946612
2019-11-27,286.1593017578125,0.004447712170287107
2019-11-29,285.0979309082031,-0.0037159164390546395
2019-12-02,282.6761169433594,-0.008530959319962485
2019-12-03,280.78033447265625,-0.006729143377697272
2019-12-04,282.5128479003906,0.0061513930758829456
2019-12-05,283.0207824707031,0.0017963023934002985
2019-12-06,285.60595703125,0.009092756961299004
2019-12-09,284.7079772949219,-0.0031490743057843392
2019-12-10,284.3903503417969,-0.0011162464223868614
2019-12-11,285.1977233886719,0.0028349385278272385
2019-12-12,287.6558532714844,0.008582105690663528
2019-12-13,287.8281555175781,0.0005988081288475176
2019-12-16,289.80560302734375,0.006846743997870231
2019-12-17,289.8690185546875,0.00021879697759986054
2019-12-18,289.8872375488281,6.285053056295405e-05
2019-12-19,291.0755310058594,0.004090778887979356
2019-12-20,292.35162353515625,0.004374477788056695
2019-12-23,292.79827880859375,0.001526635682231109
2019-12-24,292.8073425292969,3.0955033126658e-05
2019-12-26,294.3660888671875,0.0053093342313210974
2019-12-27,294.2931213378906,-0.0002479109420378113
2019-12-30,292.670654296875,-0.005528351971988008
2019-12-31,293.3816223144531,0.002426296747700063
2020-01-02,296.12530517578125,0.009308466260424373
2020-01-03,293.88299560546875,-0.00760097904757377
2020-01-06,295.00421142578125,0.003807918262614534
2020-01-07,294.17462158203125,-0.00281609027860223
2020-01-08,295.74249267578125,0.005315576536375734
2020-01-09,297.74774169921875,0.006757505137935725
2020-01-10,296.8908996582031,-0.002881893555009584
2020-01-13,298.9327392578125,0.0068538656718953655
2020-01-14,298.4770812988281,-0.00152544545357113
2020-01-15,299.15155029296875,0.0022571518325603212
2020-01-16,301.6400146484375,0.008283999747994217
2020-01-17,302.5788269042969,0.0031075264350710675
2020-01-21,301.9862976074219,-0.001960184147498024
2020-01-22,302.0228576660156,0.00012105796185117945
2020-01-23,302.3691101074219,0.0011457878256148954
2020-01-24,299.6802062988281,-0.00893256287954129
2020-01-27,294.87646484375,-0.016159421700109988
2020-01-28,297.96661376953125,0.010424940506176072
2020-01-29,297.72039794921875,-0.0008266617518600945
2020-01-30,298.6866455078125,0.0032402313640927964
2020-01-31,293.2630920410156,-0.018324884332703788
2020-02-03,295.441650390625,0.007401225563031514
2020-02-04,299.9445495605469,0.015126266032749048
2020-02-05,303.4083557128906,0.011481984014668467
2020-02-06,304.42919921875,0.0033589384445875522
2020-02-07,302.8068542480469,-0.005343387704041766
2020-02-10,305.06732177734375,0.00743732186041085
2020-02-11,305.5959777832031,0.0017314161119783443
2020-02-12,307.56488037109375,0.006422162565820383
2020-02-13,307.2366943359375,-0.00106761621905397
2020-02-14,307.72894287109375,0.0016008980356131146
2020-02-18,306.9358825683594,-0.0025804656781416024
2020-02-19,308.4035339355469,0.004770226352689139
2020-02-20,307.136474609375,-0.00411690904958709
2020-02-21,303.9735107421875,-0.010351629615714956
2020-02-24,293.8921203613281,-0.03372779943907212
2020-02-25,284.9864807128906,-0.03077101940572122
2020-02-26,283.9383239746094,-0.0036846975753091916
2020-02-27,271.1860656738281,-0.04595187098560963
2020-02-28,270.0466613769531,-0.00421041050610911
2020-03-02,281.74151611328125,0.042395277085974306
2020-03-03,273.674560546875,-0.02905037582616749
2020-03-04,285.1778564453125,0.04117337808728622
2020-03-05,275.6980895996094,-0.03380665459508796
2020-03-06,271.1405334472656,-0.01666912866035873
2020-03-09,249.96595764160156,-0.08131252091626759
2020-03-10,262.9004211425781,0.05045059448946904
2020-03-11,250.08438110351562,-0.04997694831846493
2020-03-12,226.15707397460938,-0.10056860988157684
2020-03-13,245.4904022216797,0.08202807620412991
2020-03-16,218.62796020507812,-0.11588637829993785
2020-03-17,230.43206787109375,0.05258462925453169
2020-03-18,218.76463317871094,-0.05195968507327027
2020-03-19,219.2294921875,0.0021226731429100074
2020-03-20,209.78199768066406,-0.04405020544515545
2020-03-23,204.41827392578125,-0.025900628128018792
2020-03-24,222.93922424316406,0.08673094018761404
2020-03-25,226.2766571044922,0.014859199806967616
2020-03-26,239.48887634277344,0.0567485733435127
2020-03-27,232.3555908203125,-0.030238053135073904
2020-03-30,239.9014892578125,0.03195946034947007
2020-03-31,236.32566833496094,-0.015017573313148269
2020-04-01,225.6898193359375,-0.0460492285973257
2020-04-02,230.897705078125,0.022813201538328838
2020-04-03,227.560302734375,-0.014559507050465754
2020-04-06,242.8446807861328,0.0650067950310737
2020-04-07,243.0922393798828,0.0010188919791570038
2020-04-08,251.2524871826172,0.03301740131710515
2020-04-09,255.07583618164062,0.01510253917692826
2020-04-13,252.74696350097656,-0.009172053750911782
2020-04-14,260.2012023925781,0.02906634311532465
2020-04-15,254.67242431640625,-0.021477078284809974
2020-04-16,255.9010009765625,0.004812545935639305
2020-04-17,262.8143005371094,0.026657046426039492
2020-04-20,258.1839599609375,-0.01777534723097322
2020-04-21,250.3447265625,-0.030833479651759015
2020-04-22,255.9010009765625,0.021951780456692754
2020-04-23,255.8826904296875,-7.155580449426477e-05
2020-04-24,259.4493408203125,0.013842366183251364
2020-04-27,263.190185546875,0.014315444670756388
2020-04-28,261.97991943359375,-0.004609052359656922
2020-04-29,268.8381652832031,0.0258417250701038
2020-04-30,266.33514404296875,-0.009354126776205321
2020-05-01,259.2843322753906,-0.02683018817244231
2020-05-04,259.9994812011719,0.002754368071359884
2020-05-05,262.40167236328125,0.009196794751871082
2020-05-06,260.6229553222656,-0.006801683149279311
2020-05-07,263.76788330078125,0.011994739239674349
2020-05-08,268.1321716308594,0.016410550190083452
2020-05-11,268.1872253417969,0.00020530195790648093
2020-05-12,262.8418273925781,-0.020132904127780765
2020-05-13,258.193115234375,-0.01784462090681628
2020-05-14,261.2831115722656,0.011896724519082186
2020-05-15,262.4842529296875,0.004586553284820365
2020-05-18,270.4794006347656,0.030004851072380902
2020-05-19,267.70123291015625,-0.010324386383154338
2020-05-20,272.2490234375,0.016845618717991652
2020-05-21,270.36944580078125,-0.0069278333148482234
2020-05-22,270.8828125,0.001896959671907459
2020-05-26,274.2203369140625,0.012245631397364499
2020-05-27,278.3003845214844,0.014769117656044214
2020-05-28,277.7869873046875,-0.001846462943320195
2020-05-29,279.0246887207031,0.004445680677359477
2020-06-01,280.1524658203125,0.004033707813716052
2020-06-02,282.4721984863281,0.00824615754746566
2020-06-03,286.2313537597656,0.013220279736993848
2020-06-04,285.4796142578125,-0.0026297901465822953
2020-06-05,292.79620361328125,0.02530619330515591
2020-06-08,296.3354187011719,0.012015167856369382
2020-06-09,294.1258239746094,-0.007484335570595813
2020-06-10,292.4845886230469,-0.00559567167162907
2020-06-11,275.62310791015625,-0.059377595363117805
2020-06-12,278.92388916015625,0.011904564443420515
2020-06-15,281.52777099609375,0.00929215044521539
2020-06-16,286.946533203125,0.019064806603844433
2020-06-17,285.7546081542969,-0.004162473875859097
2020-06-18,285.86468505859375,0.00038514062406418923
2020-06-19,284.23101806640625,-0.005731218302352991
2020-06-22,286.0544128417969,0.0063946960244978274
2020-06-23,287.3712158203125,0.004592767491937371
2020-06-24,280.0408020019531,-0.025839500918799403
2020-06-25,283.04296875,0.01066340516817819
2020-06-26,276.3202819824219,-0.024038084266527777
2020-06-29,280.3814697265625,0.014590432945958656
2020-06-30,283.97308349609375,0.012728389411363325
2020-07-01,285.9622802734375,0.006980457718731977
2020-07-02,287.53704833984375,0.005491800759776975
2020-07-06,291.975830078125,0.015319309411357172
2020-07-07,288.96441650390625,-0.010367470889590589
2020-07-08,291.1747131347656,0.007619921541812799
2020-07-09,289.51702880859375,-0.005709359060464022
2020-07-10,292.47314453125,0.010158732159355182
2020-07-13,289.9405822753906,-0.008696835605999572
2020-07-14,293.6979675292969,0.012875904671104443
2020-07-15,296.3961486816406,0.009144981732312454
2020-07-16,295.4201354980469,-0.003298368411078039
2020-07-17,296.2764892578125,0.0028945723935325917
2020-07-20,298.6709289550781,0.008049291591655764
2020-07-21,299.3062744140625,0.002124983007655448
2020-07-22,301.00994873046875,0.005675938195760667
2020-07-23,297.4184265136719,-0.012003325669129301
2020-07-24,295.5029296875,-0.006461239657118409
2020-07-27,297.6578674316406,0.007265979934380192
2020-07-28,295.7700500488281,-0.0063624366010786625
2020-07-29,299.4075927734375,0.012223537158281504
2020-07-30,298.3393249511719,-0.0035743185884054627
2020-07-31,300.6968688964844,0.00787116418460257
2020-08-03,302.78741455078125,0.006928279903881097
2020-08-04,303.9569091796875,0.00385498811107321
2020-08-05,305.8448486328125,0.006191997517328649
2020-08-06,307.88922119140625,0.006662104062638771
2020-08-07,308.11029052734375,0.0007177581839683145
2020-08-10,309.0311279296875,0.0029842044568019945
2020-08-11,306.4801940917969,-0.008288875774870358
2020-08-12,310.75335693359375,0.013846399329284656
2020-08-13,310.1914367675781,-0.0018098881739750234
2020-08-14,310.20062255859375,2.961285812167242e-05
2020-08-17,311.1861877441406,0.0031721497645142657
2020-08-18,311.8583068847656,0.002157532590825845
2020-08-19,310.55987548828125,-0.004172221560312211
2020-08-20,311.5268249511719,0.0031087314386920284
2020-08-21,312.6319580078125,0.003541195739556743
2020-08-24,315.7999267578125,0.01008222422323501
2020-08-25,316.90496826171875,0.0034930743738759797
2020-08-26,320.0821533203125,0.009975747700937905
2020-08-27,320.7820739746094,0.0021843033290798097
2020-08-28,322.8541259765625,0.006438603547432584
2020-08-31,321.6844787597656,-0.0036294133265153674
2020-09-01,324.71435546875,0.009374704094716003
2020-09-02,329.4110107421875,0.014360354230867092
2020-09-03,318.0745544433594,-0.035020440609398955
2020-09-04,315.4775695800781,-0.008198218616086253
2020-09-08,306.8577880859375,-0.027703175348415557
2020-09-09,312.9173889160156,0.019554813255848832
2020-09-10,307.48406982421875,-0.0175159420730651
2020-09-11,307.640625,0.0005090193272316928
2020-09-14,311.692626953125,0.013085232406342372
2020-09-15,313.26739501953125,0.005039590834504795
2020-09-16,312.0241394042969,-0.003976568320853837
2020-09-17,309.2797546386719,-0.008834332573177756
2020-09-18,305.7191162109375,-0.01157946260323946
2020-09-21,302.316650390625,-0.011191780227594834
2020-09-22,305.3955078125,0.01013270418534695
2020-09-23,298.31317138671875,-0.02346383810446533
2020-09-24,299.1083068847656,0.002661892805907308
2020-09-25,303.9439697265625,0.01603763612410336
2020-09-28,308.9923095703125,0.01647301415703061
2020-09-29,307.30950927734375,-0.005460975202660903
2020-09-30,309.6395263671875,0.007553389447818826
2020-10-01,311.6274108886719,0.006399475608539268
2020-10-02,308.668701171875,-0.009539741093841264
2020-10-05,314.1422424316406,0.01757734748283777
2020-10-06,309.6764831542969,-0.014317734890130048
2020-10-07,315.0669250488281,0.017256926912944857
2020-10-08,317.8591003417969,0.008823127173177866
2020-10-09,320.69769287109375,0.008890708727613099
2020-10-12,325.8568420410156,0.015959237442890628
2020-10-13,323.7303771972656,-0.0065471498721237885
2020-10-14,321.6963195800781,-0.006303006558010866
2020-10-15,321.29864501953125,-0.0012369447138643394
2020-10-16,321.1045227050781,-0.0006043628989233054
2020-10-19,316.2226867675781,-0.015320015672678523
2020-10-20,317.4893493652344,0.003997602104087241
2020-10-21,316.8883361816406,-0.0018948124346286732
2020-10-22,318.6265869140625,0.005470383161825579
2020-10-23,319.7083740234375,0.0033894059113522795
2020-10-26,313.80023193359375,-0.018652669690840836
2020-10-27,312.7183532714844,-0.003453623764724826
2020-10-28,302.0299987792969,-0.03477660949884022
2020-10-29,305.0997009277344,0.010112265330844751
2020-10-30,301.9190368652344,-0.010479719896585072
2020-11-02,305.3030700683594,0.011146064014971207
2020-11-03,310.69354248046875,0.01750207680884464
2020-11-04,317.63726806640625,0.022103032861252425
2020-11-05,323.83209228515625,0.019315082507838435
2020-11-06,323.7582092285156,-0.00022817839238329485
2020-11-09,327.8263854980469,0.012487186360204303
2020-11-10,327.3455810546875,-0.001467720092487124
2020-11-11,329.7772521972656,0.007400997557951349
2020-11-12,326.57818603515625,-0.00974804597682553
2020-11-13,331.09942626953125,0.013749324519014254
2020-11-16,335.232421875,0.012405376150704887
2020-11-17,333.4294128417969,-0.005392900594555112
2020-11-18,329.41668701171875,-0.012107712037145486
2020-11-19,330.8034973144531,0.004201060116905016
2020-11-20,328.5383605957031,-0.006870929254470275
2020-11-23,330.5076904296875,0.005976321965266364
2020-11-24,335.8333740234375,0.015985198217090983
2020-11-25,335.31561279296875,-0.0015429102728404813
2020-11-27,336.24951171875,0.0027812627359668886
2020-11-30,334.7608337402344,-0.004437131054774564
2020-12-01,338.4222717285156,0.010878092644273928
2020-12-02,339.13421630859375,0.0021015069729636766
2020-12-03,339.041748046875,-0.0002726969611188369
2020-12-04,341.9635314941406,0.008580847940035798
2020-12-07,341.2607421875,-0.002057273377381028
2020-12-08,342.25933837890625,0.0029219241109929724
2020-12-09,339.1897277832031,-0.009009129251260895
2020-12-10,339.0788269042969,-0.0003270117098252732
2020-12-11,338.6811828613281,-0.0011734067601068578
2020-12-14,337.164794921875,-0.004487384800317039
2020-12-15,341.7231140136719,0.013428984474843513
2020-12-16,342.25933837890625,0.0015679480466666454
2020-12-17,344.1733093261719,0.005576587633965982
2020-12-18,342.799072265625,-0.00400085630942772
2020-12-21,341.5733947753906,-0.0035819056426741234
2020-12-22,340.9976501464844,-0.0016869885405591332
2020-12-23,341.3041687011719,0.0008984838288296814
2020-12-24,342.6318664550781,0.0038825251294511602
2020-12-28,345.57550048828125,0.00855454947422194
2020-12-29,344.9161071777344,-0.0019099247656926075
2020-12-30,345.4081726074219,0.0014256068558917607
2020-12-31,347.1632080078125,0.005068182735338802
2021-01-04,342.4369201660156,-0.013707543409512555
2021-01-05,344.79541015625,0.006863761046860846
2021-01-06,346.8567810058594,0.005960732805820846
2021-01-07,352.0102233886719,0.014748258999199728
2021-01-08,354.0158386230469,0.0056814351117460945
2021-01-11,351.6294860839844,-0.006763629128712709
2021-01-12,351.7037658691406,0.00021122216311008968
2021-01-13,352.65081787109375,0.0026891358259854017
2021-01-14,351.4159240722656,-0.0035078920550389177
2021-01-15,348.8532409667969,-0.007319170038319439
2021-01-19,351.5923767089844,0.007821163087983713
2021-01-20,356.4579162597656,0.013743702068172277
2021-01-21,356.7829895019531,0.0009115384775892055
2021-01-22,355.52008056640625,-0.0035459913397515542
2021-01-25,356.9222412109375,0.003936213254231128
2021-01-26,356.3650817871094,-0.0015622303079817531
2021-01-27,347.6553039550781,-0.02474423299002111
2021-01-28,350.645263671875,0.008563584587427679
2021-01-29,343.62542724609375,-0.020222877776083198
2021-02-01,349.34515380859375,0.016508223044260844
2021-02-02,354.28515625,0.01404170212291536
2021-02-03,354.5636901855469,0.0007858768516947944
2021-02-04,358.5935974121094,0.011301714758137156
2021-02-05,360.0049133300781,0.003927972884626884
2021-02-08,362.60491943359375,0.00719618584123421
2021-02-09,362.3634338378906,-0.0006661962651050803
2021-02-10,362.20556640625,-0.000435755418974458
2021-02-11,362.79058837890625,0.0016138626274682462
2021-02-12,364.58270263671875,0.004927642810754576
2021-02-16,364.2669372558594,-0.0008664761106606296
2021-02-17,364.3505859375,0.00022960930624216835
2021-02-18,362.7998352050781,-0.004265288276972885
2021-02-19,362.15911865234375,-0.0017675944717859982
2021-02-22,359.3735046386719,-0.007721419000803337
2021-02-23,359.80987548828125,0.001213517762558
2021-02-24,363.7747802734375,0.010959172328313723
2021-02-25,355.0093994140625,-0.024390674280783224
2021-02-26,353.1801452636719,-0.005166013060628678
2021-03-01,361.7413024902344,0.023951069061310136
2021-03-02,358.9185485839844,-0.00783384376929495
2021-03-03,354.1643371582031,-0.013334443905829047
2021-03-04,349.7816162109375,-0.012452028612854717
2021-03-05,356.21649169921875,0.018229662710620608
2021-03-08,354.4430236816406,-0.0049910587580012595
2021-03-09,359.5035400390625,0.014176414218078942
2021-03-10,361.7413024902344,0.006205298117280582
2021-03-11,365.4090270996094,0.010088025996558418
2021-03-12,365.9011535644531,0.0013458763521728763
2021-03-15,368.0832824707031,0.00594599892911468
2021-03-16,367.61895751953125,-0.0012622634201280851
2021-03-17,368.8725280761719,0.0034041717840037375
2021-03-18,363.5054931640625,-0.014656723262501257
2021-03-19,362.83294677734375,-0.0018518821032776547
2021-03-22,365.73016357421875,0.00795327687486542
2021-03-23,362.8515625,-0.007901971597097022
2021-03-24,361.00701904296875,-0.005096430425818839
2021-03-25,363.0379333496094,0.0056099269146650714
2021-03-26,368.88818359375,0.015986244236983378
2021-03-29,368.701904296875,-0.0005051025058326528
2021-03-30,367.7237548828125,-0.0026564799232445067
2021-03-31,369.2142333984375,0.004045063686933035
2021-04-01,373.2014465332031,0.010741291106791319
2021-04-05,378.55804443359375,0.01425106998113896
2021-04-06,378.3344421386719,-0.0005908429675114347
2021-04-07,378.7723083496094,0.0011566830159000488
2021-04-08,380.5702819824219,0.004735614769468409
2021-04-09,383.3370361328125,0.0072437223279593855
2021-04-12,383.476806640625,0.0003645487380741795
2021-04-13,384.6133728027344,0.0029594623706200164
2021-04-14,383.2998046875,-0.0034211403969290084
2021-04-15,387.4174499511719,0.010685330883506688
2021-04-16,388.7123107910156,0.003336715345085169
2021-04-19,386.8025207519531,-0.004925228563023394
2021-04-20,383.9705810546875,-0.007348342680630596
2021-04-21,387.6037292480469,0.009417563537176836
2021-04-22,384.063720703125,-0.009175023200942182
2021-04-23,388.2278747558594,0.010783995145987742
2021-04-26,389.0383605957031,0.0020854788146707558
2021-04-27,388.9544677734375,-0.00021566477101502126
2021-04-28,388.8426513671875,-0.0002875207538537438
2021-04-29,391.32080078125,0.006352919358088871
2021-04-30,388.7495422363281,-0.006592399980631777
2021-05-03,389.5880126953125,0.0021545170935569668
2021-05-04,387.18450927734375,-0.006188455488711554
2021-05-05,387.30560302734375,0.00031270573778261124
2021-05-06,390.3984069824219,0.00795372074701009
2021-05-07,393.2397155761719,0.007251615160149657
2021-05-10,389.3458557128906,-0.009951351366461168
2021-05-11,385.8710021972656,-0.008964915437232757
2021-05-12,377.673095703125,-0.021474127152246274
2021-05-13,382.20989990234375,0.011940938624492126
2021-05-14,388.078857421875,0.015238625866732995
2021-05-17,387.0914001464844,-0.002547718516986158
2021-05-18,383.75634765625,-0.008653001345324138
2021-05-19,382.75018310546875,-0.002625326956272028
2021-05-20,386.86773681640625,0.010700356350306656
2021-05-21,386.5509948730469,-0.0008190697951556907
2021-05-24,390.49163818359375,0.010142756461022702
2021-05-25,389.62530517578125,-0.0022210346059566943
2021-05-26,390.3984069824219,0.0019822527129308358
2021-05-27,390.60345458984375,0.0005250886642456876
2021-05-28,391.30218505859375,0.0017872505819458257
2021-06-01,390.95745849609375,-0.000881361035701026
2021-06-02,391.5722351074219,0.0015712547212853724
2021-06-03,390.11907958984375,-0.003717982186106282
2021-06-04,393.68695068359375,0.009104027269482763
2021-06-07,393.3050842285156,-0.0009704456159833785
2021-06-08,393.38885498046875,0.00021296910550493189
2021-06-09,392.802001953125,-0.0014929024706005335
2021-06-10,394.6278381347656,0.004637465742095471
2021-06-11,395.27996826171875,0.0016511554129016572
2021-06-14,396.1650390625,0.002236595496955842
2021-06-15,395.43829345703125,-0.0018361363066388078
2021-06-16,393.2304382324219,-0.005598956579877343
2021-06-17,393.0999450683594,-0.0003319041665734718
2021-06-18,387.7970275878906,-0.01358181471590181
2021-06-21,393.3486633300781,0.014214324627813914
2021-06-22,395.4515686035156,0.005331920986648117
2021-06-23,394.97491455078125,-0.0012060681686945536
2021-06-24,397.31158447265625,0.005898564975534329
2021-06-25,398.72283935546875,0.003545716916519528
2021-06-28,399.52655029296875,0.002013684493855384
2021-06-29,399.7415771484375,0.0005380593902693871
2021-06-30,400.0780029296875,0.0008412542265046621
2021-07-01,402.2931213378906,0.0055214450490008145
2021-07-02,405.3680419921875,0.007614419637162305
2021-07-06,404.6296691894531,-0.001823148379465156
2021-07-07,406.0596618652344,0.003527847485118637
2021-07-08,402.75103759765625,-0.008181500876594786
2021-07-09,407.0504150390625,0.010618449310236365
2021-07-12,408.5083312988281,0.003575261302255781
2021-07-13,407.1157531738281,-0.003414758109033418
2021-07-14,407.7232971191406,0.0014912001521671628
2021-07-15,406.33074951171875,-0.0034212690705454673
2021-07-16,403.1436462402344,-0.007874541201362387
2021-07-19,397.1900634765625,-0.014878025285140784
2021-07-20,402.8819274902344,0.014228619688773628
2021-07-21,406.1437683105469,0.008063670935850004
2021-07-22,406.99432373046875,0.0020920326779888376
2021-07-23,411.18145751953125,0.010235380806147444
2021-07-26,412.19085693359375,0.0024518675258419324
2021-07-27,410.31219482421875,-0.004568166336586329
2021-07-28,410.1440124511719,-0.0004099728270958101
2021-07-29,411.8450622558594,0.004138868229056111
2021-07-30,409.844970703125,-0.004868248177927786
2021-08-02,408.9850769042969,-0.00210029936600822
2021-08-03,412.31243896484375,0.008102740361193916
2021-08-04,410.28424072265625,-0.004931219398839156
2021-08-05,412.8824462890625,0.006312729209582927
2021-08-06,413.56475830078125,0.0016511935982189392
2021-08-09,413.228271484375,-0.0008139566321000467
2021-08-10,413.7423400878906,0.0012432574085168072
2021-08-11,414.7703552246094,0.0024815930283362568
2021-08-12,416.01348876953125,0.0029926784968519293
2021-08-13,416.77056884765625,0.0018181911139252814
2021-08-16,417.75189208984375,0.002351820928578411
2021-08-17,415.0134582519531,-0.006576747477196846
2021-08-18,410.47113037109375,-0.011005350771526425
2021-08-19,411.1067199707031,0.0015472416305838072
2021-08-20,414.37786865234375,0.007925443670707424
2021-08-23,418.0229187011719,0.008757976692902979
2021-08-24,418.6865234375,0.0015862253777699984
2021-08-25,419.5650939941406,0.002096198468520045
2021-08-26,417.08831787109375,-0.005920691467015059
2021-08-27,420.8174743652344,0.00890119426505517
2021-08-30,422.6680908203125,0.004388028677424795
2021-08-31,422.0418701171875,-0.0014826883706965557
2021-09-01,422.2661437988281,0.0005312603533757932
2021-09-02,423.56524658203125,0.003071779599306268
2021-09-03,423.4624938964844,-0.0002426194117157855
2021-09-07,421.9483642578125,-0.0035820009715190207
2021-09-08,421.4342956542969,-0.001219063876018075
2021-09-09,419.6305236816406,-0.004289264505275709
2021-09-10,416.3218994140625,-0.007915860886139658
2021-09-13,417.3873596191406,0.0025559528662511422
2021-09-14,415.13494873046875,-0.0054110655339616055
2021-09-15,418.6023864746094,0.008317866045990979
2021-09-16,417.9388122558594,-0.0015864714348455466
2021-09-17,413.86767578125,-0.009788740628846044
2021-09-20,406.9667663574219,-0.016814772050817196
2021-09-21,406.58233642578125,-0.0009450688567866756
2021-09-22,410.5484313964844,0.009707445300268017
2021-09-23,415.5365905761719,0.012076770969361371
2021-09-24,416.22113037109375,0.001646008043536248
2021-09-27,415.0303649902344,-0.00286499621837158
2021-09-28,406.6667175292969,-0.020357712073944007
2021-09-29,407.35113525390625,0.0016815795465593962
2021-09-30,402.3724060058594,-0.012297510787616301
2021-10-01,407.154296875,0.011814178510202937
2021-10-04,401.9036560058594,-0.01297982318176711
2021-10-05,406.0854187011719,0.010351130143653785
2021-10-06,407.7730712890625,0.0041472934855909796
2021-10-07,411.2986145019531,0.008608684800197533
2021-10-08,410.5484313964844,-0.0018256032374033668
2021-10-11,407.5762634277344,-0.007265838724100238
2021-10-12,406.57293701171875,-0.002464724950652891
2021-10-13,408.03564453125,0.0035911948994359843
2021-10-14,414.89910888671875,0.016680844922733036
2021-10-15,418.058837890625,0.007586803564753537
2021-10-18,419.2964782714844,0.0029560719522926217
2021-10-19,422.53131103515625,0.007685297935138621
2021-10-20,424.1909484863281,0.003920151048099568
2021-10-21,425.2973327636719,0.0026048267582810146
2021-10-22,424.85662841796875,-0.0010367637046963083
2021-10-25,427.1351013183594,0.0053485926039839255
2021-10-26,427.51953125,0.0008996147517790595
2021-10-27,425.62548828125,-0.004440150354588395
2021-10-28,429.7322692871094,0.009602561095359327
2021-10-29,430.604248046875,0.0020270650862229418
2021-11-01,431.3450012207031,0.0017187864757008907
2021-11-02,433.08892822265625,0.004034847102778168
2021-11-03,435.73309326171875,0.00608680060436394
2021-11-04,437.7864685058594,0.004701392198121918
2021-11-05,439.305419921875,0.0034636118622876104
2021-11-08,439.680419921875,0.000853256118023619
2021-11-09,438.2271423339844,-0.0033107788971201537
2021-11-10,434.70172119140625,-0.008077268279396596
2021-11-11,434.84228515625,0.0003233050082389523
2021-11-12,438.1240234375,0.007518626340055373
2021-11-15,438.2740173339844,0.00034229628769343506
2021-11-16,440.00872802734375,0.003950238025915656
2021-11-17,438.9397888183594,-0.002432314784081537
2021-11-18,440.43060302734375,0.003390643239903466
2021-11-19,439.64300537109375,-0.001789845437910804
2021-11-22,438.40533447265625,-0.0028191425505420904
2021-11-23,438.9866027832031,0.0013249914226577879
2021-11-24,440.1586608886719,0.0026663598117256117
2021-11-26,430.34173583984375,-0.022555627278481028
2021-11-29,435.62054443359375,0.012191925911850416
2021-11-30,427.1445007324219,-0.01964918828590864
2021-12-01,422.4000549316406,-0.011169502752021023
2021-12-02,428.86962890625,0.015200114980508331
2021-12-03,425.13800048828125,-0.008739154169301534
2021-12-06,430.1729736328125,0.01177356881363767
2021-12-07,439.0709533691406,0.020473632938527848
2021-12-08,440.233642578125,0.002644566836046077
2021-12-09,437.26141357421875,-0.006774375194235677
2021-12-10,441.3775634765625,0.009369445521265953
2021-12-13,437.4676513671875,-0.008897898833139958
2021-12-14,434.4579162597656,-0.006903678875857507
2021-12-15,441.2463073730469,0.0155041551968307
2021-12-16,437.3551940917969,-0.008857573575791897
2021-12-17,432.700439453125,-0.010700003239762683
2021-12-20,428.099365234375,-0.01069033243828455
2021-12-21,435.70196533203125,0.017603113460237275
2021-12-22,440.0584716796875,0.009949164405076084
2021-12-23,442.7965087890625,0.006202708142225118
2021-12-27,449.0630187988281,0.014052915159300098
2021-12-28,448.696044921875,-0.0008175331494209175
2021-12-29,449.2699890136719,0.0012783204447909713
2021-12-30,448.0280456542969,-0.0027681864987121035
2021-12-31,446.89892578125,-0.002523380137643849
2022-01-03,449.48651123046875,0.005773392850523855
2022-01-04,449.3359375,-0.00033504666486684206
2022-01-05,440.7077331542969,-0.01938887928220465
2022-01-06,440.29376220703125,-0.0009397736097218076
2022-01-07,438.5529479980469,-0.0039615929956753814
2022-01-10,438.0072021484375,-0.0012451990203615887
2022-01-11,441.99676513671875,0.009067209853179922
2022-01-12,443.1917419433594,0.002699939104492002
2022-01-13,437.08514404296875,-0.013874488716066287
2022-01-14,437.26397705078125,0.0004090654545005764
2022-01-18,429.5201721191406,-0.01786837236001107
2022-01-19,425.0601806640625,-0.010437946376263357
2022-01-20,420.3555908203125,-0.011129762576231977
2022-01-21,412.1037902832031,-0.01982576209954147
2022-01-24,413.8539123535156,0.004237807054597354
2022-01-25,408.8011779785156,-0.012284122403700914
2022-01-26,407.7755126953125,-0.0025121114386595206
2022-01-27,405.7619934082031,-0.004950044425560879
2022-01-28,415.83917236328125,0.024531816041100662
2022-01-31,423.3288879394531,0.017850809184601076
2022-02-01,426.1893310546875,0.006734296832112868
2022-02-02,430.3293762207031,0.00966722004592607
2022-02-03,420.2144470214844,-0.02378573755897423
2022-02-04,422.1904296875,0.00469129831662926
2022-02-07,420.83544921875,-0.0032145671193599006
2022-02-08,424.2980041503906,0.008194148017646674
2022-02-09,430.5081787109375,0.014530273521477875
2022-02-10,422.7738037109375,-0.01812902883432306
2022-02-11,414.437255859375,-0.019915702980315687
2022-02-14,413.08233642578125,-0.003274655142911486
2022-02-15,419.7440490722656,0.015998183645840876
2022-02-16,420.2144470214844,0.0011200505753153546
2022-02-17,411.2380676269531,-0.021592882348257018
2022-02-18,408.5752868652344,-0.006496088679329478
2022-02-22,404.1905822753906,-0.010789693057405684
2022-02-23,397.0208740234375,-0.017897646323972033
2022-02-24,402.9955749511719,0.014936722907287746
2022-02-25,411.8873291015625,0.021824257278137398
2022-02-28,410.8334655761719,-0.0025618997565459477
2022-03-01,404.5764465332031,-0.01534723030246346
2022-03-02,412.01910400390625,0.018229008380557972
2022-03-03,409.96783447265625,-0.004991013100962083
2022-03-04,406.636962890625,-0.008157899795821304
2022-03-07,394.649658203125,-0.029922374241173885
2022-03-08,391.6575622558594,-0.007610537742298418
2022-03-09,402.1582336425781,0.02645773486308426
2022-03-10,400.3423156738281,-0.0045256568850951424
2022-03-11,395.2519226074219,-0.012796629954120581
2022-03-14,392.36328125,-0.007335191842965825
2022-03-15,400.9914855957031,0.021752045636038907
2022-03-16,409.88311767578125,0.021931846063372593
2022-03-17,415.0111999511719,0.012433467484583537
2022-03-18,419.5567321777344,0.010893246673606199
2022-03-21,419.4339904785156,-0.0002925937004542824
2022-03-22,424.34197998046875,0.01163352602388414
2022-03-23,418.8771667480469,-0.012961967874041837
2022-03-24,425.1914978027344,0.01496193168393138
2022-03-25,427.2679443359375,0.0048716702221368305
2022-03-28,430.3070373535156,0.007087673509347994
2022-03-29,435.63031005859375,0.01229497671897948
2022-03-30,432.9403991699219,-0.0061938986885389045
2022-03-31,426.27691650390625,-0.015510898442268219
2022-04-01,427.4850158691406,0.0028300633367619055
2022-04-04,431.1470947265625,0.00853008178312717
2022-04-05,425.701171875,-0.012711693297949796
2022-04-06,421.44439697265625,-0.010049773937209591
2022-04-07,423.56805419921875,0.005026344155392821
2022-04-08,422.4354248046875,-0.0026776014504533447
2022-04-11,415.21502685546875,-0.017240071371732946
2022-04-12,413.6766052246094,-0.0037120012744850757
2022-04-13,418.4146728515625,0.011388459321984942
2022-04-14,413.2046813964844,-0.012529914297446529
2022-04-18,413.3745422363281,0.0004109971249658333
2022-04-19,420.0475769042969,0.01601391928525061
2022-04-20,419.7360534667969,-0.000741913608513166
2022-04-21,413.4595031738281,-0.015066496631069395
2022-04-22,402.1144714355469,-0.027822770067031505
2022-04-25,404.4457702636719,0.005780858514800574
2022-04-26,392.732666015625,-0.029388520158011223
2022-04-27,393.8370361328125,0.002808068604364167
2022-04-28,403.78515625,0.024945735189514515
2022-04-29,388.86297607421875,-0.0376559100803218
2022-05-02,391.2036437988281,0.0060012175622628176
2022-05-03,392.9969482421875,0.004573594020590794
2022-05-04,404.9648742675781,0.029998486589690218
2022-05-05,390.5713806152344,-0.036189587697868945
2022-05-06,388.2401123046875,-0.00598675108081555
2022-05-09,375.8096923828125,-0.032541116383631
2022-05-10,376.6780700683594,0.0023080191183496254
2022-05-11,370.6940612792969,-0.016013807357262703
2022-05-12,370.3070373535156,-0.0010445975361930734
2022-05-13,379.16033935546875,0.023626682399285878
2022-05-16,377.6218566894531,-0.004065858825617636
2022-05-17,385.3896789550781,0.020361659758257177
2022-05-18,369.8540344238281,-0.04114654929141265
2022-05-19,367.5887451171875,-0.006143653432273506
2022-05-20,367.7491455078125,0.00043626309813220396
2022-05-23,374.62982177734375,0.018537360587161385
2022-05-24,371.77008056640625,-0.00766279629791179
2022-05-25,375.05450439453125,0.00879576026097932
2022-05-26,382.5486755371094,0.0197845410154366
2022-05-27,391.9399108886719,0.024252638014903693
2022-05-31,389.74072265625,-0.0056268351561187665
2022-06-01,386.5882263183594,-0.008121592452082011
2022-06-02,393.95025634765625,0.018864536519567265
2022-06-03,387.4850158691406,-0.016547469081683263
2022-06-06,388.664794921875,0.0030400830998559172
2022-06-07,392.3929138183594,0.009546406540473085
2022-06-08,388.1267395019531,-0.010931734475003209
2022-06-09,378.89599609375,-0.024070183702166112
2022-06-10,367.90972900390625,-0.029424144326361118
2022-06-13,353.9408264160156,-0.03870786431316926
2022-06-14,352.87432861328125,-0.0030177581918456515
2022-06-15,357.90496826171875,0.014155515426498495
2022-06-16,346.0597839355469,-0.03365595330639128
2022-06-17,346.80572509765625,0.002153207052695809
2022-06-21,355.5361328125,0.024862130369139625
2022-06-22,354.8915100097656,-0.001814746332462774
2022-06-23,358.3703918457031,0.009754928488341998
2022-06-24,369.7643737792969,0.03129890950335335
2022-06-27,368.3519287109375,-0.0038271659564327147
2022-06-28,360.8254089355469,-0.020644599609641066
2022-06-29,360.53167724609375,-0.0008143864150336977
2022-06-30,357.6025390625,-0.008157679612014855
2022-07-01,361.3847961425781,0.010521164378087393
2022-07-05,362.0672302246094,0.0018866054957992952
2022-07-06,363.2900695800781,0.003371691480226887
2022-07-07,368.7311096191406,0.014866073275441035
2022-07-08,368.42779541015625,-0.0008229276592395443
2022-07-11,364.2190856933594,-0.011489180180785114
2022-07-12,360.99609375,-0.008888432713097055
2022-07-13,359.10028076171875,-0.00526545455720285
2022-07-14,358.22821044921875,-0.002431440414866737
2022-07-15,365.0721435546875,0.018924744960935033
2022-07-18,362.0577697753906,-0.008291203517755212
2022-07-19,371.84027099609375,0.02666059891248204
2022-07-20,374.2100830078125,0.006352975960731705
2022-07-21,378.02069091796875,0.010131573018206903
2022-07-22,374.513427734375,-0.009321274586788744
2022-07-25,374.968505859375,0.0012143806555655993
2022-07-26,370.5321960449219,-0.011901698201203653
2022-07-27,380.1535339355469,0.025634867924763813
2022-07-28,384.92156982421875,0.012464391000742842
2022-07-29,390.5332336425781,0.014473472224371103
2022-08-01,389.37677001953125,-0.0029656356892653903
2022-08-02,386.8079833984375,-0.006619032358796331
2022-08-03,392.8651123046875,0.015537924296887416
2022-08-04,392.59979248046875,-0.0006755740013166168
2022-08-05,391.9361877441406,-0.0016917130923733146
2022-08-08,391.481201171875,-0.001161543335284354
2022-08-09,389.926513671875,-0.003979201950230856
2022-08-10,398.1166076660156,0.020786651571627894
2022-08-11,398.1166076660156,0.0
2022-08-12,404.8563232421875,0.01678730028009096
2022-08-15,406.52459716796875,0.004112190056991199
2022-08-16,407.3208923339844,0.0019568712498741142
2022-08-17,404.4297180175781,-0.007123336908751312
2022-08-18,405.6051940917969,0.0029022870045694797
2022-08-19,400.1546630859375,-0.01352912805122784
2022-08-22,391.8223876953125,-0.02104248559100559
2022-08-23,390.8744812011719,-0.002422155997408372
2022-08-24,392.12579345703125,0.0031962014870515476
2022-08-25,397.6616516113281,0.01401883215795089
2022-08-26,384.2012023925781,-0.0344351422163523
2022-08-29,381.6607666015625,-0.006634211415349737
2022-08-30,377.470947265625,-0.011038563673204344
2022-08-31,374.5987548828125,-0.007638138695161266
2022-09-01,375.7741394042969,0.0031328036813336618
2022-09-02,371.8118591308594,-0.010600298516485095
2022-09-06,370.408935546875,-0.0037803447836811887
2022-09-07,377.0633239746094,0.017805514917677772
2022-09-08,379.52789306640625,0.006514952205588955
2022-09-09,385.4239501953125,0.01541580413306846
2022-09-12,389.56634521484375,0.010690287334363856
2022-09-13,372.6270446777344,-0.0444561459088091
2022-09-14,374.0489501953125,0.0038086325157098743
2022-09-15,369.8023376464844,-0.011418031411804502
2022-09-16,366.9810791015625,-0.007658349169516307
2022-09-19,369.82696533203125,0.007724943841892821
2022-09-20,365.5819091796875,-0.011544879180250623
2022-09-21,359.2048034667969,-0.01759764678658102
2022-09-22,356.1875305175781,-0.008435345745400058
2022-09-23,350.21966552734375,-0.016896789866176962
2022-09-26,346.75506591796875,-0.009941904606266396
2022-09-27,345.8699035644531,-0.0025559657084591124
2022-09-28,352.6753845214844,0.01948534016705777
2022-09-29,345.308349609375,-0.0211102584166069
2022-09-30,339.9686279296875,-0.015584442285212888
2022-10-03,348.9442138671875,0.02605872121503282
2022-10-04,359.7568359375,0.030516283725001096
2022-10-05,358.9192199707031,-0.0023309983383475634
2022-10-06,355.2167053222656,-0.010369308397919327
2022-10-07,345.308349609375,-0.028290255918554084
2022-10-10,342.6717529296875,-0.007664784426307857
2022-10-11,340.5016174316406,-0.006353124672233173
2022-10-12,339.3785705566406,-0.003303664134565764
2022-10-13,348.3350524902344,0.026048599487221196
2022-10-14,340.39697265625,-0.023052307926891585
2022-10-17,349.1441650390625,0.025372414078989963
2022-10-18,353.24639892578125,0.011680910139530449
2022-10-19,350.7431640625,-0.007111598083081018
2022-10-20,347.80206298828125,-0.008420695867068853
2022-10-21,356.2541809082031,0.024010933957905833
2022-10-24,360.6134033203125,0.012162012177929718
2022-10-25,366.3719177246094,0.015842506523378874
2022-10-26,363.6116638183594,-0.007562545600807242
2022-10-27,361.6700134277344,-0.005354209516299353
2022-10-28,370.2743835449219,0.023512076973365884
2022-10-31,367.5997009277344,-0.007249731053738472
2022-11-01,365.9911804199219,-0.004385341002804669
2022-11-02,356.80615234375,-0.025416592224610752
2022-11-03,353.13226318359375,-0.010349973676381932
2022-11-04,358.2148742675781,0.014290343802883083
2022-11-07,361.6414489746094,0.00952023473838465
2022-11-08,363.5926208496094,0.005380818866369628
2022-11-09,356.1018371582031,-0.0208173180263535
2022-11-10,375.6711120605469,0.05349730927028621
2022-11-11,379.3070068359375,0.00963186294723781
2022-11-14,376.0804138183594,-0.00854293453361437
2022-11-15,379.28802490234375,0.008492889561518403
2022-11-16,376.39459228515625,-0.007657835951750044
2022-11-17,375.2427978515625,-0.003064763276157686
2022-11-18,376.9466552734375,0.004530402092282777
2022-11-21,375.575927734375,-0.0036430243716153005
2022-11-22,380.6300964355469,0.013367372908387179
2022-11-23,383.0286560058594,0.006281778215858666
2022-11-25,382.9429626464844,-0.0002237507438808119
2022-11-28,376.83233642578125,-0.01608569793677292
2022-11-29,376.1851501464844,-0.0017189147667594086
2022-11-30,388.0351867675781,0.0310145802637035
2022-12-01,387.7496032714844,-0.0007362441560101446
2022-12-02,387.3022155761719,-0.001154471827877803
2022-12-05,380.33502197265625,-0.018152805995664503
2022-12-06,374.85260009765625,-0.014519618783846612
2022-12-07,374.2148742675781,-0.0017027197308119248
2022-12-08,377.1464538574219,0.007803421220238095
2022-12-09,374.3289794921875,-0.007498548700291405
2022-12-12,379.7259216308594,0.01431469853951183
2022-12-13,382.6003112792969,0.007541136973243263
2022-12-14,380.1541748046875,-0.006413976987929997
2022-12-15,370.85498046875,-0.024765795640946334
2022-12-16,366.4765930175781,-0.011876444934058093
2022-12-19,363.3689880371094,-0.008515839079610557
2022-12-20,363.86627197265625,0.0013676014912902658
2022-12-21,369.3069152832031,0.014841631620252127
2022-12-22,364.0382995605469,-0.014368966389613463
2022-12-23,366.1324157714844,0.005735979021302396
2022-12-27,364.6885986328125,-0.003951224687417087
2022-12-28,360.1562805175781,-0.012505785209078725
2022-12-29,366.6391906738281,0.017840182985304563
2022-12-30,365.6734313964844,-0.0026375616317816084
2023-01-03,364.1340026855469,-0.0042187320167929076
2023-01-04,366.9451904296875,0.00769055288715514
2023-01-05,362.75714111328125,-0.011478914406487007
2023-01-06,371.07586669921875,0.022672956535637466
2023-01-09,370.8654479980469,-0.0005672111867747723
2023-01-10,373.4663391113281,0.0069885546846727925
2023-01-11,378.1898498535156,0.012568440174528368
2023-01-12,379.56671142578125,0.003634051245203558
2023-01-13,381.0392761230469,0.0038720876806802944
2023-01-17,380.3412780761719,-0.0018335068805380732
2023-01-18,374.3364562988281,-0.015913941095144577
2023-01-19,371.61126708984375,-0.007306681816439826
2023-01-20,378.5340270996094,0.018457641745003923
2023-01-23,383.0759582519531,0.011927325230970417
2023-01-24,382.6647644042969,-0.0010739768044549923
2023-01-25,382.8082275390625,0.0003748352664439635
2023-01-26,387.015380859375,0.01093028366611188
2023-01-27,387.9046325683594,0.0022950809991024537
2023-01-30,383.0377197265625,-0.01262604780471925
2023-01-31,388.6697082519531,0.014596434645764315
2023-02-01,392.8003845214844,0.010571651501341874
2023-02-02,398.5183410644531,0.01445196702280154
2023-02-03,394.282470703125,-0.0106859392825191
2023-02-06,391.8728332519531,-0.006130200954182879
2023-02-07,396.99798583984375,0.012993825032764823
2023-02-08,392.6568603515625,-0.010995105629255882
2023-02-09,389.2528991699219,-0.00870684281513373
2023-02-10,390.16131591796875,0.002331025382393029
2023-02-13,394.7414245605469,0.011670645016248819
2023-02-14,394.5597839355469,-0.000460256810077835
2023-02-15,395.8409729003906,0.003241874646106821
2023-02-16,390.3907165527344,-0.013864472079010842
2023-02-17,389.41552734375,-0.002501107743053695
2023-02-21,381.6034851074219,-0.02026489477775016
2023-02-22,381.0775451660156,-0.0013791873768935355
2023-02-23,383.1046447753906,0.0053052907817936045
2023-02-24,379.01220703125,-0.010739762728943215
2023-02-27,380.30303955078125,0.0033999943207763104
2023-02-28,378.8974914550781,-0.0037027100065024085
2023-03-01,377.44403076171875,-0.0038434025895548994
2023-03-02,380.37957763671875,0.007747347866763894
2023-03-03,386.47998046875,0.015910427028948394
2023-03-06,386.7476806640625,0.0006924227351516572
2023-03-07,380.8193359375,-0.015447413670160432
2023-03-08,381.4408874511719,0.0016308122406351237
2023-03-09,374.40338134765625,-0.018622115075584592
2023-03-10,369.00091552734375,-0.014534650798579492
2023-03-13,368.4750061035156,-0.0014262418542806158
2023-03-14,374.56597900390625,0.016395083068147825
2023-03-15,372.2232666015625,-0.006274113081030035
2023-03-16,378.7539367675781,0.017392897601178386
2023-03-17,374.3254089355469,-0.011761254390969632
2023-03-20,377.92474365234375,0.009569588447146997
2023-03-21,382.8870849609375,0.013045043447550598
2023-03-22,376.36016845703125,-0.017193548645170177
2023-03-23,377.3775939941406,0.0026996820531880266
2023-03-24,379.85400390625,0.006540716862773593
2023-03-27,380.564208984375,0.0018679333887276252
2023-03-28,379.7100830078125,-0.002246889957736964
2023-03-29,385.2290344238281,0.014430029934591965
2023-03-30,387.4847106933594,0.005838339724301269
2023-03-31,392.9460754394531,0.013995998092710637
2023-04-03,394.4434509277344,0.003803396522820482
2023-04-04,392.25506591796875,-0.0055634798020660434
2023-04-05,391.22802734375,-0.0026217264196929206
2023-04-06,392.7541198730469,0.0038931867575910505
2023-04-10,393.1572265625,0.0010258325614753924
2023-04-11,393.2628479003906,0.00026861302745316405
2023-04-12,391.6599426269531,-0.0040842424782615355
2023-04-13,396.8621826171875,0.013195103355908745
2023-04-14,395.89276123046875,-0.002445703751091257
2023-04-17,397.3133850097656,0.0035819825778828753
2023-04-18,397.572509765625,0.0006519797790891507
2023-04-19,397.5053405761719,-0.00016896254771546764
2023-04-20,395.33612060546875,-0.00547202811576012
2023-04-21,395.6432189941406,0.0007765017080163569
2023-04-24,396.0560607910156,0.0010429258806639928
2023-04-25,389.7690734863281,-0.016001324402782187
2023-04-26,388.1181335449219,-0.004244683304411796
2023-04-27,395.8448791503906,0.019712654013620046
2023-04-28,399.22344970703125,0.008498869267928219
2023-05-01,398.8203125,-0.0010103136204151245
2023-05-02,394.3378601074219,-0.011302916036002792
2023-05-03,391.6311950683594,-0.006887486780832854
2023-05-04,388.8572998046875,-0.007108130257544134
2023-05-05,396.0560607910156,0.018343331120440728
2023-05-08,396.1615295410156,0.0002662620772632
2023-05-09,394.42425537109375,-0.004394910708991329
2023-05-10,396.26715087890625,0.004661486972889789
2023-05-11,395.5760498046875,-0.0017455507582843663
2023-05-12,395.0577392578125,-0.0013111269169001519
2023-05-15,396.4207763671875,0.003444284159210061
2023-05-16,393.7715759277344,-0.006705229068451684
2023-05-17,398.5516052246094,0.01206600388207765
2023-05-18,402.390869140625,0.00958693899804318
2023-05-19,401.80535888671875,-0.0014561380343678068
2023-05-22,401.96856689453125,0.0004061042659399333
2023-05-23,397.4573669433594,-0.011286218387539544
2023-05-24,394.5778503417969,-0.007271215283150807
2023-05-25,397.99481201171875,0.008622509966500472
2023-05-26,403.14910888671875,0.012867520699055722
2023-05-30,403.30267333984375,0.00038083976839148234
2023-05-31,401.0662841796875,-0.005560619667796968
2023-06-01,404.87689208984375,0.009456339897020783
2023-06-02,410.7318420410156,0.014357498351839318
2023-06-05,409.94476318359375,-0.001918122421741
2023-06-06,410.8374328613281,0.002175169086263407
2023-06-07,409.4168395996094,-0.0034637909968939532
2023-06-08,411.89324951171875,0.006030407880432213
2023-06-09,412.6322326660156,0.0017925057942721942
2023-06-12,416.3756103515625,0.009031043938740518
2023-06-13,419.1207580566406,0.0065713214020925
2023-06-14,419.6199035644531,0.001190226227433519
2023-06-15,424.8221740722656,0.012321357405111494
2023-06-16,423.3751525878906,-0.0034119958710321207
2023-06-20,421.1785888671875,-0.005201726227139568
2023-06-21,419.0206298828125,-0.005136790611842349
2023-06-22,420.5331115722656,0.003603064940415071
2023-06-23,417.3539123535156,-0.007588647120232324
2023-06-26,415.64874267578125,-0.004094037513937646
2023-06-27,420.20562744140625,0.01090364560045987
2023-06-28,420.41754150390625,0.0005041832650293196
2023-06-29,422.0745544433594,0.003933603849903572
2023-06-30,427.0553283691406,0.011731611740656797
2023-07-03,427.54669189453125,0.0011499237490315355
2023-07-05,426.9107666015625,-0.0014884893427018866
2023-07-06,423.56781005859375,-0.007861394399207803
2023-07-07,422.4983825683594,-0.002528000927337103
2023-07-10,423.56781005859375,0.002528000927337051
2023-07-11,426.2653503417969,0.006348421004697256
2023-07-12,429.6950378417969,0.008013702273391704
2023-07-13,433.1054382324219,0.007905461915326154
2023-07-14,432.8357849121094,-0.0006227982265339572
2023-07-17,434.3385925292969,0.0034659906028780487
2023-07-18,437.5660095214844,0.00740317627641421
2023-07-19,438.53900146484375,0.0022211774414936008
2023-07-20,435.62957763671875,-0.006656461099951343
2023-07-21,435.62957763671875,0.0
2023-07-24,437.57568359375,0.00445739224348376
2023-07-25,438.770263671875,0.002726276812835871
2023-07-26,438.83770751953125,0.00015369925981282363
2023-07-27,435.92822265625,-0.006652055119189782
2023-07-28,440.1961669921875,0.00974285876965258
2023-07-31,441.03424072265625,0.001902054163809287
2023-08-01,439.7722473144531,-0.0028655426337050125
2023-08-02,433.6546325683594,-0.014008533351925492
2023-08-03,432.41180419921875,-0.0028700551585849423
2023-08-04,430.4560852050781,-0.0045330748011900655
2023-08-07,434.21331787109375,0.008690619328695403
2023-08-08,432.32513427734375,-0.00435799837262026
2023-08-09,429.43487548828125,-0.0067078295431721065
2023-08-10,429.5890808105469,0.00035902450168302124
2023-08-11,429.33856201171875,-0.0005833292432147442
2023-08-14,431.70849609375,0.005504786397747527
2023-08-15,426.67962646484375,-0.01171714060726795
2023-08-16,423.548583984375,-0.007365214646971379
2023-08-17,420.3211669921875,-0.007649125293440791
2023-08-18,420.52349853515625,0.00048125784742174347
2023-08-21,423.259521484375,0.006485156665711846
2023-08-22,422.113037109375,-0.0027123782673928254
2023-08-23,426.8144836425781,0.01107631566771167
2023-08-24,420.89923095703125,-0.013956005648807437
2023-08-25,423.866455078125,0.007024992546390182
2023-08-28,426.5544128417969,0.006321497546122311
2023-08-29,432.7201232910156,0.014351213756152791
2023-08-30,434.5024719238281,0.004110481327866142
2023-08-31,433.8665466308594,-0.0014646432405161945
2023-09-01,434.6758117675781,0.0018635023682703879
2023-09-05,432.79718017578125,-0.004331280734201486
2023-09-06,429.8876953125,-0.006745211321591454
2023-09-07,428.56787109375,-0.003074883104727679
2023-09-08,429.2133483886719,0.0015049931196800378
2023-09-11,432.0361022949219,0.0065550439805438145
2023-09-12,429.6661376953125,-0.00550067172943258
2023-09-13,430.1671142578125,0.0011652878463388027
2023-09-14,433.87615966796875,0.008585375997847606
2023-09-15,428.64874267578125,-0.012121345092500091
2023-09-18,428.9000549316406,0.0005861176967538595
2023-09-19,428.0106201171875,-0.0020759109665981555
2023-09-20,424.07574462890625,-0.009235926361963374
2023-09-21,417.06646728515625,-0.016666479203769735
2023-09-22,416.128662109375,-0.0022511067065131623
2023-09-25,417.8785400390625,0.0041963198710842494
2023-09-26,411.7394714355469,-0.014800017783917893
2023-09-27,411.9037780761719,0.00039897526727011314
2023-09-28,414.29180908203125,0.0057808046742993235
2023-09-29,413.2862854003906,-0.0024300405802283784
2023-10-02,413.1219482421875,-0.0003977142377803822
2023-10-03,407.5919189453125,-0.01347634836209956
2023-10-04,410.5599365234375,0.007255451609303459
2023-10-05,410.40521240234375,-0.0003769322562063013
2023-10-06,415.2779235839844,0.011802996906564058
2023-10-09,417.93658447265625,0.006381717759547732
2023-10-10,420.1119079589844,0.00519141408051354
2023-10-11,421.8328552246094,0.0040880346017635434
2023-10-12,419.2610778808594,-0.006115334464598853
2023-10-13,417.1728820800781,-0.004993102239153303
2023-10-16,421.56207275390625,0.010466311713372253
2023-10-17,421.542724609375,-4.589736553544678e-05
2023-10-18,415.9256591796875,-0.013414595156979198
2023-10-19,412.2711486816406,-0.008825279650424974
2023-10-20,407.2051696777344,-0.012364099918453409
2023-10-23,406.4994201660156,-0.0017346582469769383
2023-10-24,409.5640869140625,0.0075108888678726265
2023-10-25,403.68597412109375,-0.01445610751506444
2023-10-26,398.85205078125,-0.012046735854255813
2023-10-27,397.0441589355469,-0.0045430420024325496
2023-10-30,401.7911376953125,0.011884889553048188
2023-10-31,404.3144836425781,0.006260604373372463
2023-11-01,408.6263732910156,0.010608225796331631
2023-11-02,416.45745849609375,0.018983090124788948
2023-11-03,420.2569580078125,0.009082013057030571
2023-11-06,421.2237548828125,0.002297847795175021
2023-11-07,422.4225769042969,0.0028420032974011368
2023-11-08,422.7319030761719,0.0007319991623168338
2023-11-09,419.4351806640625,-0.007829180967580108
2023-11-10,425.9803161621094,0.015484140740613017
2023-11-13,425.57427978515625,-0.0009536356439318165
2023-11-14,433.8307189941406,0.01921490624547553
2023-11-15,434.7491760253906,0.0021148483377047647
2023-11-16,435.28094482421875,0.0012224148389879017
2023-11-17,435.82232666015625,0.001242979847195037
2023-11-20,439.1771545410156,0.007668220135037645
2023-11-21,438.219970703125,-0.0021818722447999412
2023-11-22,439.9118347167969,0.0038533306655125763
2023-11-24,440.1825866699219,0.0006152793497769133
2023-11-27,439.38983154296875,-0.001802592544283532
2023-11-28,439.8248596191406,0.000989583354431617
2023-11-29,439.5154724121094,-0.0007036802669634911
2023-11-30,441.24603271484375,0.003929696108825297
2023-12-01,443.8564453125,0.005898571591790132
2023-12-04,441.52642822265625,-0.0052633104579202766
2023-12-05,441.4394226074219,-0.00019707583353126984
2023-12-06,439.6605529785156,-0.00403784382048264
2023-12-07,443.01531982421875,0.00760139277074656
2023-12-08,444.9198913574219,0.004289895096104061
2023-12-11,446.65045166015625,0.003882054825247759
2023-12-12,448.6904296875,0.004556882411789613
2023-12-13,454.8779296875,0.013695912778304148
2023-12-14,456.33782958984375,0.0032042930263354386
2023-12-15,455.5863952636719,-0.0016480195958501406
2023-12-18,458.149169921875,0.005609459620211821
2023-12-19,460.93505859375,0.006062332738728966
2023-12-20,454.54779052734375,-0.013954104579225074
2023-12-21,458.8577880859375,0.00943727441040276
2023-12-22,459.7799377441406,0.00200764663155541
2023-12-26,461.7213439941406,0.004213578778072539
2023-12-27,462.55621337890625,0.0018065344228258983
2023-12-28,462.7308349609375,0.00037744305276434897
2023-12-29,461.3913269042969,-0.002898986844018307
2024-01-02,458.8092346191406,-0.005612035397547732
2024-01-03,455.062255859375,-0.008200277163193805
2024-01-04,453.5964050292969,-0.00322640869396398
2024-01-05,454.2177429199219,0.001368866059314457
2024-01-08,460.7021484375,0.014175042329764371
2024-01-09,460.0031433105469,-0.0015184126072020482
2024-01-10,462.604736328125,0.005639665497065013
2024-01-11,462.4009094238281,-0.00044070413738965286
2024-01-12,462.72113037109375,0.0006922783076823009
2024-01-16,461.0224914550781,-0.0036777321986068375
2024-01-17,458.45977783203125,-0.005574267921118259
2024-01-18,462.5367126464844,0.008853370206035204
2024-01-19,468.3027648925781,0.012389087780248704
2024-01-22,469.29296875,0.0021122199899997517
2024-01-23,470.66168212890625,0.002912298683813415
2024-01-24,471.17620849609375,0.0010926008042250576
2024-01-25,473.7388610839844,0.005424104140893309
2024-01-26,473.13702392578125,-0.0012712061818800204
2024-01-29,476.8839416503906,0.007888114660332537
2024-01-30,476.51513671875,-0.0007736633240034842
2024-01-31,468.7396545410156,-0.01645198232232101
2024-02-01,474.8746032714844,0.013003269341093398
2024-02-02,479.873779296875,0.010472333454108524
2024-02-05,478.1264953613281,-0.0036477773947554614
2024-02-06,479.5146179199219,0.00289904748563048
2024-02-07,483.5139465332031,0.008305779812444868
2024-02-08,483.7275390625,0.00044165296040262766
2024-02-09,486.523193359375,0.0057627620166426485
2024-02-12,486.3096008300781,-0.00043911458167271916
2024-02-13,479.6116943359375,-0.0138686534469067
2024-02-14,483.9702453613281,0.009046621925135629
2024-02-15,487.3094482421875,0.006875910324868077
2024-02-16,484.8826904296875,-0.004992352347355053
2024-02-20,482.213134765625,-0.005520781653618526
2024-02-21,482.6499938964844,0.0009055360241964325
2024-02-22,492.6387634277344,0.020484433431156232
2024-02-23,492.9784240722656,0.0006892344457567455
2024-02-26,491.1728820800781,-0.003669240708449448
2024-02-27,492.0853576660156,0.0018560248182950727
2024-02-28,491.43499755859375,-0.001322514981534505
2024-02-29,493.20172119140625,0.003588583474794064
2024-03-01,497.83203125,0.009344472355332057
2024-03-04,497.2981262207031,-0.0010730356758202027
2024-03-05,492.32806396484375,-0.0100444068496223
2024-03-06,494.8227844238281,0.005054396243674249
2024-03-07,499.7346496582031,0.009877569664783727
2024-03-08,496.7351379394531,-0.006020294474732712
2024-03-11,496.3079833984375,-0.0008602940963633521
2024-03-12,501.64691162109375,0.01069984061506385
2024-03-13,500.860595703125,-0.0015686986351167854
2024-03-14,499.8705139160156,-0.001978717560858097
2024-03-15,496.4381408691406,-0.00689020738642132
2024-03-18,499.3885498046875,0.005925564349995324
2024-03-19,502.1636962890625,0.005541705083028733
2024-03-20,506.808349609375,0.009206768706146819
2024-03-21,508.4831848144531,0.003299223262460859
2024-03-22,507.5191650390625,-0.0018976729036677875
2024-03-25,506.1170654296875,-0.002766476693441516
2024-03-26,505.1822509765625,-0.0018487399412090155
2024-03-27,509.4276428222656,0.008368569335003587
2024-03-28,509.3304138183594,-0.00019087751712526838
2024-04-01,508.4441223144531,-0.0017416268465577855
2024-04-02,505.2115173339844,-0.0063781343736704936
2024-04-03,505.7664794921875,0.001097871992640343
2024-04-04,499.59307861328125,-0.012281135483388678
2024-04-05,504.8121337890625,0.010392423463797897
2024-04-08,505.09454345703125,0.0005592787565285971
2024-04-09,505.6788635253906,0.0011561842237127697
2024-04-10,500.615478515625,-0.010063512295973848
2024-04-11,504.3935546875,0.007518527385080836
2024-04-12,497.43133544921875,-0.013899297956509599
2024-04-15,491.199462890625,-0.012607244506947673
2024-04-16,490.3035888671875,-0.001825515000946899
2024-04-17,487.4018859863281,-0.005935757700413069
2024-04-18,486.3989562988281,-0.0020598257848203124
2024-04-19,482.1534729003906,-0.0087667130060391
2024-04-22,486.5937194824219,0.009167051448542955
2024-04-23,492.3679504394531,0.011796780401231726
2024-04-24,492.1342468261719,-0.00047476505043886254
2024-04-25,490.2646484375,-0.0038061945199162153
2024-04-26,494.9093933105469,0.009429357841225528
2024-04-29,496.662109375,0.00353523247721479
2024-04-30,488.7943420410156,-0.0159681018863766
2024-05-01,487.20721435546875,-0.0032523085114635345
2024-05-02,491.76422119140625,0.00930985233005993
2024-05-03,497.85980224609375,0.012319139389336669
2024-05-06,503.0010986328125,0.01027383846219407
2024-05-07,503.55609130859375,0.0011027544933754111
2024-05-08,503.6047668457031,9.665891352540534e-05
2024-05-09,506.5064697265625,0.005745329341181782
2024-05-10,507.15899658203125,0.0012874601479287945
2024-05-13,507.22698974609375,0.00013405777501027913
2024-05-14,509.5543518066406,0.004577908799119882
2024-05-15,515.8641357421875,0.012306904257913207
2024-05-16,514.8026733398438,-0.002059759309742172
2024-05-17,515.542724609375,0.001436511286926029
2024-05-20,516.1367797851562,0.001151627494597059
2024-05-21,517.402587890625,0.002449464002916573
2024-05-22,515.9129028320312,-0.002883313187519397
2024-05-23,512.1444702148438,-0.007331204647385969
2024-05-24,515.5330200195312,0.006594602133845969
2024-05-28,515.893310546875,0.0006986258374848982
2024-05-29,512.2807006835938,-0.007027263265614782
2024-05-30,508.8824157714844,-0.006655738740170981
2024-05-31,513.5173950195312,0.009066924606624118
2024-06-03,513.93603515625,0.0008149082918814593
2024-06-04,514.5106201171875,0.0011173841983427688
2024-06-05,520.6256103515625,0.011814988576102055
2024-06-06,520.615966796875,-1.8523184051498192e-05
2024-06-07,519.9830932617188,-0.00121636399162393
2024-06-10,521.5896606445312,0.003084889943344058
2024-06-11,522.8457641601562,0.002405326536044635
2024-06-12,527.139892578125,0.008179449559839557
2024-06-13,528.2012329101562,0.00201136990535479
2024-06-14,528.522705078125,0.0006084317130127014
2024-06-17,532.7291870117188,0.00792743738666102
2024-06-18,534.0826416015625,0.0025373834067190845
2024-06-20,532.6317138671875,-0.0027203695567135935
2024-06-21,531.9176025390625,-0.0013416220821961815
2024-06-24,530.1885986328125,-0.0032558051759180844
2024-06-25,532.2302856445312,0.0038434737094737987
2024-06-26,532.89453125,0.0012472635714515352
2024-06-27,533.7347412109375,0.0015754492332377332
2024-06-28,531.63427734375,-0.003943171900461722
2024-07-01,532.7285766601562,0.0020562530867437837
2024-07-02,536.3135986328125,0.006707004633731091
2024-07-03,538.7069702148438,0.004452706498374999
2024-07-05,541.8134155273438,0.0057499218194441495
2024-07-08,542.4386596679688,0.0011533189084609971
2024-07-09,542.9661254882812,0.0009719247032038236
2024-07-10,548.3390502929688,0.009846866554725235
2024-07-11,543.6109008789062,-0.008660065342001089
2024-07-12,547.0397338867188,0.006287704229287266
2024-07-15,548.5440673828125,0.002746178685302027
2024-07-16,551.7969360351562,0.005912490979178726
2024-07-17,544.060302734375,-0.01412001776785556
2024-07-18,539.879150390625,-0.00771477238768986
2024-07-19,536.2940673828125,-0.006662675135904506
2024-07-22,541.8233032226562,0.010257295669400018
2024-07-23,540.9732666015625,-0.0015700766319446194
2024-07-24,528.7135009765625,-0.022923163749037613
2024-07-25,525.9588012695312,-0.005223814004411388
2024-07-26,531.849365234375,0.011137416104439588
2024-07-29,532.1618041992188,0.0005872851391028809
2024-07-30,529.4656982421875,-0.005079204800326353
2024-07-31,538.0719604492188,0.016123925168381226
2024-08-01,530.452392578125,-0.014262093335322532
2024-08-02,520.5762329101562,-0.018793875110654085
2024-08-05,505.4151611328125,-0.029556145464849717
2024-08-06,510.07476806640625,0.009177126236514264
2024-08-07,506.6654052734375,-0.006706483447610974
2024-08-08,518.3782348632812,0.022854323362011434
2024-08-09,520.6641235351562,0.004399998404867603
2024-08-12,520.9376220703125,0.0005251499291272942
2024-08-13,529.5047607421875,0.016311848742340495
2024-08-14,531.17529296875,0.003149929334443642
2024-08-15,540.27978515625,0.016995040689874147
2024-08-16,541.4910278320312,0.0022393711633094254
2024-08-19,546.66845703125,0.00951600999874844
2024-08-20,545.7794799804688,-0.0016274958593185758
2024-08-21,547.655029296875,0.0034305687993322438
2024-08-22,543.3568725585938,-0.0078792522202237
2024-08-23,549.1302490234375,0.010569333214828289
2024-08-26,547.8211669921875,-0.002386765053739642
2024-08-27,548.5733642578125,0.0013721290323900149
2024-08-28,545.3888549804688,-0.005821989491770386
2024-08-29,545.4375610351562,8.930120137322424e-05
2024-08-30,550.644287109375,0.009500686919605783
2024-09-03,539.3126831054688,-0.020793503959488143
2024-09-04,538.2088623046875,-0.002048815063798149
2024-09-05,536.8997802734375,-0.0024352565431288295
2024-09-06,527.8636474609375,-0.016973441267510683
2024-09-09,533.773681640625,0.01113392506144728
2024-09-10,536.0986938476562,0.0043463424617538405
2024-09-11,541.5985107421875,0.010206697423128894
2024-09-12,546.1605834960938,0.00838806961372859
2024-09-13,549.0130004882812,0.005209080065134027
2024-09-16,549.8238525390625,0.0014758372832571732
2024-09-17,550.0484619140625,0.000408428096917852
2024-09-18,548.4171752929688,-0.0029701208031538205
2024-09-19,557.7755126953125,0.016920308323790854
2024-09-20,556.811279296875,-0.0017302082635660982
2024-09-23,558.2028198242188,0.0024960065543343903
2024-09-24,559.7999267578125,0.002857073517736524
2024-09-25,558.5653076171875,-0.00220790061103961
2024-09-26,560.77978515625,0.003956742996381432
2024-09-27,559.9664916992188,-0.001451342942798752
2024-09-30,562.2103881835938,0.00399919035091777
2024-10-01,557.173828125,-0.00899886557873342
2024-10-02,557.4091186523438,0.000422203715783151
2024-10-03,556.3900146484375,-0.001829960641610971
2024-10-04,561.4461059570312,0.00904627377092313
2024-10-07,556.3704223632812,-0.009081487613016396
2024-10-08,561.6323852539062,0.00941321740757852
2024-10-09,565.5225219726562,0.0069026043174138735
2024-10-10,564.53271484375,-0.0017517858415798677
2024-10-11,567.9131469726562,0.005970161194562172
2024-10-14,572.557861328125,0.008145301373661071
2024-10-15,568.109375,-0.007799836340178188
2024-10-16,570.5784912109375,0.004336781226997753
2024-10-17,570.6275634765625,8.600071030762595e-05
2024-10-18,572.8223876953125,0.0038389558056885695
2024-10-21,571.8817138671875,-0.0016435234897547348
2024-10-22,571.5780029296875,-0.0005312140693382019
2024-10-23,566.3552856445312,-0.009179367560591928
2024-10-24,567.5801391601562,0.0021603593383062066
2024-10-25,567.3840942382812,-0.0003454644966876584
2024-10-28,569.1381225585938,0.003086661548734472
2024-10-29,570.0592041015625,0.0016170714627323846
2024-10-30,568.3345947265625,-0.0030299017723833177
2024-10-31,557.1935424804688,-0.01979766789980914
2024-11-01,559.5452270507812,0.0042117066421415985
2024-11-04,558.3399047851562,-0.002156433963351231
2024-11-05,565.09130859375,0.012019400933531765
2024-11-06,579.1425170898438,0.024561264570642866
2024-11-07,583.62060546875,0.007702532755040855
2024-11-08,586.148681640625,0.00432235678554351
2024-11-11,586.7072143554688,0.0009524320233579573
2024-11-12,584.8847045898438,-0.0031111707177523132
2024-11-13,585.1688232421875,0.0004856507008776076
2024-11-14,581.4061889648438,-0.006450759335004926
2024-11-15,573.9590454101562,-0.012891588688075899
2024-11-18,576.310791015625,0.004089038602607004
2024-11-19,578.41748046875,0.003648809581418136
2024-11-20,578.6134033203125,0.00033866486397222695
2024-11-21,581.7196044921875,0.0053539950530813426
2024-11-22,583.5226440429688,0.003094705829717668
2024-11-25,585.5020141601562,0.00338636485522849
2024-11-26,588.5591430664062,0.00520779653910303
2024-11-27,586.7758178710938,-0.003034584391838552
2024-11-29,590.4208374023438,0.006192731118907509
2024-12-02,591.4791259765625,0.0017908264486717743
2024-12-03,591.7535400390625,0.0004638378829482921
2024-12-04,595.4280395507812,0.006190310410417728
2024-12-05,594.4481201171875,-0.0016470951992252744
2024-12-06,595.5750122070312,0.0018939000361718997
2024-12-09,592.5079956054688,-0.00516297833458787
2024-12-10,590.6658325195312,-0.003113937328071786
2024-12-11,595.2320556640625,0.007700908748182434
2024-12-12,592.1651000976562,-0.0051658577282944216
2024-12-13,592.0474243164062,-0.00019874098476635335
2024-12-16,594.5755004882812,0.00426096604737987
2024-12-17,592.1258544921875,-0.004128502028305102
2024-12-18,574.4784545898438,-0.03025661064131427
2024-12-19,574.3020629882812,-0.00030709365322565676
2024-12-20,581.2000122070312,0.011939452656685785
2024-12-23,584.6803588867188,0.00597035013895905
2024-12-24,591.1790771484375,0.01105367568985796
2024-12-26,591.2184448242188,6.658957764061234e-05
2024-12-27,584.9950561523438,-0.010582171931224257
2024-12-30,578.3192138671875,-0.011477406822190008
2024-12-31,576.21533203125,-0.0036445581852855152
2025-01-02,574.7994995117188,-0.0024601476798058125
2025-01-03,581.9864501953125,0.012425882521837194
2025-01-06,585.339111328125,0.005744190758671316
2025-01-07,578.7223510742188,-0.011368526030354306
2025-01-08,579.56787109375,0.0014599452771517484
2025-01-10,570.7192993164062,-0.01538528212336864
2025-01-13,571.604248046875,0.0015493839894041204
2025-01-14,572.3906860351562,0.001374897892880756
2025-01-15,582.8024291992188,0.01802646669131063
2025-01-16,581.6817016601562,-0.0019248487040591416
2025-01-17,587.5218505859375,0.009990044052688843
2025-01-21,592.8995971679688,0.00911163347309816
2025-01-22,596.2326049804688,0.005605796453539717
2025-01-23,599.4868774414062,0.005443217316000488
2025-01-24,597.73681640625,-0.002923534324684772
2025-01-27,589.2816162109375,-0.014246355350771879
2025-01-28,594.3449096679688,0.008555611473282456
2025-01-29,591.6804809570312,-0.004493045788622342
2025-01-30,594.8560791015625,0.005352731358855029
2025-01-31,591.6903076171875,-0.00533612344483288
2025-02-03,587.70849609375,-0.00675229895034307
2025-02-04,591.6510620117188,0.006685968799990253
2025-02-05,594.0499267578125,0.004046328782416979
2025-02-06,596.1146240234375,0.0034696031494635027
2025-02-07,590.6580810546875,-0.009195663829970117
2025-02-10,594.6693115234375,0.006768165160238897
2025-02-11,595.1216430664062,0.0007603546875463104
2025-02-12,593.2045288085938,-0.0032265820048660966
2025-02-13,599.4672241210938,0.010502056174401328
2025-02-14,599.4376831054688,-4.9279997859525275e-05
2025-02-18,601.1975708007812,0.00293159633618473
2025-02-19,602.6133422851562,0.0023521503613693965
2025-02-20,600.1063232421875,-0.004168922727060123
2025-02-21,589.8419799804688,-0.01725217443558737
2025-02-24,587.157958984375,-0.004560791483029168
2025-02-25,584.2379150390625,-0.004985590368680155
2025-02-26,584.5328979492188,0.0005047746113122283
2025-02-27,575.2025146484375,-0.016090885066493157
2025-02-28,584.178955078125,0.015485187638170108
2025-03-03,573.9441528320312,-0.017675268948049022
2025-03-04,567.1505126953125,-0.011907373878382277
2025-03-05,573.2460327148438,0.010690278034709101
2025-03-06,563.0703125,-0.01791049169546289
2025-03-07,566.2262573242188,0.005589236918639989
2025-03-10,551.14453125,-0.02699666432272876
2025-03-11,546.5628051757812,-0.008347858357648487
2025-03-12,549.4632568359375,0.005292681499864577
2025-03-13,542.1387329101562,-0.013419971602266899
2025-03-14,553.3369750976562,0.020445240697472288
2025-03-17,557.6038818359375,0.007681646945156242
2025-03-18,551.5770874023438,-0.010867214480762116
2025-03-19,557.584228515625,0.010831967834690391
2025-03-20,555.9718627929688,-0.002895887979129496
2025-03-21,556.1552734375,0.0003298375522347131
2025-03-24,566.1151733398438,0.01775001993397574
2025-03-25,567.4759521484375,0.0024008294201014486
2025-03-26,560.7013549804688,-0.012009953674923753
2025-03-27,559.2123413085938,-0.0026591594588515457
2025-03-28,547.95068359375,-0.02034397079880046
2025-03-31,551.6289672851562,0.006690370104205908
2025-04-01,553.18701171875,0.002820461499574517
2025-04-02,556.687744140625,0.006308358691470958
2025-04-03,529.2537841796875,-0.050536419682427336
2025-04-04,498.2696838378906,-0.060326595809965626
2025-04-07,497.3822021484375,-0.0017827152983578298
2025-04-08,489.5917663574219,-0.015786834984522834
2025-04-09,541.0084838867188,0.09986304660809199
2025-04-10,517.3018798828125,-0.04480834955325649
2025-04-11,526.531982421875,0.017685464038685945
2025-04-14,531.64013671875,0.00965475064745145
2025-04-15,530.1511840820312,-0.0028046068630166133
2025-04-16,518.3668823242188,-0.022478960262307578
2025-04-17,519.1064453125,0.0014257004856924008
2025-04-21,506.7503662109375,-0.024090451079885663
2025-04-22,519.9348754882812,0.025685056289012017
2025-04-23,527.9915161132812,0.015376651323154154
2025-04-24,539.1051635742188,0.020830444939895523
2025-04-25,543.0003051757812,0.007199221401995238
2025-04-28,543.2073974609375,0.0003813125006622542
2025-04-29,546.6292724609375,0.006279631323148115
2025-04-30,546.8462524414062,0.0003968629903005842
2025-05-01,550.7216186523438,0.007061763409591448
2025-05-02,558.8966674804688,0.014735151442319313
2025-05-05,555.69189453125,-0.00575060948969135
2025-05-06,551.047119140625,-0.008393672949749326
2025-05-07,553.364501953125,0.004196598748646957
2025-05-08,557.2202758789062,0.006943710187545934
2025-05-09,556.5103149414062,-0.0012749241863656922
2025-05-12,574.9015502929688,0.032513103328074035
2025-05-13,578.6981201171875,0.006582150859953346
2025-05-14,579.437744140625,0.0012772665916255532
2025-05-15,582.2678833007812,0.004872395712505169
2025-05-16,585.9560546875,0.006314172343761217
2025-05-19,586.5969848632812,0.0010932217443398076
2025-05-20,584.6246948242188,-0.003367922465163679
2025-05-21,574.7733764648438,-0.016994258821981998
2025-05-22,575.0001831054688,0.00039452402028022595
2025-05-23,571.0753173828125,-0.006849253936013615
2025-05-27,582.9483642578125,0.02057750809639445
2025-05-28,579.5757446289062,-0.005802252297463494
2025-05-29,581.8635864257812,0.003939671569296213
2025-05-30,581.2127075195312,-0.0011192369367069106
2025-06-02,584.4867553710938,0.005617325159679262
2025-06-03,587.8197631835938,0.005686254815427237
2025-06-04,587.6619873046875,-0.00026844462670427653
2025-06-05,584.8218994140625,-0.004844575652615554
2025-06-06,590.8274536132812,0.010216662684454049
2025-06-09,591.3599243164062,0.0009008229136485706
2025-06-10,594.7127685546875,0.00565370603234998
2025-06-11,593.0166015625,-0.002856152567946288
2025-06-12,595.3734741210938,0.003966501735249262
2025-06-13,588.7171630859375,-0.011243026407137481
2025-06-16,594.318359375,0.009469264508429075
2025-06-17,589.2398681640625,-0.008581787124168365
2025-06-18,589.1510009765625,-0.00015082803167561687
2025-06-20,587.7673950195312,-0.0023512362440002437
2025-06-23,593.5730590820312,0.009829022247643619
2025-06-24,600.13037109375,0.010986611589662867
2025-06-25,600.4666748046875,0.0005602274649639028
2025-06-26,605.1646118164062,0.007793362434847595
2025-06-27,608.1712646484375,0.004956020908146138
2025-06-30,611.0791015625,0.004769885673784504
2025-07-01,610.8812866210938,-0.00032376653948382644
2025-07-02,613.650634765625,0.004523120741211659
2025-07-03,618.4869995117188,0.007850404775935078
2025-07-07,613.8780517578125,-0.007479876580079352
2025-07-08,613.5418090820312,-0.0005478853567877983
2025-07-09,617.2210083007812,0.005978747694233981
2025-07-10,618.9617309570312,0.0028162888082995893
2025-07-11,616.7858276367188,-0.0035216020520023017
2025-07-14,617.9628295898438,0.0019064646116137784
2025-07-15,615.3220825195312,-0.004282467222650002
2025-07-16,617.3792724609375,0.003337697071379566
2025-07-17,621.1573486328125,0.006100890076443559
2025-07-18,620.7024536132812,-0.0007326028897206542
2025-07-21,621.87939453125,0.0018943480812726298
2025-07-22,621.9684448242188,0.00014318518761442616
2025-07-23,627.2598266601562,0.008471491723121317
2025-07-24,627.4674072265625,0.0003308776006352662
2025-07-25,630.1181030273438,0.004215537956781221
2025-07-28,629.9598388671875,-0.00025119741521783395
2025-07-29,628.29833984375,-0.0026409524169906454
2025-07-30,627.5070190429688,-0.0012602604375215438
2025-07-31,625.153076171875,-0.003758315046290221
2025-08-01,614.9066162109375,-0.01652612890526926
2025-08-04,624.2530517578125,0.015085405109181525
2025-08-05,621.088134765625,-0.00508282202541377
2025-08-06,625.845458984375,0.007630474189105244
2025-08-07,625.3212280273438,-0.0008379874450790588
2025-08-08,630.1972045898438,0.007767311017072898
2025-08-11,628.9510498046875,-0.0019793621405001806
2025-08-12,635.6468505859375,0.010589711326313691
2025-08-13,637.8228149414062,0.0034173824976576803
2025-08-14,637.882080078125,9.291355233127299e-05
2025-08-15,636.388671875,-0.0023439428152555583
2025-08-18,636.2501220703125,-0.00021773625932833604
2025-08-19,632.7984008789062,-0.005439870329590304
2025-08-20,631.116943359375,-0.0026607138194371075
2025-08-21,628.5851440429688,-0.004019684893379627
2025-08-22,638.2381591796875,0.015240013258267937
2025-08-25,635.4292602539062,-0.004410733032418605
2025-08-26,638.0897827148438,0.00417822779510161
2025-08-27,639.543701171875,0.0022759564506928394
2025-08-28,641.80859375,0.0035351635079115293
2025-08-29,637.98095703125,-0.005981683674969114
2025-09-02,633.25341796875,-0.0074377486157517
2025-09-03,636.6853637695312,0.005404912748453931
2025-09-04,642.0064086914062,0.008322686906872429
2025-09-05,640.1469116210938,-0.0029005866062630937
2025-09-08,641.7196044921875,0.0024537557388579455
2025-09-09,643.203125,0.002309121214754036
2025-09-10,645.0625,0.002886634953297581
2025-09-11,650.4231567382812,0.00827595011479291
2025-09-12,650.2054443359375,-0.0003347802811615078
2025-09-15,653.6671752929688,0.005309934480800251
2025-09-16,652.76708984375,-0.0013779271038015764
2025-09-17,651.9561157226562,-0.0012431360491986744
2025-09-18,655.00244140625,0.004661710478508254
2025-09-19,658.2465209960938,0.0049405501644479355
2025-09-22,661.3606567382812,0.004719800825183231
2025-09-23,657.7606201171875,-0.005458248035394466
2025-09-24,655.6677856445312,-0.0031868295747073685
2025-09-25,652.6429443359375,-0.004624049362276245
2025-09-26,656.3819580078125,0.005712685577890228
2025-09-29,658.2266845703125,0.0028065048617203843
2025-09-30,660.7061157226562,0.003759757999068319
2025-10-01,662.95751953125,0.0034017796058662298
2025-10-02,663.7210693359375,0.0011510698904782946
2025-10-03,663.7112426757812,-1.4805515983767243e-05
2025-10-06,666.0914916992188,0.0035798566266859286
2025-10-07,663.6219482421875,-0.003714403753721363
2025-10-08,667.5791625976562,0.005945346619066807
2025-10-09,665.6452026367188,-0.002901179078111572
2025-10-10,647.6542358398438,-0.027399832538963102
2025-10-13,657.5919189453125,0.015227587680655873
2025-10-14,656.78857421875,-0.0012223931057610573
2025-10-15,659.7044067382812,0.004429704266786335
2025-10-16,655.2117309570312,-0.006833429349370981
2025-10-17,658.9308471679688,0.005660156214500435
2025-10-20,665.7840576171875,0.010346787167762106
2025-10-21,665.7741088867188,-1.4942990429156014e-05
2025-10-22,662.3128051757812,-0.005212477453439929
2025-10-23,666.2402954101562,0.005912449677416068
2025-10-24,671.6851806640625,0.008139340211438471
2025-10-27,679.6094970703125,0.011728614603400918
2025-10-28,681.41455078125,0.0026524950416700003
2025-10-29,681.7418823242188,0.00048025529764689906
2025-10-30,674.2439575195312,-0.011059114340385109
2025-10-31,676.4556274414062,0.003274853895150146
2025-11-03,677.7251586914062,0.001874980999473234
2025-11-04,669.6917114257812,-0.011924360802475447
2025-11-05,672.0125122070312,0.0034594854141328157
2025-11-06,664.8021850585938,-0.0107874293787707
2025-11-07,665.4567260742188,0.0009840807123627038
2025-11-10,675.8407592773438,0.015483874055295284
2025-11-11,677.3878784179688,0.002286560853950906
2025-11-12,677.7647705078125,0.0005562356386344725
2025-11-13,666.5179443359375,-0.016733219095931014
2025-11-14,666.408935546875,-0.00016356304453120328
2025-11-17,660.2002563476562,-0.00936029173962937
2025-11-18,654.65625,-0.008432918992475554
2025-11-19,657.185302734375,0.0038557337390654808
2025-11-20,647.1683349609375,-0.015359584109870688
2025-11-21,653.6148681640625,0.009911853052476355
2025-11-24,663.2351684570312,0.014611339452438529
2025-11-25,669.4734497070312,0.009361876598705392
2025-11-26,674.09521484375,0.006879861801814111
2025-11-28,677.7747192382812,0.005443590966696786
2025-12-01,674.6803588867188,-0.004575923889866952
2025-12-02,675.9300537109375,0.001850563521801528
2025-12-03,678.2706298828125,0.003456767569100685
2025-12-04,678.7665405273438,0.0007308726355028201
2025-12-05,680.0557861328125,0.0018975931835084833
2025-12-08,678.0127563476562,-0.0030087308003297914
2025-12-09,677.4275512695312,-0.000863490795128103
2025-12-10,681.92041015625,0.006610338742418503
2025-12-11,683.5072021484375,0.002324242885119065
2025-12-12,676.1580810546875,-0.0108102968489866
2025-12-15,675.1365356445312,-0.0015119509722544683
2025-12-16,673.2918701171875,-0.002736024649435422
2025-12-17,665.8832397460938,-0.011064581322954193
2025-12-18,670.9114990234375,0.007522894645792734
2025-12-19,676.9923095703125,0.009022679156543787
2025-12-22,681.2098388671875,0.00621047884157309
2025-12-23,684.3233032226562,0.004560079363435816
2025-12-24,686.7305297851562,0.003511501850767283
2025-12-26,686.660888671875,-0.00010141480775991423
2025-12-29,684.2138671875,-0.003570018446780222
2025-12-30,683.3782958984375,-0.001221959902357149
2025-12-31,678.3152465820312,-0.007436434837780548
2026-01-02,679.55859375,0.0018313152201985445
2026-01-05,684.0845947265625,0.006638125918191552
2026-01-06,688.1529541015625,0.005929543756599755
2026-01-07,685.9347534179688,-0.0032286186657920035
2026-01-08,685.8651123046875,-0.00010153246851990349
2026-01-09,690.4010009765625,0.006591610519991714
2026-01-12,691.4852294921875,0.0015692011602722827
2026-01-13,690.1026000976562,-0.0020015084477309304
2026-01-14,686.7105712890625,-0.004927372488885677
2026-01-15,688.5806884765625,0.002719596051916529
2026-01-16,688.0037231445312,-0.0008382564279319575
2026-01-20,673.9981689453125,-0.020566855255717744
2026-01-21,681.77685546875,0.011475018699616915
2026-01-22,685.3379516601562,0.005209663778086045
2026-01-23,685.5865478515625,0.00036266941646986676
2026-01-26,689.068115234375,0.00506538103059215
2026-01-27,691.8134765625,0.003976249609777937
2026-01-28,691.7438354492188,-0.00010066964734378686
2026-01-29,690.3711547851562,-0.001986348639724907
2026-01-30,688.3121337890625,-0.002986940574398427
2026-02-02,691.73388671875,0.004958907008599522
2026-02-03,685.885009765625,-0.00849133546493203
2026-02-04,682.5626831054688,-0.004855623207264491
2026-02-05,674.0379638671875,-0.012567930681256348
2026-02-06,686.96923828125,0.01900307879815714
2026-02-09,690.2816162109375,0.0048101394245550514
2026-02-10,688.4613037109375,-0.0026405409324224806
2026-02-11,688.3021850585938,-0.00023114885650317492
2026-02-12,677.668701171875,-0.015569436795382833
2026-02-13,678.1461181640625,0.0007042510601164912
2026-02-17,679.2402954101562,0.0016121827537749706
2026-02-18,682.662109375,0.005025060758005965
2026-02-19,680.8616943359375,-0.002640828242968268
2026-02-20,685.7855834960938,0.007205824861526998
2026-02-23,678.7827758789062,-0.010263859697353819
2026-02-24,683.7164916992188,0.007242187209707843
2026-02-25,689.4859008789062,0.0084029028181233
2026-02-26,685.6561889648438,-0.005569928872744709
2026-02-27,682.3637084960938,-0.004813507218789428
2026-03-02,682.7516479492188,0.0005683614380813482
2026-03-03,676.7337036132812,-0.008853326204464676
2026-03-04,681.50830078125,0.0070305833857426895
2026-03-05,677.7084350585938,-0.005591272564328495
2026-03-06,668.8256225585938,-0.013193786382772557
2026-03-09,674.6845092773438,0.008721815668318755
2026-03-10,673.6002807617188,-0.0016083082110627642
2026-03-11,672.7548217773438,-0.0012559228897518618
2026-03-12,662.5390625,-0.015301438459733196
2026-03-13,658.7890014648438,-0.005676215023587526
2026-03-16,665.493408203125,0.010125429394262926
2026-03-17,667.2440185546875,0.0026270911632708125
2026-03-18,657.9335327148438,-0.014051911808400095
2026-03-19,656.3121337890625,-0.0024674226283852175
2026-03-20,646.9034423828125,-0.01443944509538709
2026-03-23,653.6959228515625,0.010445249178190171
2026-03-24,651.5015869140625,-0.0033624612191459923
2026-03-25,655.1322021484375,0.005557218263225205
2026-03-26,643.432373046875,-0.018020121487025215
2026-03-27,632.4606323242188,-0.017198951843375027
2026-03-30,630.3460693359375,-0.0033489923071651985
2026-03-31,648.6688842773438,0.028653407820692582
2026-04-01,653.5562744140625,0.007506248903134024
2026-04-02,654.144775390625,0.0009000543608632609
2026-04-06,657.23681640625,0.00471570863127598
2026-04-07,657.5260009765625,0.00043990379276420265
2026-04-08,674.27294921875,0.02515068962018007
2026-04-09,678.162841796875,0.005752440641581351
2026-04-10,677.7140502929688,-0.000661994496571573
2026-04-13,684.3369750976562,0.00972500571340668
2026-04-14,692.675537109375,0.012111239170364246
2026-04-15,698.1414184570312,0.007859998349511583
2026-04-16,699.8569946289062,0.0024543333053888188
2026-04-17,708.3152465820312,0.012013237341879625
2026-04-20,706.8988037109375,-0.0020017372548961723
2026-04-21,702.2708129882812,-0.006568417750443915
2026-04-22,709.3825073242188,0.010075780503951338
2026-04-23,706.6295776367188,-0.0038882904816336587
2026-04-24,712.10546875,0.00771943756437638
2026-04-27,713.332275390625,0.0017213055408080294
2026-04-28,709.8612060546875,-0.0048778697536611924
2026-04-29,709.7515258789062,-0.0001545212627813887
2026-04-30,716.8132934570312,0.009900461815238022
2026-05-01,718.7982177734375,0.002765268411019866
2026-05-04,716.1649780273438,-0.003670118801040342
2026-05-05,721.9102172851562,0.007990221711526798
2026-05-06,731.9443359375,0.013803688898871048
2026-05-07,729.7001342773438,-0.003070792479857851
2026-05-08,735.724609375,0.008222201875465084
2026-05-11,737.4002685546875,0.002274973327095926
2026-05-12,736.2831420898438,-0.0015161013155970994
2026-05-13,740.4025268554688,0.0055792448425891535
2026-05-14,746.2474975585938,0.007863317827570018
2026-05-15,737.2706298828125,-0.012102281834028297
2026-05-18,736.751953125,-0.0007037568965346505
2026-05-19,731.8446044921875,-0.006683070135583305
2026-05-20,739.3452758789062,0.010196829759483024
2026-05-21,740.8114624023438,0.001981123978379707
2026-05-22,743.7239990234375,0.003923840734942977
2026-05-26,748.6613159179688,0.006616702614766452
2026-05-27,748.5316162109375,-0.00017325717290322425
2026-05-28,752.6609497070312,0.005501418012009892
2026-05-29,754.5361328125,0.0024883063996868804
2026-06-01,756.5908203125,0.0027194125046700462
2026-06-02,757.6182250976562,0.0013570186308611517
2026-06-03,752.3018798828125,-0.007041918531282929
2026-06-04,755.1445922851562,0.0037715644628917525
2026-06-05,735.65478515625,-0.026148277086187284
2026-06-08,737.3204345703125,0.002261613232488794
2026-06-09,735.1560668945312,-0.002939767435847424
2026-06-10,723.56591796875,-0.015891160823072677
2026-06-11,735.8642578125,0.016854017638559635
2026-06-12,739.843994140625,0.005393675844766619
2026-06-15,752.890380859375,0.017480295410686308
2026-06-16,748.4019775390625,-0.005979403902405487
2026-06-17,739.0560302734375,-0.012566499634242041
2026-06-18,746.739990234375,0.010343315448328203
2026-06-22,744.3900146484375,-0.0031519418478261887
2026-06-23,733.5800170898438,-0.014628429664887565
2026-06-24,733.239990234375,-0.00046362452088405214
2026-06-25,734.2999877929688,0.001444591300819105
2026-06-26,728.989990234375,-0.007257646736180781
2026-06-29,741.0,0.016340624198741247
2026-06-30,746.77001953125,0.007756640320927922
2026-07-01,745.760009765625,-0.0013534198977212118
2026-07-02,744.780029296875,-0.0013149336271025228
2026-07-06,751.280029296875,0.008689545400113111
2026-07-07,747.7100219726562,-0.004763225841268043
2026-07-08,745.4000244140625,-0.003094211852910556
2026-07-09,751.7100219726562,0.008429620706500477
2026-07-10,754.9500122070312,0.0043008975551764635
2026-07-13,749.1699829101562,-0.007685633815530019
2026-07-14,751.8300170898438,0.003544353050495003
2026-07-15,754.8099975585938,0.003955801420061879
2026-07-16,750.719970703125,-0.005433351714810402
2026-07-17,743.2899780273438,-0.009946458438716834
2026-07-20,742.0900268554688,-0.0016156827599172103
2026-07-21,748.280029296875,0.00830671283160697
2026-07-22,747.4099731445312,-0.0011634178861416992
2026-07-23,738.1799926757812,-0.012426173368713682
2026-07-24,738.9299926757812,0.0010154965735656703
2026-07-27,739.0900268554688,0.00021655211458314317
2026-07-28,740.8599853515625,0.002391917734196567
2026-07-29,729.4600219726562,-0.015507089295929732
2026-07-30,741.6900024414062,0.016626804898639082
2026-07-31,747.030029296875,0.007174014783580491
2026-08-03,757.6699829101562,0.014142527904258828
2026-08-04,771.3300170898438,0.017868407620299842
2026-08-05,769.7899780273438,-0.00199859787687683
2026-08-06,768.5599975585938,-0.001599090909569207
2026-08-07,773.260009765625,0.006096725613895211
2026-08-10,773.030029296875,-0.00029746097386132897
2026-08-11,770.5599975585938,-0.0032003754929251995
2026-08-12,772.489990234375,0.00250153099055172
2026-08-13,777.8800048828125,0.00695322585121305
2026-08-14,776.3400268554688,-0.001981673765436055
2026-08-17,772.6699829101562,-0.004738575980100243
2026-08-18,767.4500122070312,-0.006778680502842077
2026-08-19,769.0599975585938,0.0020956400290855414
2026-08-20,762.5999755859375,-0.00843537128524668
2026-08-21,765.719970703125,0.004082913998477476
2026-08-24,763.469970703125,-0.00294273662514962
2026-08-25,765.9099731445312,0.0031908415190819673
2026-08-26,766.0800170898438,0.00022199093609589067
2026-08-27,771.0999755859375,0.006531409939845632
2026-08-28,769.3499755859375,-0.002272064407546174
