Date,RealizedVol,NaiveForecast
2010-02-18,0.1813469036990626,0.18055153830042464
2010-02-19,0.18148927466661374,0.1813469036990626
2010-02-22,0.1809041518125316,0.18148927466661374
2010-02-23,0.1833460138305367,0.1809041518125316
2010-02-24,0.1857432703766213,0.1833460138305367
2010-02-25,0.1841086188942893,0.1857432703766213
2010-02-26,0.18206336533540218,0.1841086188942893
2010-03-01,0.1847879150568673,0.18206336533540218
2010-03-02,0.18239246752020807,0.1847879150568673
2010-03-03,0.17835434028175626,0.18239246752020807
2010-03-04,0.17640143457025115,0.17835434028175626
2010-03-05,0.1716956234081423,0.17640143457025115
2010-03-08,0.15689704325746762,0.1716956234081423
2010-03-09,0.1565264329503988,0.15689704325746762
2010-03-10,0.155845667950918,0.1565264329503988
2010-03-11,0.15575565724276783,0.155845667950918
2010-03-12,0.15075741274997537,0.15575565724276783
2010-03-15,0.14579283631510878,0.15075741274997537
2010-03-16,0.1415378761679967,0.14579283631510878
2010-03-17,0.13892122315533995,0.1415378761679967
2010-03-18,0.13756908605896206,0.13892122315533995
2010-03-19,0.09715613431835096,0.13756908605896206
2010-03-22,0.09734549469625374,0.09715613431835096
2010-03-23,0.092838406580228,0.09734549469625374
2010-03-24,0.09199457971776863,0.092838406580228
2010-03-25,0.09184357516748988,0.09199457971776863
2010-03-26,0.08965319634158882,0.09184357516748988
2010-03-29,0.08964138681587083,0.08965319634158882
2010-03-30,0.08127248557445683,0.08964138681587083
2010-03-31,0.08264779590146595,0.08127248557445683
2010-04-01,0.0830621812703678,0.08264779590146595
2010-04-05,0.08484353138304661,0.0830621812703678
2010-04-06,0.08459449599895781,0.08484353138304661
2010-04-07,0.07654279867491151,0.08459449599895781
2010-04-08,0.07406716280973343,0.07654279867491151
2010-04-09,0.07408383406041325,0.07406716280973343
2010-04-12,0.07390241938399277,0.07408383406041325
2010-04-13,0.07049003290498468,0.07390241938399277
2010-04-14,0.07502993046517221,0.07049003290498468
2010-04-15,0.07504408531042356,0.07502993046517221
2010-04-16,0.09262047717804751,0.07504408531042356
2010-04-19,0.08540974966300968,0.09262047717804751
2010-04-20,0.08774279326812542,0.08540974966300968
2010-04-21,0.0884413434151462,0.08774279326812542
2010-04-22,0.08817542424356078,0.0884413434151462
2010-04-23,0.08896793346081526,0.08817542424356078
2010-04-26,0.09035873024493164,0.08896793346081526
2010-04-27,0.11716557222202985,0.09035873024493164
2010-04-28,0.11698130452259502,0.11716557222202985
2010-04-29,0.12074622474675092,0.11698130452259502
2010-04-30,0.13184843588768208,0.12074622474675092
2010-05-03,0.13531165930927747,0.13184843588768208
2010-05-04,0.1528472179785401,0.13531165930927747
2010-05-05,0.15250099563002648,0.1528472179785401
2010-05-06,0.18066133605777066,0.15250099563002648
2010-05-07,0.18507511865235696,0.18066133605777066
2010-05-10,0.22590947213194404,0.18507511865235696
2010-05-11,0.22519760659186794,0.22590947213194404
2010-05-12,0.22898374654063855,0.22519760659186794
2010-05-13,0.23166841914266864,0.22898374654063855
2010-05-14,0.23634570169034183,0.23166841914266864
2010-05-17,0.23478542858183452,0.23634570169034183
2010-05-18,0.2371644987797323,0.23478542858183452
2010-05-19,0.23716190024841746,0.2371644987797323
2010-05-20,0.25905990262416073,0.23716190024841746
2010-05-21,0.26268658533357364,0.25905990262416073
2010-05-24,0.26382367449082406,0.26268658533357364
2010-05-25,0.26386285140010235,0.26382367449082406
2010-05-26,0.2601673972651515,0.26386285140010235
2010-05-27,0.2812548942825421,0.2601673972651515
2010-05-28,0.28005466883577335,0.2812548942825421
2010-06-01,0.28219656363802303,0.28005466883577335
2010-06-02,0.2926798848106799,0.28219656363802303
2010-06-03,0.293267276514561,0.2926798848106799
2010-06-04,0.30770034066572544,0.293267276514561
2010-06-07,0.30691102266215003,0.30770034066572544
2010-06-08,0.31016035576824613,0.30691102266215003
2010-06-09,0.3045709851150256,0.31016035576824613
2010-06-10,0.3173529763365563,0.3045709851150256
2010-06-11,0.3149496794495526,0.3173529763365563
2010-06-14,0.3122111138555863,0.3149496794495526
2010-06-15,0.31757494307614204,0.3122111138555863
2010-06-16,0.3110496889126143,0.31757494307614204
2010-06-17,0.3109025053898913,0.3110496889126143
2010-06-18,0.29534731300045935,0.3109025053898913
2010-06-21,0.29214645635585884,0.29534731300045935
2010-06-22,0.2660742311694802,0.29214645635585884
2010-06-23,0.2660843773965899,0.2660742311694802
2010-06-24,0.26518618604707916,0.2660843773965899
2010-06-25,0.26429607979513653,0.26518618604707916
2010-06-28,0.2599344967149653,0.26429607979513653
2010-06-29,0.2735725425966429,0.2599344967149653
2010-06-30,0.27240054414347353,0.2735725425966429
2010-07-01,0.2723042726472891,0.27240054414347353
2010-07-02,0.25046838099555774,0.2723042726472891
2010-07-06,0.24708022221116896,0.25046838099555774
2010-07-07,0.2622492557631194,0.24708022221116896
2010-07-08,0.2638898986589754,0.2622492557631194
2010-07-09,0.26411927158607434,0.2638898986589754
2010-07-12,0.24546404952101045,0.26411927158607434
2010-07-13,0.2468155820018332,0.24546404952101045
2010-07-14,0.24137470710692488,0.2468155820018332
2010-07-15,0.22954425357376537,0.24137470710692488
2010-07-16,0.24301451347765002,0.22954425357376537
2010-07-19,0.22027703759658485,0.24301451347765002
2010-07-20,0.21892859282549487,0.22027703759658485
2010-07-21,0.22071925518705962,0.21892859282549487
2010-07-22,0.22878345738527,0.22071925518705962
2010-07-23,0.21467295863131935,0.22878345738527
2010-07-26,0.21622419575793086,0.21467295863131935
2010-07-27,0.21613197369984433,0.21622419575793086
2010-07-28,0.2069573043824122,0.21613197369984433
2010-07-29,0.20740412316400184,0.2069573043824122
2010-07-30,0.2073228536784914,0.20740412316400184
2010-08-02,0.2175389372940178,0.2073228536784914
2010-08-03,0.21785575369596116,0.2175389372940178
2010-08-04,0.21255886974855437,0.21785575369596116
2010-08-05,0.2122964075703544,0.21255886974855437
2010-08-06,0.20616482255085167,0.2122964075703544
2010-08-09,0.2063202988367765,0.20616482255085167
2010-08-10,0.20687007188216752,0.2063202988367765
2010-08-11,0.20214914169209175,0.20687007188216752
2010-08-12,0.20075819459875482,0.20214914169209175
2010-08-13,0.20040101180225198,0.20075819459875482
2010-08-16,0.19935706393589853,0.20040101180225198
2010-08-17,0.20116906556627867,0.19935706393589853
2010-08-18,0.18156201609332553,0.20116906556627867
2010-08-19,0.18740946766654806,0.18156201609332553
2010-08-20,0.18639150786779768,0.18740946766654806
2010-08-23,0.18667840679211326,0.18639150786779768
2010-08-24,0.18557271568756256,0.18667840679211326
2010-08-25,0.18614922337740936,0.18557271568756256
2010-08-26,0.18678903087873777,0.18614922337740936
2010-08-27,0.17511433844096363,0.18678903087873777
2010-08-30,0.17921870823547537,0.17511433844096363
2010-08-31,0.17580581660351594,0.17921870823547537
2010-09-01,0.19280916990663638,0.17580581660351594
2010-09-02,0.18367105108566475,0.19280916990663638
2010-09-03,0.18580669691859525,0.18367105108566475
2010-09-07,0.18608079139897957,0.18580669691859525
2010-09-08,0.18737222578718937,0.18608079139897957
2010-09-09,0.18697298991585723,0.18737222578718937
2010-09-10,0.18691929058884257,0.18697298991585723
2010-09-13,0.1894606544280102,0.18691929058884257
2010-09-14,0.17806029384303468,0.1894606544280102
2010-09-15,0.1778053833499726,0.17806029384303468
2010-09-16,0.17676692993438856,0.1778053833499726
2010-09-17,0.17673922407759787,0.17676692993438856
2010-09-20,0.1815526562288335,0.17673922407759787
2010-09-21,0.1811786844122089,0.1815526562288335
2010-09-22,0.18104648017293692,0.1811786844122089
2010-09-23,0.1623762652535152,0.18104648017293692
2010-09-24,0.17008173011706482,0.1623762652535152
2010-09-27,0.17063616214840108,0.17008173011706482
2010-09-28,0.17053278502248967,0.17063616214840108
2010-09-29,0.1681195610340901,0.17053278502248967
2010-09-30,0.16864598213670723,0.1681195610340901
2010-10-01,0.1588251810467305,0.16864598213670723
2010-10-04,0.1605761043013633,0.1588251810467305
2010-10-05,0.16762896115847714,0.1605761043013633
2010-10-06,0.15923936934076585,0.16762896115847714
2010-10-07,0.15977123398682297,0.15923936934076585
2010-10-08,0.15710839948332675,0.15977123398682297
2010-10-11,0.15321610521505902,0.15710839948332675
2010-10-12,0.14373112755059153,0.15321610521505902
2010-10-13,0.14375672436675466,0.14373112755059153
2010-10-14,0.12336049820672955,0.14375672436675466
2010-10-15,0.12185435764852363,0.12336049820672955
2010-10-18,0.11813598934658216,0.12185435764852363
2010-10-19,0.12010637952253274,0.11813598934658216
2010-10-20,0.12129050402616962,0.12010637952253274
2010-10-21,0.12110276527736105,0.12129050402616962
2010-10-22,0.1208235613076844,0.12110276527736105
2010-10-25,0.11788863027739375,0.1208235613076844
2010-10-26,0.11776390954717829,0.11788863027739375
2010-10-27,0.11842482057125035,0.11776390954717829
2010-10-28,0.11836871628388224,0.11842482057125035
2010-10-29,0.11833581391555703,0.11836871628388224
2010-11-01,0.1112936165254429,0.11833581391555703
2010-11-02,0.11247852091302052,0.1112936165254429
2010-11-03,0.11096725567709624,0.11247852091302052
2010-11-04,0.11748093644468922,0.11096725567709624
2010-11-05,0.10500483720506285,0.11748093644468922
2010-11-08,0.10363858005348577,0.10500483720506285
2010-11-09,0.10716425278824958,0.10363858005348577
2010-11-10,0.10673458552444617,0.10716425278824958
2010-11-11,0.1070929462245023,0.10673458552444617
2010-11-12,0.11431385191016522,0.1070929462245023
2010-11-15,0.11141157511957063,0.11431385191016522
2010-11-16,0.10883122554867077,0.11141157511957063
2010-11-17,0.1088121379418549,0.10883122554867077
2010-11-18,0.11592530373398892,0.1088121379418549
2010-11-19,0.11526916388885128,0.11592530373398892
2010-11-22,0.1153988818376693,0.11526916388885128
2010-11-23,0.1236849969669882,0.1153988818376693
2010-11-24,0.12877378003528384,0.1236849969669882
2010-11-26,0.1330847950151187,0.12877378003528384
2010-11-29,0.13322221269405918,0.1330847950151187
2010-11-30,0.13363211858561502,0.13322221269405918
2010-12-01,0.1407803756132892,0.13363211858561502
2010-12-02,0.14262076151997252,0.1407803756132892
2010-12-03,0.14265441382730099,0.14262076151997252
2010-12-06,0.14280848908514315,0.14265441382730099
2010-12-07,0.14272421671989946,0.14280848908514315
2010-12-08,0.14287592648128958,0.14272421671989946
2010-12-09,0.1425223622521939,0.14287592648128958
2010-12-10,0.1430054404912496,0.1425223622521939
2010-12-13,0.14301233471712702,0.1430054404912496
2010-12-14,0.14297709326795838,0.14301233471712702
2010-12-15,0.14283844433420453,0.14297709326795838
2010-12-16,0.1432267088779932,0.14283844433420453
2010-12-17,0.13297847055420287,0.1432267088779932
2010-12-20,0.13276925652760754,0.13297847055420287
2010-12-21,0.13352032114737425,0.13276925652760754
2010-12-22,0.1313686594127775,0.13352032114737425
2010-12-23,0.13133742772045487,0.1313686594127775
2010-12-27,0.1305413461292549,0.13133742772045487
2010-12-28,0.1244337043283631,0.1305413461292549
2010-12-29,0.12412289235478105,0.1244337043283631
2010-12-30,0.1131099401752033,0.12412289235478105
2010-12-31,0.11314847488799752,0.1131099401752033
2011-01-03,0.10967749321586022,0.11314847488799752
2011-01-04,0.10992185893962342,0.10967749321586022
2011-01-05,0.10996808502770457,0.10992185893962342
2011-01-06,0.09876259019634441,0.10996808502770457
2011-01-07,0.09268187001059892,0.09876259019634441
2011-01-10,0.08371134558294464,0.09268187001059892
2011-01-11,0.08375804470757833,0.08371134558294464
2011-01-12,0.08225401742777193,0.08375804470757833
2011-01-13,0.06272318579912511,0.08225401742777193
2011-01-14,0.056353058254452346,0.06272318579912511
2011-01-18,0.056314676945332744,0.056353058254452346
2011-01-19,0.0654014746879496,0.056314676945332744
2011-01-20,0.06589863453599017,0.0654014746879496
2011-01-21,0.06563821938411316,0.06589863453599017
2011-01-24,0.06639580600461831,0.06563821938411316
2011-01-25,0.06523216083565812,0.06639580600461831
2011-01-26,0.06557100663683219,0.06523216083565812
2011-01-27,0.06559871263864354,0.06557100663683219
2011-01-28,0.08440108407454101,0.06559871263864354
2011-01-31,0.08535586000148987,0.08440108407454101
2011-02-01,0.09538142274875379,0.08535586000148987
2011-02-02,0.09591714758749795,0.09538142274875379
2011-02-03,0.09487168787686831,0.09591714758749795
2011-02-04,0.09483146532667452,0.09487168787686831
2011-02-07,0.09544684898927337,0.09483146532667452
2011-02-08,0.0957286843757866,0.09544684898927337
2011-02-09,0.09644498581916185,0.0957286843757866
2011-02-10,0.0964787557049943,0.09644498581916185
2011-02-11,0.09675238478492913,0.0964787557049943
2011-02-14,0.09663186035727808,0.09675238478492913
2011-02-15,0.09441430019975287,0.09663186035727808
2011-02-16,0.09518599109128263,0.09441430019975287
2011-02-17,0.0947099008682132,0.09518599109128263
2011-02-18,0.0940812484553642,0.0947099008682132
2011-02-22,0.1134497551560469,0.0940812484553642
2011-02-23,0.11525233002407329,0.1134497551560469
2011-02-24,0.11510830905079092,0.11525233002407329
2011-02-25,0.1162098838771476,0.11510830905079092
2011-02-28,0.11689890891001037,0.1162098838771476
2011-03-01,0.12653313734731753,0.11689890891001037
2011-03-02,0.12657786553815242,0.12653313734731753
2011-03-03,0.13152990393941416,0.12657786553815242
2011-03-04,0.13382180881796557,0.13152990393941416
2011-03-07,0.1362787890815899,0.13382180881796557
2011-03-08,0.13750560111412166,0.1362787890815899
2011-03-09,0.13766783790125128,0.13750560111412166
2011-03-10,0.14842164445043207,0.13766783790125128
2011-03-11,0.14959660626489105,0.14842164445043207
2011-03-14,0.14113315247068048,0.14959660626489105
2011-03-15,0.14380399316078982,0.14113315247068048
2011-03-16,0.14545512829523563,0.14380399316078982
2011-03-17,0.1512338723387407,0.14545512829523563
2011-03-18,0.15152402602033585,0.1512338723387407
2011-03-21,0.158234098181672,0.15152402602033585
2011-03-22,0.15729470429813758,0.158234098181672
2011-03-23,0.156898792357869,0.15729470429813758
2011-03-24,0.15950406931518024,0.156898792357869
2011-03-25,0.15977655451103256,0.15950406931518024
2011-03-28,0.15885661460858685,0.15977655451103256
2011-03-29,0.15999686105057764,0.15885661460858685
2011-03-30,0.16105299332502857,0.15999686105057764
2011-03-31,0.16001234057744215,0.16105299332502857
2011-04-01,0.16026264593832815,0.16001234057744215
2011-04-04,0.16015317138813606,0.16026264593832815
2011-04-05,0.14839200719652237,0.16015317138813606
2011-04-06,0.14720830155481393,0.14839200719652237
2011-04-07,0.14747111431775786,0.14720830155481393
2011-04-08,0.14489367446502488,0.14747111431775786
2011-04-11,0.1440882704501624,0.14489367446502488
2011-04-12,0.13701685778772948,0.1440882704501624
2011-04-13,0.1369066247234773,0.13701685778772948
2011-04-14,0.12726388516950432,0.1369066247234773
2011-04-15,0.12589282336767618,0.12726388516950432
2011-04-18,0.12810958064645886,0.12589282336767618
2011-04-19,0.12661394922227434,0.12810958064645886
2011-04-20,0.13261691295205907,0.12661394922227434
2011-04-21,0.12034898643167481,0.13261691295205907
2011-04-25,0.1192274162489457,0.12034898643167481
2011-04-26,0.11939982159463033,0.1192274162489457
2011-04-27,0.11382914504827985,0.11939982159463033
2011-04-28,0.09558223277615154,0.11382914504827985
2011-04-29,0.09027133174754615,0.09558223277615154
2011-05-02,0.09085606515960223,0.09027133174754615
2011-05-03,0.08314577359011871,0.09085606515960223
2011-05-04,0.08528258040528107,0.08314577359011871
2011-05-05,0.09038347497741941,0.08528258040528107
2011-05-06,0.08736101202351573,0.09038347497741941
2011-05-09,0.08757310634616959,0.08736101202351573
2011-05-10,0.08970796655094654,0.08757310634616959
2011-05-11,0.09439847109112147,0.08970796655094654
2011-05-12,0.09337376695809725,0.09439847109112147
2011-05-13,0.09629979184976559,0.09337376695809725
2011-05-16,0.09749463593460446,0.09629979184976559
2011-05-17,0.09746467702280537,0.09749463593460446
2011-05-18,0.10083018953217637,0.09746467702280537
2011-05-19,0.10066481442971717,0.10083018953217637
2011-05-20,0.1031760412823851,0.10066481442971717
2011-05-23,0.10823781107570826,0.1031760412823851
2011-05-24,0.10792927847067754,0.10823781107570826
2011-05-25,0.10604808094577692,0.10792927847067754
2011-05-26,0.10679217550263513,0.10604808094577692
2011-05-27,0.1072539682264858,0.10679217550263513
2011-05-31,0.11068010259496357,0.1072539682264858
2011-06-01,0.12543744482200306,0.11068010259496357
2011-06-02,0.12443946100484979,0.12543744482200306
2011-06-03,0.12100898194055523,0.12443946100484979
2011-06-06,0.12305998167815373,0.12100898194055523
2011-06-07,0.12307087700857682,0.12305998167815373
2011-06-08,0.11979464824068324,0.12307087700857682
2011-06-09,0.12047921417045819,0.11979464824068324
2011-06-10,0.12478105124815402,0.12047921417045819
2011-06-13,0.12437240086340366,0.12478105124815402
2011-06-14,0.13157813497154552,0.12437240086340366
2011-06-15,0.13966729344417464,0.13157813497154552
2011-06-16,0.13957788649564837,0.13966729344417464
2011-06-17,0.13856686251139244,0.13957788649564837
2011-06-20,0.13884010777646763,0.13856686251139244
2011-06-21,0.14484931498351153,0.13884010777646763
2011-06-22,0.14253098645079443,0.14484931498351153
2011-06-23,0.14006423160112882,0.14253098645079443
2011-06-24,0.14188615833391185,0.14006423160112882
2011-06-27,0.14414106578801347,0.14188615833391185
2011-06-28,0.14914600593107555,0.14414106578801347
2011-06-29,0.1515471722337507,0.14914600593107555
2011-06-30,0.151890257115337,0.1515471722337507
2011-07-01,0.1579235262755275,0.151890257115337
2011-07-05,0.1561439850837389,0.1579235262755275
2011-07-06,0.15203380496772506,0.1561439850837389
2011-07-07,0.15450962711143054,0.15203380496772506
2011-07-08,0.15610856124958772,0.15450962711143054
2011-07-11,0.16490226322185358,0.15610856124958772
2011-07-12,0.1649110912499029,0.16490226322185358
2011-07-13,0.16217788040170958,0.1649110912499029
2011-07-14,0.14942060318380843,0.16217788040170958
2011-07-15,0.15034279011889423,0.14942060318380843
2011-07-18,0.14939422996892357,0.15034279011889423
2011-07-19,0.15258413205336765,0.14939422996892357
2011-07-20,0.15258244047031125,0.15258413205336765
2011-07-21,0.1560086989475075,0.15258244047031125
2011-07-22,0.15502213828430422,0.1560086989475075
2011-07-25,0.14953949743958883,0.15502213828430422
2011-07-26,0.1503679442118786,0.14953949743958883
2011-07-27,0.1598601832980944,0.1503679442118786
2011-07-28,0.15045368533115502,0.1598601832980944
2011-07-29,0.15210402767264425,0.15045368533115502
2011-08-01,0.15260495607728625,0.15210402767264425
2011-08-02,0.16984250992224306,0.15260495607728625
2011-08-03,0.16549276976960348,0.16984250992224306
2011-08-04,0.2143292231303664,0.16549276976960348
2011-08-05,0.2143315456904576,0.2143292231303664
2011-08-08,0.28482548932345675,0.2143315456904576
2011-08-09,0.31715491924777794,0.28482548932345675
2011-08-10,0.3361739135581384,0.31715491924777794
2011-08-11,0.3629180219658159,0.3361739135581384
2011-08-12,0.36212678719651814,0.3629180219658159
2011-08-15,0.3653349879903516,0.36212678719651814
2011-08-16,0.3655346703484027,0.3653349879903516
2011-08-17,0.3654759953221793,0.3655346703484027
2011-08-18,0.38093820463319056,0.3654759953221793
2011-08-19,0.382228088552667,0.38093820463319056
2011-08-22,0.38086031339069654,0.382228088552667
2011-08-23,0.3961863277912413,0.38086031339069654
2011-08-24,0.39909744194538094,0.3961863277912413
2011-08-25,0.4004411590597345,0.39909744194538094
2011-08-26,0.4030429422264877,0.4004411590597345
2011-08-29,0.41324607704137195,0.4030429422264877
2011-08-30,0.40982199570213557,0.41324607704137195
2011-08-31,0.41032588552105215,0.40982199570213557
2011-09-01,0.4078692978517673,0.41032588552105215
2011-09-02,0.4127188028711717,0.4078692978517673
2011-09-06,0.41279200445185815,0.4127188028711717
2011-09-07,0.4232844685299759,0.41279200445185815
2011-09-08,0.42068870338554115,0.4232844685299759
2011-09-09,0.4261493424885862,0.42068870338554115
2011-09-12,0.42708477455131744,0.4261493424885862
2011-09-13,0.42861987911426885,0.42708477455131744
2011-09-14,0.42560619551949874,0.42861987911426885
2011-09-15,0.42863748212992125,0.42560619551949874
2011-09-16,0.4054477404701331,0.42863748212992125
2011-09-19,0.406564195317971,0.4054477404701331
2011-09-20,0.3526484352414119,0.406564195317971
2011-09-21,0.3401947630588295,0.3526484352414119
2011-09-22,0.32763581895866317,0.3401947630588295
2011-09-23,0.3011910703562259,0.32763581895866317
2011-09-26,0.30872622537082123,0.3011910703562259
2011-09-27,0.3041138254450852,0.30872622537082123
2011-09-28,0.3088005075906948,0.3041138254450852
2011-09-29,0.3098613867786716,0.3088005075906948
2011-09-30,0.29133093965466794,0.3098613867786716
2011-10-03,0.2994458273389242,0.29133093965466794
2011-10-04,0.3063574277863942,0.2994458273389242
2011-10-05,0.29601558578936915,0.3063574277863942
2011-10-06,0.2978967719161941,0.29601558578936915
2011-10-07,0.2951349985937017,0.2978967719161941
2011-10-10,0.30756973835117596,0.2951349985937017
2011-10-11,0.2961640513954446,0.30756973835117596
2011-10-12,0.29721271014068174,0.2961640513954446
2011-10-13,0.2969480125760624,0.29721271014068174
2011-10-14,0.29939084152304474,0.2969480125760624
2011-10-17,0.2948882281869531,0.29939084152304474
2011-10-18,0.2985865435499709,0.2948882281869531
2011-10-19,0.29051011352337225,0.2985865435499709
2011-10-20,0.28887025289072144,0.29051011352337225
2011-10-21,0.2812236873745108,0.28887025289072144
2011-10-24,0.28242888478521605,0.2812236873745108
2011-10-25,0.28888205545635126,0.28242888478521605
2011-10-26,0.28774642269120787,0.28888205545635126
2011-10-27,0.29984133088781084,0.28774642269120787
2011-10-28,0.29969117054313404,0.29984133088781084
2011-10-31,0.3074585616808108,0.29969117054313404
2011-11-01,0.3192512547693311,0.3074585616808108
2011-11-02,0.3088824675084881,0.3192512547693311
2011-11-03,0.2937779446810091,0.3088824675084881
2011-11-04,0.2950627761371883,0.2937779446810091
2011-11-07,0.2889840970530412,0.2950627761371883
2011-11-08,0.2894315388660525,0.2889840970530412
2011-11-09,0.30513728186918265,0.2894315388660525
2011-11-10,0.3054090502419566,0.30513728186918265
2011-11-11,0.29735298623556705,0.3054090502419566
2011-11-14,0.28388390492950255,0.29735298623556705
2011-11-15,0.2791342584450632,0.28388390492950255
2011-11-16,0.28136579387757354,0.2791342584450632
2011-11-17,0.2825929223684232,0.28136579387757354
2011-11-18,0.28162535937543676,0.2825929223684232
2011-11-21,0.27187960048264376,0.28162535937543676
2011-11-22,0.2721014500793518,0.27187960048264376
2011-11-23,0.2781124640517175,0.2721014500793518
2011-11-25,0.2781100705064696,0.2781124640517175
2011-11-28,0.2865866346610306,0.2781100705064696
2011-11-29,0.2813075111153584,0.2865866346610306
2011-11-30,0.2998321696447797,0.2813075111153584
2011-12-01,0.29748404594758737,0.2998321696447797
2011-12-02,0.2973629795711955,0.29748404594758737
2011-12-05,0.29406101252262246,0.2973629795711955
2011-12-06,0.292001823390864,0.29406101252262246
2011-12-07,0.2859966189127109,0.292001823390864
2011-12-08,0.2922851104418162,0.2859966189127109
2011-12-09,0.2785284350028512,0.2922851104418162
2011-12-12,0.2814712776717709,0.2785284350028512
2011-12-13,0.2739598162014091,0.2814712776717709
2011-12-14,0.26307566192265536,0.2739598162014091
2011-12-15,0.2588161827010616,0.26307566192265536
2011-12-16,0.252880893594836,0.2588161827010616
2011-12-19,0.2540420853865778,0.252880893594836
2011-12-20,0.2688046947093633,0.2540420853865778
2011-12-21,0.26601714297602647,0.2688046947093633
2011-12-22,0.24320342911965695,0.26601714297602647
2011-12-23,0.24306171613185773,0.24320342911965695
2011-12-27,0.23707959575676926,0.24306171613185773
2011-12-28,0.2386263592171999,0.23707959575676926
2011-12-29,0.2400782332774861,0.2386263592171999
2011-12-30,0.2356879349340132,0.2400782332774861
2012-01-03,0.23425588253381374,0.2356879349340132
2012-01-04,0.23411489090247584,0.23425588253381374
2012-01-05,0.22553942825195092,0.23411489090247584
2012-01-06,0.22523922380875674,0.22553942825195092
2012-01-09,0.21260373020670564,0.22523922380875674
2012-01-10,0.21254337336785467,0.21260373020670564
2012-01-11,0.19914756428217284,0.21254337336785467
2012-01-12,0.19915005847353343,0.19914756428217284
2012-01-13,0.16531920704774578,0.19915005847353343
2012-01-17,0.16543949669264954,0.16531920704774578
2012-01-18,0.16761043862291913,0.16543949669264954
2012-01-19,0.16575499561802526,0.16761043862291913
2012-01-20,0.16582548429089497,0.16575499561802526
2012-01-23,0.1661574500783476,0.16582548429089497
2012-01-24,0.1505944579247466,0.1661574500783476
2012-01-25,0.1453553348134604,0.1505944579247466
2012-01-26,0.13834222156622597,0.1453553348134604
2012-01-27,0.13419994993224732,0.13834222156622597
2012-01-30,0.12955016274303743,0.13419994993224732
2012-01-31,0.12983571964821494,0.12955016274303743
2012-02-01,0.13097577100800878,0.12983571964821494
2012-02-02,0.12456358709144412,0.13097577100800878
2012-02-03,0.1015231967630369,0.12456358709144412
2012-02-06,0.10198175387381207,0.1015231967630369
2012-02-07,0.10029096621502513,0.10198175387381207
2012-02-08,0.09842688477045562,0.10029096621502513
2012-02-09,0.09837646336659506,0.09842688477045562
2012-02-10,0.09166195561542244,0.09837646336659506
2012-02-13,0.08989428755696806,0.09166195561542244
2012-02-14,0.08791667759121313,0.08989428755696806
2012-02-15,0.08067110685001642,0.08791667759121313
2012-02-16,0.08496805125721517,0.08067110685001642
2012-02-17,0.084967146755757,0.08496805125721517
2012-02-21,0.08396301921881508,0.084967146755757
2012-02-22,0.0854247037966465,0.08396301921881508
2012-02-23,0.08343662402980934,0.0854247037966465
2012-02-24,0.08334335976954424,0.08343662402980934
2012-02-27,0.08333494374997667,0.08334335976954424
2012-02-28,0.08060006955244538,0.08333494374997667
2012-02-29,0.08233432187205568,0.08060006955244538
2012-03-01,0.07839240601273628,0.08233432187205568
2012-03-02,0.07883902317692837,0.07839240601273628
2012-03-05,0.08012314237533413,0.07883902317692837
2012-03-06,0.09196149610718017,0.08012314237533413
2012-03-07,0.09346683593631924,0.09196149610718017
2012-03-08,0.09462993703583278,0.09346683593631924
2012-03-09,0.09304654726593893,0.09462993703583278
2012-03-12,0.09296727623311657,0.09304654726593893
2012-03-13,0.1032287838646899,0.09296727623311657
2012-03-14,0.10339424997989853,0.1032287838646899
2012-03-15,0.10210285613290604,0.10339424997989853
2012-03-16,0.1021118368469487,0.10210285613290604
2012-03-19,0.09589544796667036,0.1021118368469487
2012-03-20,0.09659074956886558,0.09589544796667036
2012-03-21,0.09699670718012386,0.09659074956886558
2012-03-22,0.10007365257518766,0.09699670718012386
2012-03-23,0.10025984786751667,0.10007365257518766
2012-03-26,0.10339345338709402,0.10025984786751667
2012-03-27,0.10301290122634058,0.10339345338709402
2012-03-28,0.10444368294084472,0.10301290122634058
2012-03-29,0.10328848698637887,0.10444368294084472
2012-03-30,0.0996547875040468,0.10328848698637887
2012-04-02,0.10110104834766255,0.0996547875040468
2012-04-03,0.10234139033393458,0.10110104834766255
2012-04-04,0.106694280278403,0.10234139033393458
2012-04-05,0.10630998105224874,0.106694280278403
2012-04-09,0.11193158337461699,0.10630998105224874
2012-04-10,0.1226460526882357,0.11193158337461699
2012-04-11,0.12465935508065333,0.1226460526882357
2012-04-12,0.12955327501901442,0.12465935508065333
2012-04-13,0.1337184152088418,0.12955327501901442
2012-04-16,0.13342233717089536,0.1337184152088418
2012-04-17,0.1393044615572636,0.13342233717089536
2012-04-18,0.1320678473823174,0.1393044615572636
2012-04-19,0.13260336635238454,0.1320678473823174
2012-04-20,0.1297238100879739,0.13260336635238454
2012-04-23,0.13173046115893333,0.1297238100879739
2012-04-24,0.13219996296822084,0.13173046115893333
2012-04-25,0.12771422951681616,0.13219996296822084
2012-04-26,0.12926754102373697,0.12771422951681616
2012-04-27,0.12827199004659645,0.12926754102373697
2012-04-30,0.12866691604109715,0.12827199004659645
2012-05-01,0.1294559680796972,0.12866691604109715
2012-05-02,0.12947042345783516,0.1294559680796972
2012-05-03,0.13128191181486937,0.12947042345783516
2012-05-04,0.13793754502610928,0.13128191181486937
2012-05-07,0.1375355344139973,0.13793754502610928
2012-05-08,0.1307029719794307,0.1375355344139973
2012-05-09,0.13131844466389211,0.1307029719794307
2012-05-10,0.13119520253143938,0.13131844466389211
2012-05-11,0.13130521566211026,0.13119520253143938
2012-05-14,0.1334341741832513,0.13130521566211026
2012-05-15,0.13120005379777286,0.1334341741832513
2012-05-16,0.13116646435760024,0.13120005379777286
2012-05-17,0.13452856738954969,0.13116646435760024
2012-05-18,0.13567197190703395,0.13452856738954969
2012-05-21,0.14427150608696543,0.13567197190703395
2012-05-22,0.13693128563311469,0.14427150608696543
2012-05-23,0.1343538531789485,0.13693128563311469
2012-05-24,0.1279091942263271,0.1343538531789485
2012-05-25,0.12417926460767646,0.1279091942263271
2012-05-29,0.1300186558690994,0.12417926460767646
2012-05-30,0.12733142039130502,0.1300186558690994
2012-05-31,0.1272498549919685,0.12733142039130502
2012-06-01,0.1441976530035225,0.1272498549919685
2012-06-04,0.14380658191708126,0.1441976530035225
2012-06-05,0.14548971371093972,0.14380658191708126
2012-06-06,0.16079213797665612,0.14548971371093972
2012-06-07,0.15460592986224164,0.16079213797665612
2012-06-08,0.15510803058210856,0.15460592986224164
2012-06-11,0.15799437770468225,0.15510803058210856
2012-06-12,0.16275765851776525,0.15799437770468225
2012-06-13,0.16153924934771954,0.16275765851776525
2012-06-14,0.16561684999574852,0.16153924934771954
2012-06-15,0.16806070893115005,0.16561684999574852
2012-06-18,0.1619107794118049,0.16806070893115005
2012-06-19,0.1645141940658012,0.1619107794118049
2012-06-20,0.1641730902577163,0.1645141940658012
2012-06-21,0.17610571424366117,0.1641730902577163
2012-06-22,0.1776003192716004,0.17610571424366117
2012-06-25,0.18324242671092345,0.1776003192716004
2012-06-26,0.18137791782920293,0.18324242671092345
2012-06-27,0.1825913847468814,0.18137791782920293
2012-06-28,0.182429477442007,0.1825913847468814
2012-06-29,0.18984987880933202,0.182429477442007
2012-07-02,0.18746180581762395,0.18984987880933202
2012-07-03,0.18248705152172434,0.18746180581762395
2012-07-05,0.18332186063697167,0.18248705152172434
2012-07-06,0.18600203224584239,0.18332186063697167
2012-07-09,0.18608720435317264,0.18600203224584239
2012-07-10,0.18782284502644736,0.18608720435317264
2012-07-11,0.18471167895424367,0.18782284502644736
2012-07-12,0.17997447342808368,0.18471167895424367
2012-07-13,0.18560993163151082,0.17997447342808368
2012-07-16,0.16791538735302605,0.18560993163151082
2012-07-17,0.16831386040644944,0.16791538735302605
2012-07-18,0.1682698439570379,0.16831386040644944
2012-07-19,0.15728675221053703,0.1682698439570379
2012-07-20,0.16035543878470815,0.15728675221053703
2012-07-23,0.16239064273877407,0.16035543878470815
2012-07-24,0.1598276676015905,0.16239064273877407
2012-07-25,0.15662541298649063,0.1598276676015905
2012-07-26,0.16180007104963134,0.15662541298649063
2012-07-27,0.16713721602391432,0.16180007104963134
2012-07-30,0.16510999959422984,0.16713721602391432
2012-07-31,0.1667519580050574,0.16510999959422984
2012-08-01,0.1646924970612237,0.1667519580050574
2012-08-02,0.16598855601172327,0.1646924970612237
2012-08-03,0.16031241287918682,0.16598855601172327
2012-08-06,0.15931304996366094,0.16031241287918682
2012-08-07,0.15048067808041635,0.15931304996366094
2012-08-08,0.15026846027579727,0.15048067808041635
2012-08-09,0.14886811702323693,0.15026846027579727
2012-08-10,0.14821155347867912,0.14886811702323693
2012-08-13,0.1318140361447776,0.14821155347867912
2012-08-14,0.13171979720148794,0.1318140361447776
2012-08-15,0.1306704314952212,0.13171979720148794
2012-08-16,0.13096129533204112,0.1306704314952212
2012-08-17,0.12690358284925915,0.13096129533204112
2012-08-20,0.1267017184920033,0.12690358284925915
2012-08-21,0.12366335410039149,0.1267017184920033
2012-08-22,0.12363329704195004,0.12366335410039149
2012-08-23,0.12558264864320695,0.12363329704195004
2012-08-24,0.1181899110481917,0.12558264864320695
2012-08-27,0.11771576892810443,0.1181899110481917
2012-08-28,0.11679474223121017,0.11771576892810443
2012-08-29,0.11532210417497704,0.11679474223121017
2012-08-30,0.11762552934862433,0.11532210417497704
2012-08-31,0.1143757904378857,0.11762552934862433
2012-09-04,0.10948002645249298,0.1143757904378857
2012-09-05,0.10552068257097591,0.10948002645249298
2012-09-06,0.11808270014518725,0.10552068257097591
2012-09-07,0.11051625712600655,0.11808270014518725
2012-09-10,0.10118622297210765,0.11051625712600655
2012-09-11,0.10123508891554525,0.10118622297210765
2012-09-12,0.09830512992259312,0.10123508891554525
2012-09-13,0.10550489726605508,0.09830512992259312
2012-09-14,0.10212849577243092,0.10550489726605508
2012-09-17,0.08957013591636846,0.10212849577243092
2012-09-18,0.08986834366227449,0.08957013591636846
2012-09-19,0.08934260498616867,0.08986834366227449
2012-09-20,0.08943407449434397,0.08934260498616867
2012-09-21,0.08958288031051245,0.08943407449434397
2012-09-24,0.08997441875314231,0.08958288031051245
2012-09-25,0.09637253587594528,0.08997441875314231
2012-09-26,0.09823462063570798,0.09637253587594528
2012-09-27,0.10135982688725234,0.09823462063570798
2012-09-28,0.10082832257754185,0.10135982688725234
2012-10-01,0.1009766910095279,0.10082832257754185
2012-10-02,0.10096467466374211,0.1009766910095279
2012-10-03,0.10077523188072261,0.10096467466374211
2012-10-04,0.10233850657815347,0.10077523188072261
2012-10-05,0.09847880702188057,0.10233850657815347
2012-10-08,0.09847483652031977,0.09847880702188057
2012-10-09,0.10356388384570855,0.09847483652031977
2012-10-10,0.10554392195382274,0.10356388384570855
2012-10-11,0.10554294878568019,0.10554392195382274
2012-10-12,0.10359463525162259,0.10554294878568019
2012-10-15,0.1052789440409687,0.10359463525162259
2012-10-16,0.10844406970377936,0.1052789440409687
2012-10-17,0.10866793218267963,0.10844406970377936
2012-10-18,0.09361863634213276,0.10866793218267963
2012-10-19,0.10581381980358535,0.09361863634213276
2012-10-22,0.1044453439974499,0.10581381980358535
2012-10-23,0.11181123860486694,0.1044453439974499
2012-10-24,0.11144882845067018,0.11181123860486694
2012-10-25,0.10165823661039664,0.11144882845067018
2012-10-26,0.10035765473177474,0.10165823661039664
2012-10-31,0.10018844165046828,0.10035765473177474
2012-11-01,0.10557950923388644,0.10018844165046828
2012-11-02,0.10815280426870516,0.10557950923388644
2012-11-05,0.10847590479224224,0.10815280426870516
2012-11-06,0.11139501506077189,0.10847590479224224
2012-11-07,0.1287362637619139,0.11139501506077189
2012-11-08,0.1296757653741562,0.1287362637619139
2012-11-09,0.12921275583148062,0.1296757653741562
2012-11-12,0.12543827096043203,0.12921275583148062
2012-11-13,0.12523001803651398,0.12543827096043203
2012-11-14,0.1293773066346212,0.12523001803651398
2012-11-15,0.1290612404136817,0.1293773066346212
2012-11-16,0.12943727188889187,0.1290612404136817
2012-11-19,0.14217627211371986,0.12943727188889187
2012-11-20,0.142217963982516,0.14217627211371986
2012-11-21,0.14246213541581082,0.142217963982516
2012-11-23,0.1464918392219946,0.14246213541581082
2012-11-26,0.1455584165742871,0.1464918392219946
2012-11-27,0.14612052736215614,0.1455584165742871
2012-11-28,0.1480517613690424,0.14612052736215614
2012-11-29,0.14657702937955625,0.1480517613690424
2012-11-30,0.14316179625204858,0.14657702937955625
2012-12-03,0.1427377857023305,0.14316179625204858
2012-12-04,0.14267068942014963,0.1427377857023305
2012-12-05,0.1347993775378076,0.14267068942014963
2012-12-06,0.13524878775039953,0.1347993775378076
2012-12-07,0.1291897953858284,0.13524878775039953
2012-12-10,0.12886272632041756,0.1291897953858284
2012-12-11,0.1300194552139854,0.12886272632041756
2012-12-12,0.12998236015401887,0.1300194552139854
2012-12-13,0.1314047527934356,0.12998236015401887
2012-12-14,0.1282996488099683,0.1314047527934356
2012-12-17,0.12996902541210678,0.1282996488099683
2012-12-18,0.13347451248692901,0.12996902541210678
2012-12-19,0.13386529083713591,0.13347451248692901
2012-12-20,0.1150968193561424,0.13386529083713591
2012-12-21,0.11238392763776715,0.1150968193561424
2012-12-24,0.11311724492319575,0.11238392763776715
2012-12-26,0.1142154101017167,0.11311724492319575
2012-12-27,0.1136434745238546,0.1142154101017167
2012-12-28,0.11081594772143874,0.1136434745238546
2012-12-31,0.11928397165770381,0.11081594772143874
2013-01-02,0.13714742893390883,0.11928397165770381
2013-01-03,0.12727671472111815,0.13714742893390883
2013-01-04,0.1274278311101273,0.12727671472111815
2013-01-07,0.12813856072160143,0.1274278311101273
2013-01-08,0.12378988459199479,0.12813856072160143
2013-01-09,0.12343514596320795,0.12378988459199479
2013-01-10,0.12326601380559472,0.12343514596320795
2013-01-11,0.12194216522622048,0.12326601380559472
2013-01-14,0.12173512755231965,0.12194216522622048
2013-01-15,0.12170445558496283,0.12173512755231965
2013-01-16,0.12033045049020612,0.12170445558496283
2013-01-17,0.12081258288509174,0.12033045049020612
2013-01-18,0.1208191337380822,0.12081258288509174
2013-01-22,0.12118298194329498,0.1208191337380822
2013-01-23,0.12113561396208973,0.12118298194329498
2013-01-24,0.12115194039779136,0.12113561396208973
2013-01-25,0.12077984561575518,0.12115194039779136
2013-01-28,0.12103541843034032,0.12077984561575518
2013-01-29,0.1188407525294131,0.12103541843034032
2013-01-30,0.11892697697808827,0.1188407525294131
2013-01-31,0.11600741394180028,0.11892697697808827
2013-02-01,0.11543935129232286,0.11600741394180028
2013-02-04,0.1185459065599403,0.11543935129232286
2013-02-05,0.12054937990509686,0.1185459065599403
2013-02-06,0.11626422300072946,0.12054937990509686
2013-02-07,0.11571876327681144,0.11626422300072946
2013-02-08,0.11464406216334397,0.11571876327681144
2013-02-11,0.11437753543968794,0.11464406216334397
2013-02-12,0.1073746368823195,0.11437753543968794
2013-02-13,0.09876585767385755,0.1073746368823195
2013-02-14,0.07042174294501545,0.09876585767385755
2013-02-15,0.070003534814025,0.07042174294501545
2013-02-19,0.07168504783642866,0.070003534814025
2013-02-20,0.08169142726880271,0.07168504783642866
2013-02-21,0.08359849214639348,0.08169142726880271
2013-02-22,0.0871925331439911,0.08359849214639348
2013-02-25,0.10335157106470459,0.0871925331439911
2013-02-26,0.1049782916902961,0.10335157106470459
2013-02-27,0.11034557026486526,0.1049782916902961
2013-02-28,0.110701940498206,0.11034557026486526
2013-03-01,0.11083844455033652,0.110701940498206
2013-03-04,0.11041577367913775,0.11083844455033652
2013-03-05,0.1126946525589199,0.11041577367913775
2013-03-06,0.11203474367311284,0.1126946525589199
2013-03-07,0.1120430202779521,0.11203474367311284
2013-03-08,0.112354695988496,0.1120430202779521
2013-03-11,0.1118743068560267,0.112354695988496
2013-03-12,0.11211509293076653,0.1118743068560267
2013-03-13,0.11182543357742161,0.11211509293076653
2013-03-14,0.11139389895980235,0.11182543357742161
2013-03-15,0.11109257462783022,0.11139389895980235
2013-03-18,0.10969322072644497,0.11109257462783022
2013-03-19,0.10390392792629559,0.10969322072644497
2013-03-20,0.10200353233135083,0.10390392792629559
2013-03-21,0.10583817014622629,0.10200353233135083
2013-03-22,0.10761250863711445,0.10583817014622629
2013-03-25,0.10785855039655529,0.10761250863711445
2013-03-26,0.10976174346254546,0.10785855039655529
2013-03-27,0.10979487703633507,0.10976174346254546
2013-03-28,0.10994810725163427,0.10979487703633507
2013-04-01,0.11093412039990909,0.10994810725163427
2013-04-02,0.11131952443595197,0.11093412039990909
2013-04-03,0.11435527793459195,0.11131952443595197
2013-04-04,0.10773640148333281,0.11435527793459195
2013-04-05,0.10690209244843527,0.10773640148333281
2013-04-08,0.10516741933999416,0.10690209244843527
2013-04-09,0.08591676314107295,0.10516741933999416
2013-04-10,0.08992239441733789,0.08591676314107295
2013-04-11,0.08435830876658595,0.08992239441733789
2013-04-12,0.08455016009309578,0.08435830876658595
2013-04-15,0.11140380961139656,0.08455016009309578
2013-04-16,0.11779858460745733,0.11140380961139656
2013-04-17,0.12394771743201997,0.11779858460745733
2013-04-18,0.12536014095523504,0.12394771743201997
2013-04-19,0.1277332452178272,0.12536014095523504
2013-04-22,0.12778084118558825,0.1277332452178272
2013-04-23,0.1306557231863555,0.12778084118558825
2013-04-24,0.13039237068163517,0.1306557231863555
2013-04-25,0.1307550475157156,0.13039237068163517
2013-04-26,0.13019622989597351,0.1307550475157156
2013-04-29,0.13129995621579774,0.13019622989597351
2013-04-30,0.13001424949908866,0.13129995621579774
2013-05-01,0.13278125364349497,0.13001424949908866
2013-05-02,0.13386525822710973,0.13278125364349497
2013-05-03,0.13336215464438986,0.13386525822710973
2013-05-06,0.13197362132148469,0.13336215464438986
2013-05-07,0.13135292756635128,0.13197362132148469
2013-05-08,0.1302806988652314,0.13135292756635128
2013-05-09,0.13081661919268858,0.1302806988652314
2013-05-10,0.13083757904299226,0.13081661919268858
2013-05-13,0.12986372710803182,0.13083757904299226
2013-05-14,0.13197953931389908,0.12986372710803182
2013-05-15,0.12738018793718156,0.13197953931389908
2013-05-16,0.12883091501615168,0.12738018793718156
2013-05-17,0.12917442979483934,0.12883091501615168
2013-05-20,0.12870827831943335,0.12917442979483934
2013-05-21,0.1286723099374879,0.12870827831943335
2013-05-22,0.12794611220625451,0.1286723099374879
2013-05-23,0.1284482020240576,0.12794611220625451
2013-05-24,0.1281258730060313,0.1284482020240576
2013-05-28,0.10494655163695878,0.1281258730060313
2013-05-29,0.10119407060586359,0.10494655163695878
2013-05-30,0.08866366069621846,0.10119407060586359
2013-05-31,0.09814521326265538,0.08866366069621846
2013-06-03,0.09668541406744012,0.09814521326265538
2013-06-04,0.09824381532791246,0.09668541406744012
2013-06-05,0.10462200046245208,0.09824381532791246
2013-06-06,0.10733824385343976,0.10462200046245208
2013-06-07,0.11223014461169667,0.10733824385343976
2013-06-10,0.11192744576645203,0.11223014461169667
2013-06-11,0.11572278285451051,0.11192744576645203
2013-06-12,0.11855649063981301,0.11572278285451051
2013-06-13,0.12254682628829668,0.11855649063981301
2013-06-14,0.12198455971753011,0.12254682628829668
2013-06-17,0.12057229620088142,0.12198455971753011
2013-06-18,0.12228657344569442,0.12057229620088142
2013-06-19,0.12874550559185674,0.12228657344569442
2013-06-20,0.14731546628033843,0.12874550559185674
2013-06-21,0.14763701843684035,0.14731546628033843
2013-06-24,0.15121591099740042,0.14763701843684035
2013-06-25,0.1543003781127224,0.15121591099740042
2013-06-26,0.15403641537987686,0.1543003781127224
2013-06-27,0.1542119694086787,0.15403641537987686
2013-06-28,0.15409125926827427,0.1542119694086787
2013-07-01,0.15223641417425737,0.15409125926827427
2013-07-02,0.1522127311315213,0.15223641417425737
2013-07-03,0.15210177811470774,0.1522127311315213
2013-07-05,0.15453239230034868,0.15210177811470774
2013-07-08,0.15533492802066934,0.15453239230034868
2013-07-09,0.1567444309289858,0.15533492802066934
2013-07-10,0.15577121205538005,0.1567444309289858
2013-07-11,0.1593308526560802,0.15577121205538005
2013-07-12,0.15906593073215622,0.1593308526560802
2013-07-15,0.15281765441613387,0.15906593073215622
2013-07-16,0.15286929936441668,0.15281765441613387
2013-07-17,0.15200105128274183,0.15286929936441668
2013-07-18,0.14548356394357784,0.15200105128274183
2013-07-19,0.14383013298304506,0.14548356394357784
2013-07-22,0.13989887121676473,0.14383013298304506
2013-07-23,0.14018140525765627,0.13989887121676473
2013-07-24,0.13674530299692608,0.14018140525765627
2013-07-25,0.13371835214661548,0.13674530299692608
2013-07-26,0.1274736738666359,0.13371835214661548
2013-07-29,0.12617589976491753,0.1274736738666359
2013-07-30,0.12473137413549672,0.12617589976491753
2013-07-31,0.12302019177497941,0.12473137413549672
2013-08-01,0.11863175374019116,0.12302019177497941
2013-08-02,0.08756994807364925,0.11863175374019116
2013-08-05,0.08828925949234015,0.08756994807364925
2013-08-06,0.07981780395958668,0.08828925949234015
2013-08-07,0.07870978341171342,0.07981780395958668
2013-08-08,0.07542782680385142,0.07870978341171342
2013-08-09,0.07575469635659676,0.07542782680385142
2013-08-12,0.07428005489909961,0.07575469635659676
2013-08-13,0.07336587196006171,0.07428005489909961
2013-08-14,0.0756397552785298,0.07336587196006171
2013-08-15,0.08812746804011494,0.0756397552785298
2013-08-16,0.08400761576904718,0.08812746804011494
2013-08-19,0.08491666050547955,0.08400761576904718
2013-08-20,0.08353417236385563,0.08491666050547955
2013-08-21,0.08547824301775188,0.08353417236385563
2013-08-22,0.08009966261700699,0.08547824301775188
2013-08-23,0.08077466274372724,0.08009966261700699
2013-08-26,0.08049372770442019,0.08077466274372724
2013-08-27,0.09221538210107674,0.08049372770442019
2013-08-28,0.09257362357457491,0.09221538210107674
2013-08-29,0.09095773894945514,0.09257362357457491
2013-08-30,0.09080436538873264,0.09095773894945514
2013-09-03,0.09185137363624252,0.09080436538873264
2013-09-04,0.09560286363954407,0.09185137363624252
2013-09-05,0.09532864047834293,0.09560286363954407
2013-09-06,0.09497321569462212,0.09532864047834293
2013-09-09,0.09931330625106968,0.09497321569462212
2013-09-10,0.10136259452022743,0.09931330625106968
2013-09-11,0.10175381331658986,0.10136259452022743
2013-09-12,0.10206370174811857,0.10175381331658986
2013-09-13,0.09641671594205095,0.10206370174811857
2013-09-16,0.09784775610592852,0.09641671594205095
2013-09-17,0.09864373399487777,0.09784775610592852
2013-09-18,0.10242917520199944,0.09864373399487777
2013-09-19,0.10201143738339004,0.10242917520199944
2013-09-20,0.10399156148323371,0.10201143738339004
2013-09-23,0.10458548740005293,0.10399156148323371
2013-09-24,0.10478376027599338,0.10458548740005293
2013-09-25,0.10484115075818409,0.10478376027599338
2013-09-26,0.10420507284737922,0.10484115075818409
2013-09-27,0.09610306417627451,0.10420507284737922
2013-09-30,0.09700922392080716,0.09610306417627451
2013-10-01,0.0968815903016848,0.09700922392080716
2013-10-02,0.09635405864128589,0.0968815903016848
2013-10-03,0.09870324939477741,0.09635405864128589
2013-10-04,0.0976821548071779,0.09870324939477741
2013-10-07,0.1010357308599121,0.0976821548071779
2013-10-08,0.10633199669352734,0.1010357308599121
2013-10-09,0.09447882129307747,0.10633199669352734
2013-10-10,0.11174218185958266,0.09447882129307747
2013-10-11,0.11275627904026982,0.11174218185958266
2013-10-14,0.1121538516041326,0.11275627904026982
2013-10-15,0.11468553732626943,0.1121538516041326
2013-10-16,0.11876727928902717,0.11468553732626943
2013-10-17,0.11973599898950828,0.11876727928902717
2013-10-18,0.12060077506059025,0.11973599898950828
2013-10-21,0.1184285120851139,0.12060077506059025
2013-10-22,0.1178276977041396,0.1184285120851139
2013-10-23,0.11906720836472928,0.1178276977041396
2013-10-24,0.11865834953525396,0.11906720836472928
2013-10-25,0.11899625059507869,0.11865834953525396
2013-10-28,0.11828900433790389,0.11899625059507869
2013-10-29,0.11851623765791836,0.11828900433790389
2013-10-30,0.1158153630134904,0.11851623765791836
2013-10-31,0.11607844099276782,0.1158153630134904
2013-11-01,0.11379445815634379,0.11607844099276782
2013-11-04,0.11269746796823003,0.11379445815634379
2013-11-05,0.11295356317183217,0.11269746796823003
2013-11-06,0.11274844027059118,0.11295356317183217
2013-11-07,0.11984279835824449,0.11274844027059118
2013-11-08,0.12380293596155917,0.11984279835824449
2013-11-11,0.12213115115294121,0.12380293596155917
2013-11-12,0.12121461163263288,0.12213115115294121
2013-11-13,0.1224305521804374,0.12121461163263288
2013-11-14,0.11816609474089322,0.1224305521804374
2013-11-15,0.11727655447834534,0.11816609474089322
2013-11-18,0.11404313201002439,0.11727655447834534
2013-11-19,0.1069851184986708,0.11404313201002439
2013-11-20,0.10815791154286443,0.1069851184986708
2013-11-21,0.09397525570083698,0.10815791154286443
2013-11-22,0.09348679636620337,0.09397525570083698
2013-11-25,0.09368393312088383,0.09348679636620337
2013-11-26,0.08977133356484851,0.09368393312088383
2013-11-27,0.08256110113472534,0.08977133356484851
2013-11-29,0.0814650127622173,0.08256110113472534
2013-12-02,0.08070803109234372,0.0814650127622173
2013-12-03,0.08221323515952425,0.08070803109234372
2013-12-04,0.0810084219175832,0.08221323515952425
2013-12-05,0.08077847083595883,0.0810084219175832
2013-12-06,0.08587109843897141,0.08077847083595883
2013-12-09,0.08535940062000653,0.08587109843897141
2013-12-10,0.08637110062299216,0.08535940062000653
2013-12-11,0.09212144892384343,0.08637110062299216
2013-12-12,0.09141486608553825,0.09212144892384343
2013-12-13,0.09092933496726985,0.09141486608553825
2013-12-16,0.09230802874835253,0.09092933496726985
2013-12-17,0.0924903487243756,0.09230802874835253
2013-12-18,0.1035417592296892,0.0924903487243756
2013-12-19,0.10298379163318074,0.1035417592296892
2013-12-20,0.09556809424385426,0.10298379163318074
2013-12-23,0.08944176540858118,0.09556809424385426
2013-12-24,0.08944062020811203,0.08944176540858118
2013-12-26,0.08956638029826584,0.08944062020811203
2013-12-27,0.08747501913796123,0.08956638029826584
2013-12-30,0.08680602923024218,0.08747501913796123
2013-12-31,0.0869394430388128,0.08680602923024218
2014-01-02,0.09141199872962773,0.0869394430388128
2014-01-03,0.09102331896954814,0.09141199872962773
2014-01-06,0.09093682798309616,0.09102331896954814
2014-01-07,0.0897935009107915,0.09093682798309616
2014-01-08,0.08893601148140778,0.0897935009107915
2014-01-09,0.08879483109005017,0.08893601148140778
2014-01-10,0.08896816254042514,0.08879483109005017
2014-01-13,0.09784670579052385,0.08896816254042514
2014-01-14,0.10244846142301205,0.09784670579052385
2014-01-15,0.10284437792313121,0.10244846142301205
2014-01-16,0.10186716331439735,0.10284437792313121
2014-01-17,0.10296729057525779,0.10186716331439735
2014-01-21,0.101874408993807,0.10296729057525779
2014-01-22,0.09738874810080564,0.101874408993807
2014-01-23,0.10065611149605948,0.09738874810080564
2014-01-24,0.11875992905699864,0.10065611149605948
2014-01-27,0.11494838703436416,0.11875992905699864
2014-01-28,0.11572380119620358,0.11494838703436416
2014-01-29,0.11930643502279296,0.11572380119620358
2014-01-30,0.12188708539964345,0.11930643502279296
2014-01-31,0.12277903538038129,0.12188708539964345
2014-02-03,0.12920718601184522,0.12277903538038129
2014-02-04,0.1313811721670845,0.12920718601184522
2014-02-05,0.12980887845811848,0.1313811721670845
2014-02-06,0.13505183258271541,0.12980887845811848
2014-02-07,0.14018257354344069,0.13505183258271541
2014-02-10,0.13935677294938617,0.14018257354344069
2014-02-11,0.1433499359371289,0.13935677294938617
2014-02-12,0.1433696713860348,0.1433499359371289
2014-02-13,0.14350565594499515,0.1433696713860348
2014-02-14,0.14165103980511815,0.14350565594499515
2014-02-18,0.14167546099749162,0.14165103980511815
2014-02-19,0.14280834782557422,0.14167546099749162
2014-02-20,0.14272283315408332,0.14280834782557422
2014-02-21,0.14276849909671566,0.14272283315408332
2014-02-24,0.14363994079952633,0.14276849909671566
2014-02-25,0.14345388974740686,0.14363994079952633
2014-02-26,0.1376155747294259,0.14345388974740686
2014-02-27,0.13491520822551978,0.1376155747294259
2014-02-28,0.13425083580623695,0.13491520822551978
2014-03-03,0.1358713650360797,0.13425083580623695
2014-03-04,0.14096096481071058,0.1358713650360797
2014-03-05,0.14080477765297553,0.14096096481071058
2014-03-06,0.14088578112563102,0.14080477765297553
2014-03-07,0.1383334158158163,0.14088578112563102
2014-03-10,0.12086828826052,0.1383334158158163
2014-03-11,0.12087963920166019,0.12086828826052
2014-03-12,0.12026118032392696,0.12087963920166019
2014-03-13,0.12165372352614272,0.12026118032392696
2014-03-14,0.11909997761327641,0.12165372352614272
2014-03-17,0.11944776010428765,0.11909997761327641
2014-03-18,0.09577314793519837,0.11944776010428765
2014-03-19,0.09739505049867912,0.09577314793519837
2014-03-20,0.09745183866122105,0.09739505049867912
2014-03-21,0.093464071725212,0.09745183866122105
2014-03-24,0.08936890385794198,0.093464071725212
2014-03-25,0.08994212044130558,0.08936890385794198
2014-03-26,0.08845856124994003,0.08994212044130558
2014-03-27,0.08883000506896192,0.08845856124994003
2014-03-28,0.08872947998076322,0.08883000506896192
2014-03-31,0.09032647344203251,0.08872947998076322
2014-04-01,0.09194115103143814,0.09032647344203251
2014-04-02,0.08937400179388087,0.09194115103143814
2014-04-03,0.08852714681704119,0.08937400179388087
2014-04-04,0.09591721402811529,0.08852714681704119
2014-04-07,0.10050052244145334,0.09591721402811529
2014-04-08,0.1011779694096796,0.10050052244145334
2014-04-09,0.10565017202863526,0.1011779694096796
2014-04-10,0.1220229961265758,0.10565017202863526
2014-04-11,0.12425726781440538,0.1220229961265758
2014-04-14,0.1251574690046587,0.12425726781440538
2014-04-15,0.11974469785920643,0.1251574690046587
2014-04-16,0.1237958976188017,0.11974469785920643
2014-04-17,0.12367072318958118,0.1237958976188017
2014-04-21,0.12411528098425507,0.12367072318958118
2014-04-22,0.12481802406520112,0.12411528098425507
2014-04-23,0.12412694974181221,0.12481802406520112
2014-04-24,0.12424145835130049,0.12412694974181221
2014-04-25,0.12208348977964358,0.12424145835130049
2014-04-28,0.12196842395028609,0.12208348977964358
2014-04-29,0.11998017884742657,0.12196842395028609
2014-04-30,0.11856002414395742,0.11998017884742657
2014-05-01,0.11736732046141347,0.11856002414395742
2014-05-02,0.11635766785707964,0.11736732046141347
2014-05-05,0.11579976696295534,0.11635766785707964
2014-05-06,0.11810971984027953,0.11579976696295534
2014-05-07,0.11853106972964822,0.11810971984027953
2014-05-08,0.11647234706110737,0.11853106972964822
2014-05-09,0.11624250481064133,0.11647234706110737
2014-05-12,0.11857960307818104,0.11624250481064133
2014-05-13,0.11649270725781022,0.11857960307818104
2014-05-14,0.115985179505736,0.11649270725781022
2014-05-15,0.1184016254609015,0.115985179505736
2014-05-16,0.11884066592377383,0.1184016254609015
2014-05-19,0.1138783719329656,0.11884066592377383
2014-05-20,0.1104602032394801,0.1138783719329656
2014-05-21,0.11232898563640707,0.1104602032394801
2014-05-22,0.10843799449514482,0.11232898563640707
2014-05-23,0.08719586065194228,0.10843799449514482
2014-05-27,0.08253784448446673,0.08719586065194228
2014-05-28,0.08079244879247585,0.08253784448446673
2014-05-29,0.07995636299163202,0.08079244879247585
2014-05-30,0.07530331223937349,0.07995636299163202
2014-06-02,0.07529978385070141,0.07530331223937349
2014-06-03,0.07511314380659398,0.07529978385070141
2014-06-04,0.07443885938989887,0.07511314380659398
2014-06-05,0.07546769448970155,0.07443885938989887
2014-06-06,0.07613838079516806,0.07546769448970155
2014-06-09,0.07057636974554093,0.07613838079516806
2014-06-10,0.0705533757465838,0.07057636974554093
2014-06-11,0.07135327522479712,0.0705533757465838
2014-06-12,0.07511581991757726,0.07135327522479712
2014-06-13,0.0753238525005014,0.07511581991757726
2014-06-16,0.07497015019363534,0.0753238525005014
2014-06-17,0.0750944309794363,0.07497015019363534
2014-06-18,0.07109142383825866,0.0750944309794363
2014-06-19,0.06996425776674102,0.07109142383825866
2014-06-20,0.06955497492953702,0.06996425776674102
2014-06-23,0.06977312557030847,0.06955497492953702
2014-06-24,0.06868640508866973,0.06977312557030847
2014-06-25,0.06942840781847948,0.06868640508866973
2014-06-26,0.06741520127970188,0.06942840781847948
2014-06-27,0.06026079820441666,0.06741520127970188
2014-06-30,0.06030782432734955,0.06026079820441666
2014-07-01,0.06185914516753169,0.06030782432734955
2014-07-02,0.05717685496867598,0.06185914516753169
2014-07-03,0.054538781497246926,0.05717685496867598
2014-07-07,0.05653046276343512,0.054538781497246926
2014-07-08,0.06052511801402981,0.05653046276343512
2014-07-09,0.05953094460457773,0.06052511801402981
2014-07-10,0.061121364524933205,0.05953094460457773
2014-07-11,0.05986120471117297,0.061121364524933205
2014-07-14,0.06102560754745039,0.05986120471117297
2014-07-15,0.061588164100550596,0.06102560754745039
2014-07-16,0.061954740834611215,0.061588164100550596
2014-07-17,0.0716169580751479,0.061954740834611215
2014-07-18,0.07495693236825716,0.0716169580751479
2014-07-21,0.07430228980680406,0.07495693236825716
2014-07-22,0.07512928597020646,0.07430228980680406
2014-07-23,0.07525687866987207,0.07512928597020646
2014-07-24,0.07425137060672313,0.07525687866987207
2014-07-25,0.07232593859509769,0.07425137060672313
2014-07-28,0.07204106440545338,0.07232593859509769
2014-07-29,0.07353529257570035,0.07204106440545338
2014-07-30,0.0732572922631629,0.07353529257570035
2014-07-31,0.09161019002337088,0.0732572922631629
2014-08-01,0.09181493556786745,0.09161019002337088
2014-08-04,0.09425124373842503,0.09181493556786745
2014-08-05,0.0981031013741962,0.09425124373842503
2014-08-06,0.09679664056109953,0.0981031013741962
2014-08-07,0.09665456590609464,0.09679664056109953
2014-08-08,0.10300845313135895,0.09665456590609464
2014-08-11,0.10323122520824554,0.10300845313135895
2014-08-12,0.10327523977527532,0.10323122520824554
2014-08-13,0.1033200640728482,0.10327523977527532
2014-08-14,0.10430195075494955,0.1033200640728482
2014-08-15,0.10315237573209335,0.10430195075494955
2014-08-18,0.1057617486106104,0.10315237573209335
2014-08-19,0.1050008003504308,0.1057617486106104
2014-08-20,0.10451558776545772,0.1050008003504308
2014-08-21,0.10397424464104832,0.10451558776545772
2014-08-22,0.10411454673506325,0.10397424464104832
2014-08-25,0.10412797574317932,0.10411454673506325
2014-08-26,0.1038980947072312,0.10412797574317932
2014-08-27,0.1034878543927909,0.1038980947072312
2014-08-28,0.09731456108947556,0.1034878543927909
2014-08-29,0.09338910277060232,0.09731456108947556
2014-09-02,0.09316996641957753,0.09338910277060232
2014-09-03,0.09251282615230103,0.09316996641957753
2014-09-04,0.09249155467858773,0.09251282615230103
2014-09-05,0.09329296564067639,0.09249155467858773
2014-09-08,0.09248905105367232,0.09329296564067639
2014-09-09,0.09458615834072473,0.09248905105367232
2014-09-10,0.09409226587001283,0.09458615834072473
2014-09-11,0.0941023928216862,0.09409226587001283
2014-09-12,0.07417990811590483,0.0941023928216862
2014-09-15,0.07337238800581192,0.07417990811590483
2014-09-16,0.07360509749340707,0.07337238800581192
2014-09-17,0.06601563843424621,0.07360509749340707
2014-09-18,0.06683196162767738,0.06601563843424621
2014-09-19,0.0638873734402196,0.06683196162767738
2014-09-22,0.0628467513621512,0.0638873734402196
2014-09-23,0.06569426664187299,0.0628467513621512
2014-09-24,0.06828940199172277,0.06569426664187299
2014-09-25,0.08297722078054057,0.06828940199172277
2014-09-26,0.08491616053601322,0.08297722078054057
2014-09-29,0.08516450366059411,0.08491616053601322
2014-09-30,0.08223085584916745,0.08516450366059411
2014-10-01,0.08985197685607739,0.08223085584916745
2014-10-02,0.08936841494807263,0.08985197685607739
2014-10-03,0.09498360468720017,0.08936841494807263
2014-10-06,0.09494769215346871,0.09498360468720017
2014-10-07,0.10321452092843,0.09494769215346871
2014-10-08,0.11609069220066033,0.10321452092843
2014-10-09,0.12920036789214628,0.11609069220066033
2014-10-10,0.13262043642206267,0.12920036789214628
2014-10-13,0.13889755151370126,0.13262043642206267
2014-10-14,0.1392323803165238,0.13889755151370126
2014-10-15,0.13981668374266512,0.1392323803165238
2014-10-16,0.13985720488978942,0.13981668374266512
2014-10-17,0.14440112697672403,0.13985720488978942
2014-10-20,0.1482866475019126,0.14440112697672403
2014-10-21,0.15971597827048378,0.1482866475019126
2014-10-22,0.16017420955635087,0.15971597827048378
2014-10-23,0.16423227951639321,0.16017420955635087
2014-10-24,0.16525132484659577,0.16423227951639321
2014-10-27,0.16527598185456333,0.16525132484659577
2014-10-28,0.16725307871131975,0.16527598185456333
2014-10-29,0.16723012675518734,0.16725307871131975
2014-10-30,0.16757145439652932,0.16723012675518734
2014-10-31,0.17089837486917134,0.16757145439652932
2014-11-03,0.16924416914111468,0.17089837486917134
2014-11-04,0.1686520705306907,0.16924416914111468
2014-11-05,0.168143784148345,0.1686520705306907
2014-11-06,0.16071802634369992,0.168143784148345
2014-11-07,0.15942835569222966,0.16071802634369992
2014-11-10,0.1593401839558662,0.15942835569222966
2014-11-11,0.15895372050102805,0.1593401839558662
2014-11-12,0.15281711245432067,0.15895372050102805
2014-11-13,0.15276264078433477,0.15281711245432067
2014-11-14,0.1502242652944901,0.15276264078433477
2014-11-17,0.15005881394167056,0.1502242652944901
2014-11-18,0.14167931679798548,0.15005881394167056
2014-11-19,0.13437258491137993,0.14167931679798548
2014-11-20,0.11797919773630146,0.13437258491137993
2014-11-21,0.11095573173993743,0.11797919773630146
2014-11-24,0.0947344427580682,0.11095573173993743
2014-11-25,0.09533791796241489,0.0947344427580682
2014-11-26,0.09048465367690003,0.09533791796241489
2014-11-28,0.09109631502350826,0.09048465367690003
2014-12-01,0.09260856625480736,0.09109631502350826
2014-12-02,0.09103001445621611,0.09260856625480736
2014-12-03,0.07597129707158287,0.09103001445621611
2014-12-04,0.07133716567414222,0.07597129707158287
2014-12-05,0.0659771343692985,0.07133716567414222
2014-12-08,0.0686546664342772,0.0659771343692985
2014-12-09,0.06841407970664933,0.0686546664342772
2014-12-10,0.08011099854671609,0.06841407970664933
2014-12-11,0.08073148733031965,0.08011099854671609
2014-12-12,0.09336945170938059,0.08073148733031965
2014-12-15,0.08938974543988464,0.09336945170938059
2014-12-16,0.09206802198945378,0.08938974543988464
2014-12-17,0.10840402468484175,0.09206802198945378
2014-12-18,0.12829504629282787,0.10840402468484175
2014-12-19,0.12835272154364333,0.12829504629282787
2014-12-22,0.1288390417704992,0.12835272154364333
2014-12-23,0.12866691031195884,0.1288390417704992
2014-12-24,0.12868129542760792,0.12866691031195884
2014-12-26,0.12874935812456054,0.12868129542760792
2014-12-29,0.12875405613622576,0.12874935812456054
2014-12-30,0.1300343089496613,0.12875405613622576
2014-12-31,0.13368278070178574,0.1300343089496613
2015-01-02,0.13272132615422735,0.13368278070178574
2015-01-05,0.1429897594344182,0.13272132615422735
2015-01-06,0.14520739531031276,0.1429897594344182
2015-01-07,0.14916290613356584,0.14520739531031276
2015-01-08,0.157931631961534,0.14916290613356584
2015-01-09,0.15962539994653094,0.157931631961534
2015-01-12,0.16086886070803852,0.15962539994653094
2015-01-13,0.16093756134707923,0.16086886070803852
2015-01-14,0.16064558240639007,0.16093756134707923
2015-01-15,0.161067431757081,0.16064558240639007
2015-01-16,0.1656693067966271,0.161067431757081
2015-01-20,0.16588873569302967,0.1656693067966271
2015-01-21,0.1666006991267945,0.16588873569302967
2015-01-22,0.1713312870450937,0.1666006991267945
2015-01-23,0.17208956096174854,0.1713312870450937
2015-01-26,0.16526559388971576,0.17208956096174854
2015-01-27,0.16941880913416899,0.16526559388971576
2015-01-28,0.16686311042349955,0.16941880913416899
2015-01-29,0.16755472199163002,0.16686311042349955
2015-01-30,0.17012988921561936,0.16755472199163002
2015-02-02,0.164392451535805,0.17012988921561936
2015-02-03,0.1537443751175357,0.164392451535805
2015-02-04,0.15352524023949324,0.1537443751175357
2015-02-05,0.15586162999568665,0.15352524023949324
2015-02-06,0.1559589139331085,0.15586162999568665
2015-02-09,0.15640848824283582,0.1559589139331085
2015-02-10,0.1593696768130793,0.15640848824283582
2015-02-11,0.1593182935984218,0.1593696768130793
2015-02-12,0.16104852121532828,0.1593182935984218
2015-02-13,0.15846127395705106,0.16104852121532828
2015-02-17,0.15843844242773242,0.15846127395705106
2015-02-18,0.14792015393076416,0.15843844242773242
2015-02-19,0.14448991587196158,0.14792015393076416
2015-02-20,0.14151938010306617,0.14448991587196158
2015-02-23,0.1330114332008949,0.14151938010306617
2015-02-24,0.1304016892926506,0.1330114332008949
2015-02-25,0.12771646019405222,0.1304016892926506
2015-02-26,0.1273298008463281,0.12771646019405222
2015-02-27,0.12619231055143607,0.1273298008463281
2015-03-02,0.12261938388812761,0.12619231055143607
2015-03-03,0.11936950586380272,0.12261938388812761
2015-03-04,0.12050866616327505,0.11936950586380272
2015-03-05,0.1199934066262737,0.12050866616327505
2015-03-06,0.12084731058186964,0.1199934066262737
2015-03-09,0.12010572731172821,0.12084731058186964
2015-03-10,0.12953221281129285,0.12010572731172821
2015-03-11,0.12358849022655964,0.12953221281129285
2015-03-12,0.1220520070417714,0.12358849022655964
2015-03-13,0.1213490367917573,0.1220520070417714
2015-03-16,0.11994652046682099,0.1213490367917573
2015-03-17,0.1160888134819756,0.11994652046682099
2015-03-18,0.11386649110329254,0.1160888134819756
2015-03-19,0.11415966191841409,0.11386649110329254
2015-03-20,0.11333830076962939,0.11415966191841409
2015-03-23,0.11313672213427768,0.11333830076962939
2015-03-24,0.11365668057337704,0.11313672213427768
2015-03-25,0.11837492113985164,0.11365668057337704
2015-03-26,0.11855570612564777,0.11837492113985164
2015-03-27,0.11521429807101258,0.11855570612564777
2015-03-30,0.1201553325320471,0.11521429807101258
2015-03-31,0.1226262516526971,0.1201553325320471
2015-04-01,0.12294099254822304,0.1226262516526971
2015-04-02,0.12352658917600533,0.12294099254822304
2015-04-06,0.12387157240835708,0.12352658917600533
2015-04-07,0.1240403131250498,0.12387157240835708
2015-04-08,0.1241740326596726,0.1240403131250498
2015-04-09,0.12496489532264844,0.1241740326596726
2015-04-10,0.12602174926290324,0.12496489532264844
2015-04-13,0.1263219388824118,0.12602174926290324
2015-04-14,0.12502611655047927,0.1263219388824118
2015-04-15,0.1251970148524807,0.12502611655047927
2015-04-16,0.12455013631224819,0.1251970148524807
2015-04-17,0.12906093058954102,0.12455013631224819
2015-04-20,0.12480855709241422,0.12906093058954102
2015-04-21,0.12442329532111467,0.12480855709241422
2015-04-22,0.1144850115912934,0.12442329532111467
2015-04-23,0.11409662573932217,0.1144850115912934
2015-04-24,0.10892649797993573,0.11409662573932217
2015-04-27,0.10796212161243042,0.10892649797993573
2015-04-28,0.10172508830492012,0.10796212161243042
2015-04-29,0.10212886886624215,0.10172508830492012
2015-04-30,0.1007281706206915,0.10212886886624215
2015-05-01,0.10465147955970122,0.1007281706206915
2015-05-04,0.10186361477711277,0.10465147955970122
2015-05-05,0.1072072579689943,0.10186361477711277
2015-05-06,0.10662670968274789,0.1072072579689943
2015-05-07,0.09773520215636196,0.10662670968274789
2015-05-08,0.1038552596864756,0.09773520215636196
2015-05-11,0.10511732763250495,0.1038552596864756
2015-05-12,0.09994337801891542,0.10511732763250495
2015-05-13,0.09619319238705551,0.09994337801891542
2015-05-14,0.09941858848344423,0.09619319238705551
2015-05-15,0.09912423337552005,0.09941858848344423
2015-05-18,0.09784727155572004,0.09912423337552005
2015-05-19,0.09735915166854574,0.09784727155572004
2015-05-20,0.09718098274340754,0.09735915166854574
2015-05-21,0.09678843753759812,0.09718098274340754
2015-05-22,0.0961321800096394,0.09678843753759812
2015-05-26,0.10058602877825056,0.0961321800096394
2015-05-27,0.10397801541442055,0.10058602877825056
2015-05-28,0.10338565291187021,0.10397801541442055
2015-05-29,0.10511054644442963,0.10338565291187021
2015-06-01,0.09918934840416103,0.10511054644442963
2015-06-02,0.0959147236916104,0.09918934840416103
2015-06-03,0.09606208432466184,0.0959147236916104
2015-06-04,0.0983757378481632,0.09606208432466184
2015-06-05,0.09817058481359575,0.0983757378481632
2015-06-08,0.09933857417498108,0.09817058481359575
2015-06-09,0.09873170580007566,0.09933857417498108
2015-06-10,0.10454405886392518,0.09873170580007566
2015-06-11,0.10424013243467806,0.10454405886392518
2015-06-12,0.10241704955578053,0.10424013243467806
2015-06-15,0.098173445176458,0.10241704955578053
2015-06-16,0.09916775703377288,0.098173445176458
2015-06-17,0.0932348880261947,0.09916775703377288
2015-06-18,0.09667858802869674,0.0932348880261947
2015-06-19,0.09731620714485992,0.09667858802869674
2015-06-22,0.09086918420540217,0.09731620714485992
2015-06-23,0.08963513273886616,0.09086918420540217
2015-06-24,0.09187856376442774,0.08963513273886616
2015-06-25,0.09237225375018758,0.09187856376442774
2015-06-26,0.08712401422276607,0.09237225375018758
2015-06-29,0.10609469810110939,0.08712401422276607
2015-06-30,0.10579838626772303,0.10609469810110939
2015-07-01,0.10894723837991177,0.10579838626772303
2015-07-02,0.10894878172223564,0.10894723837991177
2015-07-06,0.10855914241106476,0.10894878172223564
2015-07-07,0.11042084767612756,0.10855914241106476
2015-07-08,0.11656654127909097,0.11042084767612756
2015-07-09,0.11275472084769271,0.11656654127909097
2015-07-10,0.11944054649913134,0.11275472084769271
2015-07-13,0.12279209401898096,0.11944054649913134
2015-07-14,0.12331028489015106,0.12279209401898096
2015-07-15,0.1232778953948971,0.12331028489015106
2015-07-16,0.12521718028062173,0.1232778953948971
2015-07-17,0.12247149850905242,0.12521718028062173
2015-07-20,0.1222863311441485,0.12247149850905242
2015-07-21,0.12138651229898305,0.1222863311441485
2015-07-22,0.12157842550486385,0.12138651229898305
2015-07-23,0.11800308055052885,0.12157842550486385
2015-07-24,0.1213873043137946,0.11800308055052885
2015-07-27,0.12053994528800553,0.1213873043137946
2015-07-28,0.1252483093096919,0.12053994528800553
2015-07-29,0.12583013876925314,0.1252483093096919
2015-07-30,0.12576297608490133,0.12583013876925314
2015-07-31,0.12209173481310039,0.12576297608490133
2015-08-03,0.12180692948652136,0.12209173481310039
2015-08-04,0.12086771635499077,0.12180692948652136
2015-08-05,0.1213038299091978,0.12086771635499077
2015-08-06,0.1217991356950516,0.1213038299091978
2015-08-07,0.1216259006352262,0.1217991356950516
2015-08-10,0.12718221882862138,0.1216259006352262
2015-08-11,0.11366022646072615,0.12718221882862138
2015-08-12,0.1135826467058563,0.11366022646072615
2015-08-13,0.11142314812662749,0.1135826467058563
2015-08-14,0.11181227361998007,0.11142314812662749
2015-08-17,0.11238845025562877,0.11181227361998007
2015-08-18,0.11152104669528232,0.11238845025562877
2015-08-19,0.10210070761206308,0.11152104669528232
2015-08-20,0.11982227118948555,0.10210070761206308
2015-08-21,0.14305148588906444,0.11982227118948555
2015-08-24,0.18210965939892274,0.14305148588906444
2015-08-25,0.1821848701438896,0.18210965939892274
2015-08-26,0.2184019731146203,0.1821848701438896
2015-08-27,0.2302477612868805,0.2184019731146203
2015-08-28,0.2301703303565346,0.2302477612868805
2015-08-31,0.23066352377329202,0.2301703303565346
2015-09-01,0.2444111190366963,0.23066352377329202
2015-09-02,0.25266721013720356,0.2444111190366963
2015-09-03,0.252677352165075,0.25266721013720356
2015-09-04,0.25439010750713886,0.252677352165075
2015-09-08,0.266207546397971,0.25439010750713886
2015-09-09,0.26507813998341934,0.266207546397971
2015-09-10,0.26467675445011335,0.26507813998341934
2015-09-11,0.2653476489400165,0.26467675445011335
2015-09-14,0.2653676257819259,0.2653476489400165
2015-09-15,0.26877882642772516,0.2653676257819259
2015-09-16,0.2704882507178057,0.26877882642772516
2015-09-17,0.27011241496161337,0.2704882507178057
2015-09-18,0.2728942768397205,0.27011241496161337
2015-09-21,0.27367186100088103,0.2728942768397205
2015-09-22,0.2721433643005882,0.27367186100088103
2015-09-23,0.2714555808156925,0.2721433643005882
2015-09-24,0.2712713558280859,0.2714555808156925
2015-09-25,0.2713256077712479,0.2712713558280859
2015-09-28,0.278627548289024,0.2713256077712479
2015-09-29,0.27760194612707323,0.278627548289024
2015-09-30,0.2848869269167536,0.27760194612707323
2015-10-01,0.2848978640409224,0.2848869269167536
2015-10-02,0.2835663131486294,0.2848978640409224
2015-10-05,0.27465160408755934,0.2835663131486294
2015-10-06,0.2425024126553987,0.27465160408755934
2015-10-07,0.23978362893820104,0.2425024126553987
2015-10-08,0.216230477825195,0.23978362893820104
2015-10-09,0.20481435915081264,0.216230477825195
2015-10-12,0.20481307728104803,0.20481435915081264
2015-10-13,0.2042204201936252,0.20481307728104803
2015-10-14,0.1829520590198737,0.2042204201936252
2015-10-15,0.1802869819438009,0.1829520590198737
2015-10-16,0.18051269031050604,0.1802869819438009
2015-10-19,0.17347360679705437,0.18051269031050604
2015-10-20,0.15955786818996442,0.17347360679705437
2015-10-21,0.15512771268242037,0.15955786818996442
2015-10-22,0.16106752855741352,0.15512771268242037
2015-10-23,0.16307313167276943,0.16106752855741352
2015-10-26,0.1627339661214802,0.16307313167276943
2015-10-27,0.16003490201154744,0.1627339661214802
2015-10-28,0.1612548317138736,0.16003490201154744
2015-10-29,0.16097986984804694,0.1612548317138736
2015-10-30,0.15272336005662432,0.16097986984804694
2015-11-02,0.15506782936846938,0.15272336005662432
2015-11-03,0.14808292700714426,0.15506782936846938
2015-11-04,0.148513398055044,0.14808292700714426
2015-11-05,0.14772502355058598,0.148513398055044
2015-11-06,0.14777540082065357,0.14772502355058598
2015-11-09,0.12696218019995667,0.14777540082065357
2015-11-10,0.12673078385968867,0.12696218019995667
2015-11-11,0.12008454292499711,0.12673078385968867
2015-11-12,0.12952779128939151,0.12008454292499711
2015-11-13,0.12940847122231486,0.12952779128939151
2015-11-16,0.12679332717993777,0.12940847122231486
2015-11-17,0.12617951284601545,0.12679332717993777
2015-11-18,0.1315758048776988,0.12617951284601545
2015-11-19,0.12980530237137844,0.1315758048776988
2015-11-20,0.12998269439841345,0.12980530237137844
2015-11-23,0.13017304724920975,0.12998269439841345
2015-11-24,0.12819154471018382,0.13017304724920975
2015-11-25,0.1269103434977172,0.12819154471018382
2015-11-27,0.12018044169870505,0.1269103434977172
2015-11-30,0.12070385331887892,0.12018044169870505
2015-12-01,0.12324509071096339,0.12070385331887892
2015-12-02,0.1274746725332803,0.12324509071096339
2015-12-03,0.13320448049077885,0.1274746725332803
2015-12-04,0.13607794701173,0.13320448049077885
2015-12-07,0.13389790266720392,0.13607794701173
2015-12-08,0.13518765395247276,0.13389790266720392
2015-12-09,0.13697612398022607,0.13518765395247276
2015-12-10,0.13287424966074016,0.13697612398022607
2015-12-11,0.1439208488958463,0.13287424966074016
2015-12-14,0.14467192731303488,0.1439208488958463
2015-12-15,0.14372344174687404,0.14467192731303488
2015-12-16,0.150172594108196,0.14372344174687404
2015-12-17,0.1561263369865636,0.150172594108196
2015-12-18,0.1638003342573495,0.1561263369865636
2015-12-21,0.16617030229334448,0.1638003342573495
2015-12-22,0.1668234722393785,0.16617030229334448
2015-12-23,0.170779781353304,0.1668234722393785
2015-12-24,0.1704741683258134,0.170779781353304
2015-12-28,0.1654597703366653,0.1704741683258134
2015-12-29,0.1643501555923689,0.1654597703366653
2015-12-30,0.16034257774038255,0.1643501555923689
2015-12-31,0.16309050197155744,0.16034257774038255
2016-01-04,0.16086454928072028,0.16309050197155744
2016-01-05,0.16106135123752252,0.16086454928072028
2016-01-06,0.1639303277979281,0.16106135123752252
2016-01-07,0.17669557297820943,0.1639303277979281
2016-01-08,0.1781236460757997,0.17669557297820943
2016-01-11,0.17829512558626456,0.1781236460757997
2016-01-12,0.1806760945650281,0.17829512558626456
2016-01-13,0.19239478065113333,0.1806760945650281
2016-01-14,0.19721532424490337,0.19239478065113333
2016-01-15,0.2036047580105306,0.19721532424490337
2016-01-19,0.20138483895523276,0.2036047580105306
2016-01-20,0.19210587676918345,0.20138483895523276
2016-01-21,0.19389667003829866,0.19210587676918345
2016-01-22,0.2054260126032154,0.19389667003829866
2016-01-25,0.20818204382105177,0.2054260126032154
2016-01-26,0.21302112108184024,0.20818204382105177
2016-01-27,0.20840966043696388,0.21302112108184024
2016-01-28,0.20845696645126488,0.20840966043696388
2016-01-29,0.21909518337665154,0.20845696645126488
2016-02-01,0.2137005208516558,0.21909518337665154
2016-02-02,0.2153670752300709,0.2137005208516558
2016-02-03,0.2113535432175378,0.2153670752300709
2016-02-04,0.20957264853392588,0.2113535432175378
2016-02-05,0.21296933946703012,0.20957264853392588
2016-02-08,0.21035987100177764,0.21296933946703012
2016-02-09,0.21054890694830183,0.21035987100177764
2016-02-10,0.21065800473041366,0.21054890694830183
2016-02-11,0.2081359703581608,0.21065800473041366
2016-02-12,0.21974572531083045,0.2081359703581608
2016-02-16,0.22619378303338342,0.21974572531083045
2016-02-17,0.22959402470579426,0.22619378303338342
2016-02-18,0.22953538498653164,0.22959402470579426
2016-02-19,0.2271089250463282,0.22953538498653164
2016-02-22,0.22045130615767383,0.2271089250463282
2016-02-23,0.2212390843660756,0.22045130615767383
2016-02-24,0.22161073362730146,0.2212390843660756
2016-02-25,0.22314087021005344,0.22161073362730146
2016-02-26,0.2097948380421231,0.22314087021005344
2016-02-29,0.2062424325478242,0.2097948380421231
2016-03-01,0.20574349916372012,0.2062424325478242
2016-03-02,0.205886447064703,0.20574349916372012
2016-03-03,0.20110739404295766,0.205886447064703
2016-03-04,0.20090410104012668,0.20110739404295766
2016-03-07,0.19358891012680451,0.20090410104012668
2016-03-08,0.19072400964356587,0.19358891012680451
2016-03-09,0.18774466506501497,0.19072400964356587
2016-03-10,0.1839902955754742,0.18774466506501497
2016-03-11,0.18826054046680948,0.1839902955754742
2016-03-14,0.17678666199942678,0.18826054046680948
2016-03-15,0.17693958411778785,0.17678666199942678
2016-03-16,0.16720987074407023,0.17693958411778785
2016-03-17,0.16728032741610308,0.16720987074407023
2016-03-18,0.16733656857260407,0.16728032741610308
2016-03-21,0.15442419320264025,0.16733656857260407
2016-03-22,0.14670671595435691,0.15442419320264025
2016-03-23,0.14930066281511595,0.14670671595435691
2016-03-24,0.14920569494106037,0.14930066281511595
2016-03-28,0.14124922848094085,0.14920569494106037
2016-03-29,0.13323565872767193,0.14124922848094085
2016-03-30,0.12709401200733697,0.13323565872767193
2016-03-31,0.12150798364817292,0.12709401200733697
2016-04-01,0.12062711445134826,0.12150798364817292
2016-04-04,0.12151514768876445,0.12062711445134826
2016-04-05,0.12148433602355646,0.12151514768876445
2016-04-06,0.11620870784263275,0.12148433602355646
2016-04-07,0.12342131360937475,0.11620870784263275
2016-04-08,0.1197169536216353,0.12342131360937475
2016-04-11,0.11973031813776333,0.1197169536216353
2016-04-12,0.11816341561281132,0.11973031813776333
2016-04-13,0.10300912365134081,0.11816341561281132
2016-04-14,0.10280547313112635,0.10300912365134081
2016-04-15,0.10287389497167272,0.10280547313112635
2016-04-18,0.10400372157912245,0.10287389497167272
2016-04-19,0.10406842911232343,0.10400372157912245
2016-04-20,0.0969564478238764,0.10406842911232343
2016-04-21,0.09891810947760418,0.0969564478238764
2016-04-22,0.09901127654680016,0.09891810947760418
2016-04-25,0.08965651427806023,0.09901127654680016
2016-04-26,0.08937029321629134,0.08965651427806023
2016-04-27,0.0889892596328941,0.08937029321629134
2016-04-28,0.09291496169266997,0.0889892596328941
2016-04-29,0.09312072809866193,0.09291496169266997
2016-05-02,0.09511472633968085,0.09312072809866193
2016-05-03,0.09882263206413294,0.09511472633968085
2016-05-04,0.10024545341164054,0.09882263206413294
2016-05-05,0.09822606544174337,0.10024545341164054
2016-05-06,0.09867758526927116,0.09822606544174337
2016-05-09,0.09868339695823485,0.09867758526927116
2016-05-10,0.10149904724523352,0.09868339695823485
2016-05-11,0.1047694518633759,0.10149904724523352
2016-05-12,0.1044999903405931,0.1047694518633759
2016-05-13,0.10564537060265425,0.1044999903405931
2016-05-16,0.1092568810521032,0.10564537060265425
2016-05-17,0.10874045712230564,0.1092568810521032
2016-05-18,0.10386244353396745,0.10874045712230564
2016-05-19,0.09822400994988753,0.10386244353396745
2016-05-20,0.0996152663023421,0.09822400994988753
2016-05-23,0.09944005225956408,0.0996152663023421
2016-05-24,0.10279664660370634,0.09944005225956408
2016-05-25,0.10050501684280214,0.10279664660370634
2016-05-26,0.10050416854548613,0.10050501684280214
2016-05-27,0.10110415028309543,0.10050416854548613
2016-05-31,0.09932405345024513,0.10110415028309543
2016-06-01,0.09908056083202672,0.09932405345024513
2016-06-02,0.09942814402875787,0.09908056083202672
2016-06-03,0.09850868491137536,0.09942814402875787
2016-06-06,0.09950868772496284,0.09850868491137536
2016-06-07,0.09936112232286919,0.09950868772496284
2016-06-08,0.09964747318775855,0.09936112232286919
2016-06-09,0.09969047108915742,0.09964747318775855
2016-06-10,0.1000344234211463,0.09969047108915742
2016-06-13,0.10143175620368441,0.1000344234211463
2016-06-14,0.09903343991541626,0.10143175620368441
2016-06-15,0.09562159086422302,0.09903343991541626
2016-06-16,0.09428307606611376,0.09562159086422302
2016-06-17,0.0950769677849365,0.09428307606611376
2016-06-20,0.0962247790772805,0.0950769677849365
2016-06-21,0.09645676714958708,0.0962247790772805
2016-06-22,0.0899183799140278,0.09645676714958708
2016-06-23,0.09264220571000911,0.0899183799140278
2016-06-24,0.1426927080664111,0.09264220571000911
2016-06-27,0.14982969752766262,0.1426927080664111
2016-06-28,0.1564096893213918,0.14982969752766262
2016-06-29,0.16175340892563114,0.1564096893213918
2016-06-30,0.16613642387575298,0.16175340892563114
2016-07-01,0.16564428798809044,0.16613642387575298
2016-07-05,0.1665843501907256,0.16564428798809044
2016-07-06,0.1671742007341447,0.1665843501907256
2016-07-07,0.1632933119239701,0.1671742007341447
2016-07-08,0.167589697453503,0.1632933119239701
2016-07-11,0.16778145815257658,0.167589697453503
2016-07-12,0.16852782496148494,0.16778145815257658
2016-07-13,0.16834903702657852,0.16852782496148494
2016-07-14,0.16885327394063412,0.16834903702657852
2016-07-15,0.16889078618382639,0.16885327394063412
2016-07-18,0.16854291165722393,0.16889078618382639
2016-07-19,0.16822847963505352,0.16854291165722393
2016-07-20,0.16848109659851512,0.16822847963505352
2016-07-21,0.16890243300684263,0.16848109659851512
2016-07-22,0.1691060098178675,0.16890243300684263
2016-07-25,0.1665668346018998,0.1691060098178675
2016-07-26,0.16442271798791688,0.1665668346018998
2016-07-27,0.16427863287165095,0.16442271798791688
2016-07-28,0.16405362468837933,0.16427863287165095
2016-07-29,0.16400078428333684,0.16405362468837933
2016-08-01,0.16340422033418311,0.16400078428333684
2016-08-02,0.16437893755833966,0.16340422033418311
2016-08-03,0.16438633650778578,0.16437893755833966
2016-08-04,0.16416600565369888,0.16438633650778578
2016-08-05,0.1617848573833088,0.16416600565369888
2016-08-08,0.11604043975628762,0.1617848573833088
2016-08-09,0.09883723124456206,0.11604043975628762
2016-08-10,0.08930351373550005,0.09883723124456206
2016-08-11,0.07828143970460545,0.08930351373550005
2016-08-12,0.07035105205856768,0.07828143970460545
2016-08-15,0.07045494517433724,0.07035105205856768
2016-08-16,0.06849416587840135,0.07045494517433724
2016-08-17,0.0671787252189372,0.06849416587840135
2016-08-18,0.06695863681271796,0.0671787252189372
2016-08-19,0.05419633997931538,0.06695863681271796
2016-08-22,0.05368727825268626,0.05419633997931538
2016-08-23,0.050262804229242834,0.05368727825268626
2016-08-24,0.05292476542546726,0.050262804229242834
2016-08-25,0.05072950397782805,0.05292476542546726
2016-08-26,0.0509009067369756,0.05072950397782805
2016-08-29,0.052228935563822104,0.0509009067369756
2016-08-30,0.05239944349020285,0.052228935563822104
2016-08-31,0.05182496172444456,0.05239944349020285
2016-09-01,0.050538706658233054,0.05182496172444456
2016-09-02,0.050555165524499145,0.050538706658233054
2016-09-06,0.05043737859115477,0.050555165524499145
2016-09-07,0.05045354150083184,0.05043737859115477
2016-09-08,0.05087325814802886,0.05045354150083184
2016-09-09,0.08731852427611923,0.05087325814802886
2016-09-12,0.09714880750405898,0.08731852427611923
2016-09-13,0.1056950670599786,0.09714880750405898
2016-09-14,0.10422804310097045,0.1056950670599786
2016-09-15,0.10807342008260047,0.10422804310097045
2016-09-16,0.1085421949975233,0.10807342008260047
2016-09-19,0.10556914808450966,0.1085421949975233
2016-09-20,0.10558415059347781,0.10556914808450966
2016-09-21,0.11090476005450685,0.10558415059347781
2016-09-22,0.11223548705779074,0.11090476005450685
2016-09-23,0.112518033860239,0.11223548705779074
2016-09-26,0.11481810436931528,0.112518033860239
2016-09-27,0.11605387708295116,0.11481810436931528
2016-09-28,0.11612451658788353,0.11605387708295116
2016-09-29,0.11887222436371946,0.11612451658788353
2016-09-30,0.12085823996294114,0.11887222436371946
2016-10-03,0.12097318394454862,0.12085823996294114
2016-10-04,0.12178488771966882,0.12097318394454862
2016-10-05,0.12240060508995648,0.12178488771966882
2016-10-06,0.12158384818661068,0.12240060508995648
2016-10-07,0.121949686591087,0.12158384818661068
2016-10-10,0.12284393353736356,0.121949686591087
2016-10-11,0.12725177434566834,0.12284393353736356
2016-10-12,0.12732746588295207,0.12725177434566834
2016-10-13,0.12740304794263904,0.12732746588295207
2016-10-14,0.1274281100336924,0.12740304794263904
2016-10-17,0.12680873650063126,0.1274281100336924
2016-10-18,0.1279823588905188,0.12680873650063126
2016-10-19,0.12833571997864437,0.1279823588905188
2016-10-20,0.12829264163633877,0.12833571997864437
2016-10-21,0.10685740302198347,0.12829264163633877
2016-10-24,0.09915033035302338,0.10685740302198347
2016-10-25,0.08989839431146297,0.09915033035302338
2016-10-26,0.09013192342893799,0.08989839431146297
2016-10-27,0.08565932929829781,0.09013192342893799
2016-10-28,0.08535570215384056,0.08565932929829781
2016-10-31,0.08535213976691443,0.08535570215384056
2016-11-01,0.08781707689799928,0.08535213976691443
2016-11-02,0.08211381956667402,0.08781707689799928
2016-11-03,0.0798030306497771,0.08211381956667402
2016-11-04,0.07881326097009042,0.0798030306497771
2016-11-07,0.1006039712404164,0.07881326097009042
2016-11-08,0.09978968792446455,0.1006039712404164
2016-11-09,0.1035586928593242,0.09978968792446455
2016-11-10,0.10014869881489609,0.1035586928593242
2016-11-11,0.09806124629952974,0.10014869881489609
2016-11-14,0.09781129626065455,0.09806124629952974
2016-11-15,0.09893914467706799,0.09781129626065455
2016-11-16,0.09848558412504939,0.09893914467706799
2016-11-17,0.09945581777132836,0.09848558412504939
2016-11-18,0.09910521651627559,0.09945581777132836
2016-11-21,0.10027948323784851,0.09910521651627559
2016-11-22,0.0920198884194854,0.10027948323784851
2016-11-23,0.09203135929477242,0.0920198884194854
2016-11-25,0.09138557546986516,0.09203135929477242
2016-11-28,0.09301627914121019,0.09138557546986516
2016-11-29,0.09200339151517009,0.09301627914121019
2016-11-30,0.09138747955990525,0.09200339151517009
2016-12-01,0.09224509151583435,0.09138747955990525
2016-12-02,0.09190160117981147,0.09224509151583435
2016-12-05,0.0930668311237342,0.09190160117981147
2016-12-06,0.09279935135731253,0.0930668311237342
2016-12-07,0.09802295284545418,0.09279935135731253
2016-12-08,0.09745198897204195,0.09802295284545418
2016-12-09,0.09729494725718141,0.09745198897204195
2016-12-12,0.09662815300337062,0.09729494725718141
2016-12-13,0.09731230689678805,0.09662815300337062
2016-12-14,0.09822241787701257,0.09731230689678805
2016-12-15,0.09511894135804125,0.09822241787701257
2016-12-16,0.09368468567661951,0.09511894135804125
2016-12-19,0.09300916858701402,0.09368468567661951
2016-12-20,0.07365860778520868,0.09300916858701402
2016-12-21,0.07470852534222061,0.07365860778520868
2016-12-22,0.07082413914334051,0.07470852534222061
2016-12-23,0.07076849310369776,0.07082413914334051
2016-12-27,0.06987290830549935,0.07076849310369776
2016-12-28,0.07560813730156953,0.06987290830549935
2016-12-29,0.07324513465323199,0.07560813730156953
2016-12-30,0.07405459979877174,0.07324513465323199
2017-01-03,0.07558403285118945,0.07405459979877174
2017-01-04,0.0761229882537066,0.07558403285118945
2017-01-05,0.07410583173885331,0.0761229882537066
2017-01-06,0.0744102061463008,0.07410583173885331
2017-01-09,0.0755260420738261,0.0744102061463008
2017-01-10,0.07515752572280655,0.0755260420738261
2017-01-11,0.07339764673484273,0.07515752572280655
2017-01-12,0.07412821169442142,0.07339764673484273
2017-01-13,0.0734836604229366,0.07412821169442142
2017-01-17,0.07339719894789007,0.0734836604229366
2017-01-18,0.0734236402639511,0.07339719894789007
2017-01-19,0.07336669865626648,0.0734236402639511
2017-01-20,0.07351478085327774,0.07336669865626648
2017-01-23,0.0646649208231642,0.07351478085327774
2017-01-24,0.06671508382034338,0.0646649208231642
2017-01-25,0.06895001063229386,0.06671508382034338
2017-01-26,0.06892752368789849,0.06895001063229386
2017-01-27,0.06678893259743073,0.06892752368789849
2017-01-30,0.06469423390086168,0.06678893259743073
2017-01-31,0.0637634864514244,0.06469423390086168
2017-02-01,0.06340262741583927,0.0637634864514244
2017-02-02,0.06318145414797656,0.06340262741583927
2017-02-03,0.06521652824233463,0.06318145414797656
2017-02-06,0.06485213275201168,0.06521652824233463
2017-02-07,0.06453421990336096,0.06485213275201168
2017-02-08,0.06451629662119034,0.06453421990336096
2017-02-09,0.06617180678865885,0.06451629662119034
2017-02-10,0.06113312086042738,0.06617180678865885
2017-02-13,0.06230154199492536,0.06113312086042738
2017-02-14,0.0610156812860927,0.06230154199492536
2017-02-15,0.05928202406176663,0.0610156812860927
2017-02-16,0.05802534523362533,0.05928202406176663
2017-02-17,0.05773149325328372,0.05802534523362533
2017-02-21,0.05895066542711203,0.05773149325328372
2017-02-22,0.05769978396448289,0.05895066542711203
2017-02-23,0.057588763010965265,0.05769978396448289
2017-02-24,0.05744006345788285,0.057588763010965265
2017-02-27,0.05623818411678332,0.05744006345788285
2017-02-28,0.05749263638836996,0.05623818411678332
2017-03-01,0.06616430453754782,0.05749263638836996
2017-03-02,0.07034195058275322,0.06616430453754782
2017-03-03,0.0685684282774793,0.07034195058275322
2017-03-06,0.06969114061250896,0.0685684282774793
2017-03-07,0.06990071712832482,0.06969114061250896
2017-03-08,0.069031716525031,0.06990071712832482
2017-03-09,0.06544225773306495,0.069031716525031
2017-03-10,0.06550748497027609,0.06544225773306495
2017-03-13,0.06502066900223813,0.06550748497027609
2017-03-14,0.06296923862995334,0.06502066900223813
2017-03-15,0.06622064353301156,0.06296923862995334
2017-03-16,0.06695483727578092,0.06622064353301156
2017-03-17,0.06759878863759265,0.06695483727578092
2017-03-20,0.06599704352731167,0.06759878863759265
2017-03-21,0.07730824904393642,0.06599704352731167
2017-03-22,0.07739168648658348,0.07730824904393642
2017-03-23,0.07759227520291359,0.07739168648658348
2017-03-24,0.07618799144169855,0.07759227520291359
2017-03-27,0.07566190117655607,0.07618799144169855
2017-03-28,0.07687921961067003,0.07566190117655607
2017-03-29,0.07618468599050852,0.07687921961067003
2017-03-30,0.07529591423423423,0.07618468599050852
2017-03-31,0.07562033308153897,0.07529591423423423
2017-04-03,0.07574089481211246,0.07562033308153897
2017-04-04,0.07377115733281174,0.07574089481211246
2017-04-05,0.07423718179671465,0.07377115733281174
2017-04-06,0.07467826010124036,0.07423718179671465
2017-04-07,0.07463598724443117,0.07467826010124036
2017-04-10,0.0745044711867513,0.07463598724443117
2017-04-11,0.0741744826658661,0.0745044711867513
2017-04-12,0.06225801340380369,0.0741744826658661
2017-04-13,0.06241712502195787,0.06225801340380369
2017-04-17,0.06815177079968535,0.06241712502195787
2017-04-18,0.06815384952603709,0.06815177079968535
2017-04-19,0.06785435847805411,0.06815384952603709
2017-04-20,0.07196389340783794,0.06785435847805411
2017-04-21,0.07242578484308815,0.07196389340783794
2017-04-24,0.07864824219316308,0.07242578484308815
2017-04-25,0.08038096904574163,0.07864824219316308
2017-04-26,0.07949858449237174,0.08038096904574163
2017-04-27,0.07557447148034005,0.07949858449237174
2017-04-28,0.07562747836433341,0.07557447148034005
2017-05-01,0.07573519629974057,0.07562747836433341
2017-05-02,0.07563090181659927,0.07573519629974057
2017-05-03,0.06469213087041996,0.07563090181659927
2017-05-04,0.06451633335390268,0.06469213087041996
2017-05-05,0.06499660330095651,0.06451633335390268
2017-05-08,0.06490262652105046,0.06499660330095651
2017-05-09,0.06487666832839467,0.06490262652105046
2017-05-10,0.062042614061625916,0.06487666832839467
2017-05-11,0.06251813879617424,0.062042614061625916
2017-05-12,0.06231874610533991,0.06251813879617424
2017-05-15,0.06348912739889719,0.06231874610533991
2017-05-16,0.06326513562697617,0.06348912739889719
2017-05-17,0.08306231303432184,0.06326513562697617
2017-05-18,0.08332307609497633,0.08306231303432184
2017-05-19,0.08495651852329915,0.08332307609497633
2017-05-22,0.08589554737701043,0.08495651852329915
2017-05-23,0.08602111960127809,0.08589554737701043
2017-05-24,0.08596793176708381,0.08602111960127809
2017-05-25,0.08527804278077548,0.08596793176708381
2017-05-26,0.08230089295951382,0.08527804278077548
2017-05-30,0.07933802115004973,0.08230089295951382
2017-05-31,0.07854331500987022,0.07933802115004973
2017-06-01,0.08048017732301353,0.07854331500987022
2017-06-02,0.07817068672866546,0.08048017732301353
2017-06-05,0.07728329811492947,0.07817068672866546
2017-06-06,0.07270558808680208,0.07728329811492947
2017-06-07,0.0712486372295019,0.07270558808680208
2017-06-08,0.07113998684244881,0.0712486372295019
2017-06-09,0.07144027162260744,0.07113998684244881
2017-06-12,0.07098409033339245,0.07144027162260744
2017-06-13,0.0718251121776228,0.07098409033339245
2017-06-14,0.07206922724369239,0.0718251121776228
2017-06-15,0.07226726130281588,0.07206922724369239
2017-06-16,0.07226950197276463,0.07226726130281588
2017-06-19,0.07501630189081288,0.07226950197276463
2017-06-20,0.07816267398750017,0.07501630189081288
2017-06-21,0.07807158304274536,0.07816267398750017
2017-06-22,0.07805628681513421,0.07807158304274536
2017-06-23,0.0776760990076916,0.07805628681513421
2017-06-26,0.077355738806078,0.0776760990076916
2017-06-27,0.08009005291177708,0.077355738806078
2017-06-28,0.08376815544436074,0.08009005291177708
2017-06-29,0.0691762353884706,0.08376815544436074
2017-06-30,0.06862041084628405,0.0691762353884706
2017-07-03,0.06658556163785004,0.06862041084628405
2017-07-05,0.06548701772829241,0.06658556163785004
2017-07-06,0.07115398958168627,0.06548701772829241
2017-07-07,0.07319320595291173,0.07115398958168627
2017-07-10,0.07203795784808464,0.07319320595291173
2017-07-11,0.0720840012273971,0.07203795784808464
2017-07-12,0.0749879042805396,0.0720840012273971
2017-07-13,0.07502729007982477,0.0749879042805396
2017-07-14,0.07281061756377795,0.07502729007982477
2017-07-17,0.07231742827146799,0.07281061756377795
2017-07-18,0.0722454981000558,0.07231742827146799
2017-07-19,0.07282857030444026,0.0722454981000558
2017-07-20,0.07274578249122343,0.07282857030444026
2017-07-21,0.07287876988290236,0.07274578249122343
2017-07-24,0.07265240899509025,0.07287876988290236
2017-07-25,0.07279142396118565,0.07265240899509025
2017-07-26,0.07172906947176827,0.07279142396118565
2017-07-27,0.07166098921216793,0.07172906947176827
2017-07-28,0.0714668647367082,0.07166098921216793
2017-07-31,0.07153846672839867,0.0714668647367082
2017-08-01,0.06791325737183865,0.07153846672839867
2017-08-02,0.06446463442954765,0.06791325737183865
2017-08-03,0.06484472837953474,0.06446463442954765
2017-08-04,0.06487521913353589,0.06484472837953474
2017-08-07,0.06495461990297782,0.06487521913353589
2017-08-08,0.06557579073122498,0.06495461990297782
2017-08-09,0.06031070209218392,0.06557579073122498
2017-08-10,0.06980895504233998,0.06031070209218392
2017-08-11,0.0646350121236803,0.06980895504233998
2017-08-14,0.07015449929405687,0.0646350121236803
2017-08-15,0.07011638421208317,0.07015449929405687
2017-08-16,0.0700146284512055,0.07011638421208317
2017-08-17,0.07978986542579955,0.0700146284512055
2017-08-18,0.07781228593791883,0.07978986542579955
2017-08-21,0.07778466170535725,0.07781228593791883
2017-08-22,0.08328254069510188,0.07778466170535725
2017-08-23,0.0813084849282412,0.08328254069510188
2017-08-24,0.08145214466814188,0.0813084849282412
2017-08-25,0.08055863994308979,0.08145214466814188
2017-08-28,0.08056027014489828,0.08055863994308979
2017-08-29,0.08062374256783891,0.08056027014489828
2017-08-30,0.0802467466278882,0.08062374256783891
2017-08-31,0.08218457540356186,0.0802467466278882
2017-09-01,0.08222600001270078,0.08218457540356186
2017-09-05,0.08493336109357985,0.08222600001270078
2017-09-06,0.08523395042048666,0.08493336109357985
2017-09-07,0.08523341787252559,0.08523395042048666
2017-09-08,0.08525781948725362,0.08523341787252559
2017-09-11,0.09062027950454579,0.08525781948725362
2017-09-12,0.09100557520938464,0.09062027950454579
2017-09-13,0.09084832153816023,0.09100557520938464
2017-09-14,0.09087032706754579,0.09084832153816023
2017-09-15,0.09064741992525131,0.09087032706754579
2017-09-18,0.090691264858931,0.09064741992525131
2017-09-19,0.09061167353490773,0.090691264858931
2017-09-20,0.09019226138360888,0.09061167353490773
2017-09-21,0.09066413279907974,0.09019226138360888
2017-09-22,0.07931386614035678,0.09066413279907974
2017-09-25,0.0797601473445096,0.07931386614035678
2017-09-26,0.07500452461631271,0.0797601473445096
2017-09-27,0.07560987221238205,0.07500452461631271
2017-09-28,0.07555738117494204,0.07560987221238205
2017-09-29,0.05792580096887873,0.07555738117494204
2017-10-02,0.05794454268140988,0.05792580096887873
2017-10-03,0.0579401144156079,0.05794454268140988
2017-10-04,0.051432199156441566,0.0579401144156079
2017-10-05,0.051113879787191355,0.051432199156441566
2017-10-06,0.05044584644585644,0.051113879787191355
2017-10-09,0.051227314107161914,0.05044584644585644
2017-10-10,0.05117174342808975,0.051227314107161914
2017-10-11,0.05116036941812806,0.05117174342808975
2017-10-12,0.05094904244212796,0.05116036941812806
2017-10-13,0.048975828239939824,0.05094904244212796
2017-10-16,0.048972715439153706,0.048975828239939824
2017-10-17,0.042125832985771834,0.048972715439153706
2017-10-18,0.04171409328783808,0.042125832985771834
2017-10-19,0.04160985008747605,0.04171409328783808
2017-10-20,0.04230672019547702,0.04160985008747605
2017-10-23,0.03571683632579597,0.04230672019547702
2017-10-24,0.035120154750021074,0.03571683632579597
2017-10-25,0.03915946699564524,0.035120154750021074
2017-10-26,0.03902286674588012,0.03915946699564524
2017-10-27,0.04431973658312244,0.03902286674588012
2017-10-30,0.04636986320562013,0.04431973658312244
2017-10-31,0.046405700357386934,0.04636986320562013
2017-11-01,0.04638422583374081,0.046405700357386934
2017-11-02,0.04511558857729918,0.04638422583374081
2017-11-03,0.04549783764348647,0.04511558857729918
2017-11-06,0.04446152830251732,0.04549783764348647
2017-11-07,0.044796978483806524,0.04446152830251732
2017-11-08,0.04412587054089529,0.044796978483806524
2017-11-09,0.04628460971745913,0.04412587054089529
2017-11-10,0.0458250184054848,0.04628460971745913
2017-11-13,0.04465751316163935,0.0458250184054848
2017-11-14,0.04535027216111703,0.04465751316163935
2017-11-15,0.04817287070055322,0.04535027216111703
2017-11-16,0.051176977480839374,0.04817287070055322
2017-11-17,0.0519446267205679,0.051176977480839374
2017-11-20,0.051672010877560064,0.0519446267205679
2017-11-21,0.054190599839292586,0.051672010877560064
2017-11-22,0.05431340553305243,0.054190599839292586
2017-11-24,0.05414960043210231,0.05431340553305243
2017-11-27,0.054246806152406846,0.05414960043210231
2017-11-28,0.06071483441319964,0.054246806152406846
2017-11-29,0.06088481545963122,0.06071483441319964
2017-11-30,0.06493268986291473,0.06088481545963122
2017-12-01,0.06557510826860188,0.06493268986291473
2017-12-04,0.06475863565871047,0.06557510826860188
2017-12-05,0.0645750811110676,0.06475863565871047
2017-12-06,0.0645561307455913,0.0645750811110676
2017-12-07,0.06244849805362097,0.0645561307455913
2017-12-08,0.06368748583515138,0.06244849805362097
2017-12-11,0.06052965609601003,0.06368748583515138
2017-12-12,0.05879273463482758,0.06052965609601003
2017-12-13,0.05892268078511349,0.05879273463482758
2017-12-14,0.06090076237244714,0.05892268078511349
2017-12-15,0.06437461889078072,0.06090076237244714
2017-12-18,0.06576037455001578,0.06437461889078072
2017-12-19,0.06749474883658782,0.06576037455001578
2017-12-20,0.06745425222654619,0.06749474883658782
2017-12-21,0.0674838752610705,0.06745425222654619
2017-12-22,0.06605897133721739,0.0674838752610705
2017-12-26,0.0663028649089671,0.06605897133721739
2017-12-27,0.0663382031932096,0.0663028649089671
2017-12-28,0.06546122120871184,0.0663382031932096
2017-12-29,0.06448684936711194,0.06546122120871184
2018-01-02,0.06334079726716603,0.06448684936711194
2018-01-03,0.06343409033476796,0.06334079726716603
2018-01-04,0.06382772710450203,0.06343409033476796
2018-01-05,0.06390530191460542,0.06382772710450203
2018-01-08,0.06337839013929904,0.06390530191460542
2018-01-09,0.0633761924678275,0.06337839013929904
2018-01-10,0.06379030245291245,0.0633761924678275
2018-01-11,0.06110886761111296,0.06379030245291245
2018-01-12,0.06212786119462852,0.06110886761111296
2018-01-16,0.06074950652775122,0.06212786119462852
2018-01-17,0.06376838842990068,0.06074950652775122
2018-01-18,0.06399076828552319,0.06376838842990068
2018-01-19,0.06210672842535235,0.06399076828552319
2018-01-22,0.06399217197854074,0.06210672842535235
2018-01-23,0.06397748744728687,0.06399217197854074
2018-01-24,0.06389030617700818,0.06397748744728687
2018-01-25,0.06408619641955333,0.06389030617700818
2018-01-26,0.06946863383680467,0.06408619641955333
2018-01-29,0.07408431355332724,0.06946863383680467
2018-01-30,0.08067125835725361,0.07408431355332724
2018-01-31,0.07863540673357541,0.08067125835725361
2018-02-01,0.07793547913677062,0.07863540673357541
2018-02-02,0.10281812208308616,0.07793547913677062
2018-02-05,0.1632788105952975,0.10281812208308616
2018-02-06,0.1730920087047679,0.1632788105952975
2018-02-07,0.1738588593729683,0.1730920087047679
2018-02-08,0.20622987285715605,0.1738588593729683
2018-02-09,0.2114347527643363,0.20622987285715605
2018-02-12,0.2159371782456314,0.2114347527643363
2018-02-13,0.21582758967697319,0.2159371782456314
2018-02-14,0.2184069498083505,0.21582758967697319
2018-02-15,0.22074903252509756,0.2184069498083505
2018-02-16,0.22044061994105615,0.22074903252509756
2018-02-20,0.22033241379185858,0.22044061994105615
2018-02-21,0.22065978489268587,0.22033241379185858
2018-02-22,0.2205735032420997,0.22065978489268587
2018-02-23,0.22554569718179598,0.2205735032420997
2018-02-26,0.227066448799711,0.22554569718179598
2018-02-27,0.2291939837705668,0.227066448799711
2018-02-28,0.23079468156571717,0.2291939837705668
2018-03-01,0.23218236459466823,0.23079468156571717
2018-03-02,0.23296432244746518,0.23218236459466823
2018-03-05,0.23531834904794444,0.23296432244746518
2018-03-06,0.23399918543349177,0.23531834904794444
2018-03-07,0.23380558540839896,0.23399918543349177
2018-03-08,0.23446236400421622,0.23380558540839896
2018-03-09,0.24040228330059812,0.23446236400421622
2018-03-12,0.2376799416992126,0.24040228330059812
2018-03-13,0.23764538265143392,0.2376799416992126
2018-03-14,0.23634460106647762,0.23764538265143392
2018-03-15,0.236315274838332,0.23634460106647762
2018-03-16,0.23637753995812735,0.236315274838332
2018-03-19,0.2310120290357083,0.23637753995812735
2018-03-20,0.1931951620820548,0.2310120290357083
2018-03-21,0.18517854808048548,0.1931951620820548
2018-03-22,0.1989722250350083,0.18517854808048548
2018-03-23,0.1759233724727718,0.1989722250350083
2018-03-26,0.18779345864059177,0.1759233724727718
2018-03-27,0.189767747006144,0.18779345864059177
2018-03-28,0.1896877718596713,0.189767747006144
2018-03-29,0.18924151327391628,0.1896877718596713
2018-04-02,0.19443469061920954,0.18924151327391628
2018-04-03,0.1989039894476036,0.19443469061920954
2018-04-04,0.20133381720348942,0.1989039894476036
2018-04-05,0.20247667116951898,0.20133381720348942
2018-04-06,0.21227230095641875,0.20247667116951898
2018-04-09,0.20696117030444344,0.21227230095641875
2018-04-10,0.20963750252543895,0.20696117030444344
2018-04-11,0.2073223636916361,0.20963750252543895
2018-04-12,0.20723634810141223,0.2073223636916361
2018-04-13,0.2030642307953513,0.20723634810141223
2018-04-16,0.20394871039197512,0.2030642307953513
2018-04-17,0.20354379410288073,0.20394871039197512
2018-04-18,0.20340771482642947,0.20354379410288073
2018-04-19,0.20400749355230402,0.20340771482642947
2018-04-20,0.2047314712805328,0.20400749355230402
2018-04-23,0.19748895134453562,0.2047314712805328
2018-04-24,0.20062120152811175,0.19748895134453562
2018-04-25,0.20047516844888397,0.20062120152811175
2018-04-26,0.20291596396050282,0.20047516844888397
2018-04-27,0.2029909653399991,0.20291596396050282
2018-04-30,0.2038430243518322,0.2029909653399991
2018-05-01,0.20054684137061743,0.2038430243518322
2018-05-02,0.20116530617307066,0.20054684137061743
2018-05-03,0.2011787568079345,0.20116530617307066
2018-05-04,0.19122710946103003,0.2011787568079345
2018-05-07,0.17979251544221106,0.19122710946103003
2018-05-08,0.16220968675861622,0.17979251544221106
2018-05-09,0.15570693926701923,0.16220968675861622
2018-05-10,0.156968287617547,0.15570693926701923
2018-05-11,0.1534543204640347,0.156968287617547
2018-05-14,0.13711687123799035,0.1534543204640347
2018-05-15,0.13550116465646644,0.13711687123799035
2018-05-16,0.13290008835727832,0.13550116465646644
2018-05-17,0.13142727802928122,0.13290008835727832
2018-05-18,0.11190311519833546,0.13142727802928122
2018-05-21,0.1128393729393147,0.11190311519833546
2018-05-22,0.10504999296461967,0.1128393729393147
2018-05-23,0.10350739022250953,0.10504999296461967
2018-05-24,0.10172855834916866,0.10350739022250953
2018-05-25,0.1015624099724526,0.10172855834916866
2018-05-29,0.10526290035468697,0.1015624099724526
2018-05-30,0.10775791564644466,0.10526290035468697
2018-05-31,0.10934778637066078,0.10775791564644466
2018-06-01,0.11149541273570114,0.10934778637066078
2018-06-04,0.1086837249275476,0.11149541273570114
2018-06-05,0.10863132734293986,0.1086837249275476
2018-06-06,0.10132868977986387,0.10863132734293986
2018-06-07,0.10145153523468954,0.10132868977986387
2018-06-08,0.09836218247055248,0.10145153523468954
2018-06-11,0.0983508652289921,0.09836218247055248
2018-06-12,0.09442503372036684,0.0983508652289921
2018-06-13,0.09551470639731956,0.09442503372036684
2018-06-14,0.09219904542673449,0.09551470639731956
2018-06-15,0.09187716093692076,0.09219904542673449
2018-06-18,0.08648435625219689,0.09187716093692076
2018-06-19,0.08760525429171574,0.08648435625219689
2018-06-20,0.0875409513722948,0.08760525429171574
2018-06-21,0.08647613388093096,0.0875409513722948
2018-06-22,0.08266233399000575,0.08647613388093096
2018-06-25,0.09188893085461924,0.08266233399000575
2018-06-26,0.09211712061849898,0.09188893085461924
2018-06-27,0.09311748274026696,0.09211712061849898
2018-06-28,0.09381581118840247,0.09311748274026696
2018-06-29,0.09387398443534684,0.09381581118840247
2018-07-02,0.0937361093884724,0.09387398443534684
2018-07-03,0.09172507173179961,0.0937361093884724
2018-07-05,0.09441569181417299,0.09172507173179961
2018-07-06,0.09713426961000256,0.09441569181417299
2018-07-09,0.09992564386751886,0.09713426961000256
2018-07-10,0.09978888238620152,0.09992564386751886
2018-07-11,0.09585020772738344,0.09978888238620152
2018-07-12,0.09189234116669598,0.09585020772738344
2018-07-13,0.08939362757199111,0.09189234116669598
2018-07-16,0.08577705744220278,0.08939362757199111
2018-07-17,0.08552294279371653,0.08577705744220278
2018-07-18,0.08560299243397698,0.08552294279371653
2018-07-19,0.08359968737243506,0.08560299243397698
2018-07-20,0.083714541933773,0.08359968737243506
2018-07-23,0.08348728467984723,0.083714541933773
2018-07-24,0.08452677812627267,0.08348728467984723
2018-07-25,0.08761906877176934,0.08452677812627267
2018-07-26,0.08732554601600552,0.08761906877176934
2018-07-27,0.08985370868732206,0.08732554601600552
2018-07-30,0.09124497289939817,0.08985370868732206
2018-07-31,0.09189113368736183,0.09124497289939817
2018-08-01,0.09119925913669763,0.09189113368736183
2018-08-02,0.09221119644779908,0.09119925913669763
2018-08-03,0.09025020675339505,0.09221119644779908
2018-08-06,0.09053163790938457,0.09025020675339505
2018-08-07,0.07890232766691768,0.09053163790938457
2018-08-08,0.07913590447604191,0.07890232766691768
2018-08-09,0.07391198253724938,0.07913590447604191
2018-08-10,0.07705028116662041,0.07391198253724938
2018-08-13,0.07852619193082666,0.07705028116662041
2018-08-14,0.07985844614320298,0.07852619193082666
2018-08-15,0.0827747227146794,0.07985844614320298
2018-08-16,0.08272785478570929,0.0827747227146794
2018-08-17,0.08024701572545279,0.08272785478570929
2018-08-20,0.07683478241527092,0.08024701572545279
2018-08-21,0.07654181340077847,0.07683478241527092
2018-08-22,0.07264497889324088,0.07654181340077847
2018-08-23,0.06893617029972897,0.07264497889324088
2018-08-24,0.07059167178947527,0.06893617029972897
2018-08-27,0.07314172325455497,0.07059167178947527
2018-08-28,0.07267747615372186,0.07314172325455497
2018-08-29,0.07367594856508232,0.07267747615372186
2018-08-30,0.07384367725568616,0.07367594856508232
2018-08-31,0.07359692416342606,0.07384367725568616
2018-09-04,0.07406768045826262,0.07359692416342606
2018-09-05,0.07391668602746863,0.07406768045826262
2018-09-06,0.07107548849894929,0.07391668602746863
2018-09-07,0.07094047121074139,0.07107548849894929
2018-09-10,0.0675433004867196,0.07094047121074139
2018-09-11,0.06542895130584928,0.0675433004867196
2018-09-12,0.06443280509774432,0.06542895130584928
2018-09-13,0.06552130778363387,0.06443280509774432
2018-09-14,0.06430473796410104,0.06552130778363387
2018-09-17,0.06602265977788804,0.06430473796410104
2018-09-18,0.06690146864926859,0.06602265977788804
2018-09-19,0.06646766100383461,0.06690146864926859
2018-09-20,0.06975243264502398,0.06646766100383461
2018-09-21,0.06963464945526392,0.06975243264502398
2018-09-24,0.06703097538229301,0.06963464945526392
2018-09-25,0.06575681462884272,0.06703097538229301
2018-09-26,0.06490982454266447,0.06575681462884272
2018-09-27,0.060091598614703146,0.06490982454266447
2018-09-28,0.05650402286385551,0.060091598614703146
2018-10-01,0.05648593944369176,0.05650402286385551
2018-10-02,0.056527224006088214,0.05648593944369176
2018-10-03,0.05634920547898728,0.056527224006088214
2018-10-04,0.06155571601799018,0.05634920547898728
2018-10-05,0.06388748679929152,0.06155571601799018
2018-10-08,0.06163296518346991,0.06388748679929152
2018-10-09,0.057312846195701844,0.06163296518346991
2018-10-10,0.10908269557013553,0.057312846195701844
2018-10-11,0.12310822278254738,0.10908269557013553
2018-10-12,0.13128443861400854,0.12310822278254738
2018-10-15,0.1317208770867619,0.13128443861400854
2018-10-16,0.14809959237645387,0.1317208770867619
2018-10-17,0.14803949945928174,0.14809959237645387
2018-10-18,0.1531854273038023,0.14803949945928174
2018-10-19,0.15318312273896223,0.1531854273038023
2018-10-22,0.15321338371787122,0.15318312273896223
2018-10-23,0.15291140170090003,0.15321338371787122
2018-10-24,0.17442361646910887,0.15291140170090003
2018-10-25,0.18272506124157012,0.17442361646910887
2018-10-26,0.18790870742173896,0.18272506124157012
2018-10-29,0.18793741893848157,0.18790870742173896
2018-10-30,0.1933736247903598,0.18793741893848157
2018-10-31,0.1969057536382898,0.1933736247903598
2018-11-01,0.19818652811371076,0.1969057536382898
2018-11-02,0.19843622063587943,0.19818652811371076
2018-11-05,0.19971469531625624,0.19843622063587943
2018-11-06,0.20117419948781495,0.19971469531625624
2018-11-07,0.21188865940084464,0.20117419948781495
2018-11-08,0.2115861744592,0.21188865940084464
2018-11-09,0.21300793976151347,0.2115861744592
2018-11-12,0.2182316753928001,0.21300793976151347
2018-11-13,0.21817732054695702,0.2182316753928001
2018-11-14,0.21839110090384686,0.21817732054695702
2018-11-15,0.22092842180800432,0.21839110090384686
2018-11-16,0.22102600055236715,0.22092842180800432
2018-11-19,0.22539074207731366,0.22102600055236715
2018-11-20,0.23034293792470803,0.22539074207731366
2018-11-21,0.21339393849349408,0.23034293792470803
2018-11-23,0.20490778762949685,0.21339393849349408
2018-11-26,0.20640822310953416,0.20490778762949685
2018-11-27,0.20631352050778495,0.20640822310953416
2018-11-28,0.20740530469793736,0.20631352050778495
2018-11-29,0.20743168202078333,0.20740530469793736
2018-11-30,0.2041219863977626,0.20743168202078333
2018-12-03,0.20768747999618142,0.2041219863977626
2018-12-04,0.2287639523359938,0.20768747999618142
2018-12-06,0.2283837787206834,0.2287639523359938
2018-12-07,0.22086084582661508,0.2283837787206834
2018-12-10,0.21431103666078802,0.22086084582661508
2018-12-11,0.20816953328531468,0.21431103666078802
2018-12-12,0.20804069524723828,0.20816953328531468
2018-12-13,0.20344250728587626,0.20804069524723828
2018-12-14,0.2074264741909474,0.20344250728587626
2018-12-17,0.2110018048529304,0.2074264741909474
2018-12-18,0.21074018376363154,0.2110018048529304
2018-12-19,0.21270355881662578,0.21074018376363154
2018-12-20,0.2144225819186757,0.21270355881662578
2018-12-21,0.20662663486654922,0.2144225819186757
2018-12-24,0.21578153622944565,0.20662663486654922
2018-12-26,0.26792003079823773,0.21578153622944565
2018-12-27,0.26600446118822935,0.26792003079823773
2018-12-28,0.2660302168260702,0.26600446118822935
2018-12-31,0.26785436279022873,0.2660302168260702
2019-01-02,0.26533489420222506,0.26785436279022873
2019-01-03,0.2719227408067908,0.26533489420222506
2019-01-04,0.2885456430190369,0.2719227408067908
2019-01-07,0.28540221943649274,0.2885456430190369
2019-01-08,0.2867279965206408,0.28540221943649274
2019-01-09,0.28660792926291745,0.2867279965206408
2019-01-10,0.28261859961607066,0.28660792926291745
2019-01-11,0.2823607466341938,0.28261859961607066
2019-01-14,0.27351046066630885,0.2823607466341938
2019-01-15,0.27623174117179233,0.27351046066630885
2019-01-16,0.27556139910588245,0.27623174117179233
2019-01-17,0.2734215051959631,0.27556139910588245
2019-01-18,0.26017221934451,0.2734215051959631
2019-01-22,0.2630151932114253,0.26017221934451
2019-01-23,0.25401652352239856,0.2630151932114253
2019-01-24,0.25396695106045875,0.25401652352239856
2019-01-25,0.2551037740393546,0.25396695106045875
2019-01-28,0.25574695616917353,0.2551037740393546
2019-01-29,0.25577372901918677,0.25574695616917353
2019-01-30,0.2534474855668705,0.25577372901918677
2019-01-31,0.24639531554969896,0.2534474855668705
2019-02-01,0.2462628853366157,0.24639531554969896
2019-02-04,0.2411377296212168,0.2462628853366157
2019-02-05,0.2341411065873017,0.2411377296212168
2019-02-06,0.2232004033484699,0.2341411065873017
2019-02-07,0.20749416562803832,0.2232004033484699
2019-02-08,0.15888628404976252,0.20749416562803832
2019-02-11,0.15846566470541493,0.15888628404976252
2019-02-12,0.1604654834267232,0.15846566470541493
2019-02-13,0.15966139502206125,0.1604654834267232
2019-02-14,0.16032052111843795,0.15966139502206125
2019-02-15,0.13938553708722978,0.16032052111843795
2019-02-19,0.10973606707079092,0.13938553708722978
2019-02-20,0.10888756413072005,0.10973606707079092
2019-02-21,0.10878356539075948,0.10888756413072005
2019-02-22,0.10912488877542867,0.10878356539075948
2019-02-25,0.10915106817945758,0.10912488877542867
2019-02-26,0.10938799018031296,0.10915106817945758
2019-02-27,0.10669255786177938,0.10938799018031296
2019-02-28,0.10420480277075396,0.10669255786177938
2019-03-01,0.10483461440370008,0.10420480277075396
2019-03-04,0.10506759797409611,0.10483461440370008
2019-03-05,0.09993418497140366,0.10506759797409611
2019-03-06,0.09210017327426955,0.09993418497140366
2019-03-07,0.0967034180886901,0.09210017327426955
2019-03-08,0.0971870595432727,0.0967034180886901
2019-03-11,0.10236658027879371,0.0971870595432727
2019-03-12,0.09874962098406738,0.10236658027879371
2019-03-13,0.09914757925690311,0.09874962098406738
2019-03-14,0.09075348714023264,0.09914757925690311
2019-03-15,0.08881513379014094,0.09075348714023264
2019-03-18,0.08896085342116225,0.08881513379014094
2019-03-19,0.08755280490701027,0.08896085342116225
2019-03-20,0.08805003373289776,0.08755280490701027
2019-03-21,0.0923837103891237,0.08805003373289776
2019-03-22,0.10612190052841612,0.0923837103891237
2019-03-25,0.10628091389786035,0.10612190052841612
2019-03-26,0.10778140750221019,0.10628091389786035
2019-03-27,0.10385668189839246,0.10778140750221019
2019-03-28,0.10397850588891745,0.10385668189839246
2019-03-29,0.10472802693653423,0.10397850588891745
2019-04-01,0.10552823389062296,0.10472802693653423
2019-04-02,0.10553006851189325,0.10552823389062296
2019-04-03,0.10550486518437949,0.10553006851189325
2019-04-04,0.10465629246310414,0.10550486518437949
2019-04-05,0.1041803022633475,0.10465629246310414
2019-04-08,0.10418940537330369,0.1041803022633475
2019-04-09,0.10568604795897445,0.10418940537330369
2019-04-10,0.10579216883285414,0.10568604795897445
2019-04-11,0.1054903733632231,0.10579216883285414
2019-04-12,0.10571267301339561,0.1054903733632231
2019-04-15,0.10485319491452745,0.10571267301339561
2019-04-16,0.10455685155466315,0.10485319491452745
2019-04-17,0.1028024958548256,0.10455685155466315
2019-04-18,0.09835778280183338,0.1028024958548256
2019-04-22,0.09771399848971042,0.09835778280183338
2019-04-23,0.09287127025529456,0.09771399848971042
2019-04-24,0.09340783022037605,0.09287127025529456
2019-04-25,0.09241030435660855,0.09340783022037605
2019-04-26,0.09266978987489177,0.09241030435660855
2019-04-29,0.09212111075204016,0.09266978987489177
2019-04-30,0.09192722027264454,0.09212111075204016
2019-05-01,0.0954480000924982,0.09192722027264454
2019-05-02,0.09516048638338998,0.0954480000924982
2019-05-03,0.09387318453628704,0.09516048638338998
2019-05-06,0.07297351343504964,0.09387318453628704
2019-05-07,0.0902883990235212,0.07297351343504964
2019-05-08,0.08847154420843334,0.0902883990235212
2019-05-09,0.0873949759194957,0.08847154420843334
2019-05-10,0.0878272500881524,0.0873949759194957
2019-05-13,0.11482682114200406,0.0878272500881524
2019-05-14,0.11256254131370377,0.11482682114200406
2019-05-15,0.11394219292285203,0.11256254131370377
2019-05-16,0.11703431876521256,0.11394219292285203
2019-05-17,0.11832592707555313,0.11703431876521256
2019-05-20,0.11879302332075649,0.11832592707555313
2019-05-21,0.1219176994749428,0.11879302332075649
2019-05-22,0.12134654025023978,0.1219176994749428
2019-05-23,0.1257493834110993,0.12134654025023978
2019-05-24,0.126042660592558,0.1257493834110993
2019-05-28,0.1264835234569181,0.126042660592558
2019-05-29,0.1274912827591582,0.1264835234569181
2019-05-30,0.1279184898152471,0.1274912827591582
2019-05-31,0.13275065730906935,0.1279184898152471
2019-06-03,0.1323185661427332,0.13275065730906935
2019-06-04,0.1484575815232908,0.1323185661427332
2019-06-05,0.14826773902877713,0.1484575815232908
2019-06-06,0.14985737790556392,0.14826773902877713
2019-06-07,0.15310422426300757,0.14985737790556392
2019-06-10,0.15308483437625023,0.15310422426300757
2019-06-11,0.15296149786728114,0.15308483437625023
2019-06-12,0.15296433435242568,0.15296149786728114
2019-06-13,0.15212494176549615,0.15296433435242568
2019-06-14,0.15204080772892112,0.15212494176549615
2019-06-17,0.14910398076548168,0.15204080772892112
2019-06-18,0.15198786623614335,0.14910398076548168
2019-06-19,0.14349302700651798,0.15198786623614335
2019-06-20,0.14564784734282463,0.14349302700651798
2019-06-21,0.14534466279646907,0.14564784734282463
2019-06-24,0.144974322829522,0.14534466279646907
2019-06-25,0.12627935815956648,0.144974322829522
2019-06-26,0.12430050051876898,0.12627935815956648
2019-06-27,0.12369660499589827,0.12430050051876898
2019-06-28,0.12186382253626668,0.12369660499589827
2019-07-01,0.12213678613247057,0.12186382253626668
2019-07-02,0.11984297255798247,0.12213678613247057
2019-07-03,0.11933645968630621,0.11984297255798247
2019-07-05,0.1188132127434963,0.11933645968630621
2019-07-08,0.11341061991246035,0.1188132127434963
2019-07-09,0.11341684179176333,0.11341061991246035
2019-07-10,0.10862087100909251,0.11341684179176333
2019-07-11,0.10520119343046465,0.10862087100909251
2019-07-12,0.10534142739623581,0.10520119343046465
2019-07-15,0.09382094169023968,0.10534142739623581
2019-07-16,0.09419991876670536,0.09382094169023968
2019-07-17,0.08098919652306115,0.09419991876670536
2019-07-18,0.07878545411158273,0.08098919652306115
2019-07-19,0.08052707069455604,0.07878545411158273
2019-07-22,0.07658291320371574,0.08052707069455604
2019-07-23,0.07786631424021692,0.07658291320371574
2019-07-24,0.07826547160611311,0.07786631424021692
2019-07-25,0.07986112855781766,0.07826547160611311
2019-07-26,0.08093399636404967,0.07986112855781766
2019-07-29,0.08116590616692693,0.08093399636404967
2019-07-30,0.08193113321550247,0.08116590616692693
2019-07-31,0.08500716720184873,0.08193113321550247
2019-08-01,0.08917005036378826,0.08500716720184873
2019-08-02,0.08766626244123704,0.08917005036378826
2019-08-05,0.12417826983845504,0.08766626244123704
2019-08-06,0.13166255335209553,0.12417826983845504
2019-08-07,0.12877824464609858,0.13166255335209553
2019-08-08,0.1408868847654878,0.12877824464609858
2019-08-09,0.1420557991029708,0.1408868847654878
2019-08-12,0.1455032026757394,0.1420557991029708
2019-08-13,0.1502727864500282,0.1455032026757394
2019-08-14,0.17275170983027324,0.1502727864500282
2019-08-15,0.17091278648968153,0.17275170983027324
2019-08-16,0.17730106426742648,0.17091278648968153
2019-08-19,0.1807234691526184,0.17730106426742648
2019-08-20,0.1818229779991421,0.1807234691526184
2019-08-21,0.18296503054984012,0.1818229779991421
2019-08-22,0.18274398242404846,0.18296503054984012
2019-08-23,0.19601664274976116,0.18274398242404846
2019-08-26,0.19943220162679,0.19601664274976116
2019-08-27,0.19949710938073734,0.19943220162679
2019-08-28,0.20029822144926618,0.19949710938073734
2019-08-29,0.20380749342041768,0.20029822144926618
2019-08-30,0.20328475215983977,0.20380749342041768
2019-09-03,0.20365173110895854,0.20328475215983977
2019-09-04,0.2054106781554439,0.20365173110895854
2019-09-05,0.20855668371443978,0.2054106781554439
2019-09-06,0.20816289851292097,0.20855668371443978
2019-09-09,0.20715245300194968,0.20816289851292097
2019-09-10,0.2071103229836054,0.20715245300194968
2019-09-11,0.2081192468739692,0.2071103229836054
2019-09-12,0.2057144275662284,0.2081192468739692
2019-09-13,0.20390749835164634,0.2057144275662284
2019-09-16,0.202743849718775,0.20390749835164634
2019-09-17,0.17959602367863567,0.202743849718775
2019-09-18,0.17599164325751487,0.17959602367863567
2019-09-19,0.1760316170079874,0.17599164325751487
2019-09-20,0.16839077523391854,0.1760316170079874
2019-09-23,0.16691177560517967,0.16839077523391854
2019-09-24,0.16438176882529318,0.16691177560517967
2019-09-25,0.1593761141440885,0.16438176882529318
2019-09-26,0.1305072456484482,0.1593761141440885
2019-09-27,0.13205315083341282,0.1305072456484482
2019-09-30,0.12638284159524782,0.13205315083341282
2019-10-01,0.12745084179148813,0.12638284159524782
2019-10-02,0.1360339036599049,0.12745084179148813
2019-10-03,0.13606333275255947,0.1360339036599049
2019-10-04,0.14158545319134716,0.13606333275255947
2019-10-07,0.11850970225667229,0.14158545319134716
2019-10-08,0.12420142531796885,0.11850970225667229
2019-10-09,0.12635689190755023,0.12420142531796885
2019-10-10,0.12623867865202668,0.12635689190755023
2019-10-11,0.12444288524211415,0.12623867865202668
2019-10-14,0.12450560549304533,0.12444288524211415
2019-10-15,0.12579492703078457,0.12450560549304533
2019-10-16,0.12219815063570824,0.12579492703078457
2019-10-17,0.11692710307848694,0.12219815063570824
2019-10-18,0.11770571437739304,0.11692710307848694
2019-10-21,0.1192563387293634,0.11770571437739304
2019-10-22,0.11971051599875386,0.1192563387293634
2019-10-23,0.11824042437515887,0.11971051599875386
2019-10-24,0.11790970501981124,0.11824042437515887
2019-10-25,0.11846163435937612,0.11790970501981124
2019-10-28,0.11904087491125462,0.11846163435937612
2019-10-29,0.11890412139638071,0.11904087491125462
2019-10-30,0.11915306083502528,0.11890412139638071
2019-10-31,0.11949616888250518,0.11915306083502528
2019-11-01,0.12111738342387578,0.11949616888250518
2019-11-04,0.12140623040013226,0.12111738342387578
2019-11-05,0.11865480870732302,0.12140623040013226
2019-11-06,0.11785377032704589,0.11865480870732302
2019-11-07,0.11767793153887071,0.11785377032704589
2019-11-08,0.11602151772289897,0.11767793153887071
2019-11-11,0.11603489561192284,0.11602151772289897
2019-11-12,0.10903672265700617,0.11603489561192284
2019-11-13,0.09210920725752604,0.10903672265700617
2019-11-14,0.09046986294754263,0.09210920725752604
2019-11-15,0.08535556431952115,0.09046986294754263
2019-11-18,0.08337638761947679,0.08535556431952115
2019-11-19,0.06480349910476078,0.08337638761947679
2019-11-20,0.06394446913085242,0.06480349910476078
2019-11-21,0.06332346002574368,0.06394446913085242
2019-11-22,0.058086759351567124,0.06332346002574368
2019-11-25,0.06009224962834884,0.058086759351567124
2019-11-26,0.055199181218561225,0.06009224962834884
2019-11-27,0.05487953874711619,0.055199181218561225
2019-11-29,0.05708172233200771,0.05487953874711619
2019-12-02,0.06193718031153133,0.05708172233200771
2019-12-03,0.0642709990652589,0.06193718031153133
2019-12-04,0.06457199988253308,0.0642709990652589
2019-12-05,0.06442116428910839,0.06457199988253308
2019-12-06,0.06824765246598845,0.06442116428910839
2019-12-09,0.0691467081353623,0.06824765246598845
2019-12-10,0.0682654897832473,0.0691467081353623
2019-12-11,0.06830973506345145,0.0682654897832473
2019-12-12,0.07141292482654268,0.06830973506345145
2019-12-13,0.07041949890837071,0.07141292482654268
2019-12-16,0.06846727549044185,0.07041949890837071
2019-12-17,0.0681037488102247,0.06846727549044185
2019-12-18,0.06782871296095698,0.0681037488102247
2019-12-19,0.06820311706191928,0.06782871296095698
2019-12-20,0.06847370191536788,0.06820311706191928
2019-12-23,0.0684123171956339,0.06847370191536788
2019-12-24,0.0678087401941087,0.0684123171956339
2019-12-26,0.068676244848984,0.0678087401941087
2019-12-27,0.06879091700849987,0.068676244848984
2019-12-30,0.07184210215950586,0.06879091700849987
2019-12-31,0.06977827602199817,0.07184210215950586
2020-01-02,0.07357824568589812,0.06977827602199817
2020-01-03,0.07804701622563999,0.07357824568589812
2020-01-06,0.07690654391666953,0.07804701622563999
2020-01-07,0.07741036503144968,0.07690654391666953
2020-01-08,0.07818485688969876,0.07741036503144968
2020-01-09,0.07757520466932338,0.07818485688969876
2020-01-10,0.07858900677734462,0.07757520466932338
2020-01-13,0.07970782700771784,0.07858900677734462
2020-01-14,0.07871954001765664,0.07970782700771784
2020-01-15,0.07272073220049993,0.07871954001765664
2020-01-16,0.07023657048374614,0.07272073220049993
2020-01-17,0.06936826685733383,0.07023657048374614
2020-01-21,0.07044531701904176,0.06936826685733383
2020-01-22,0.06751311021476109,0.07044531701904176
2020-01-23,0.06586999405604368,0.06751311021476109
2020-01-24,0.07263749389851497,0.06586999405604368
2020-01-27,0.08914710878948284,0.07263749389851497
2020-01-28,0.09063644722908618,0.08914710878948284
2020-01-29,0.09080903539301342,0.09063644722908618
2020-01-30,0.089425911596022,0.09080903539301342
2020-01-31,0.10554256375936098,0.089425911596022
2020-02-03,0.10747146176782095,0.10554256375936098
2020-02-04,0.11504919080965714,0.10747146176782095
2020-02-05,0.1186483145572499,0.11504919080965714
2020-02-06,0.11880586793251496,0.1186483145572499
2020-02-07,0.1203156130616164,0.11880586793251496
2020-02-10,0.12111499901393953,0.1203156130616164
2020-02-11,0.12104659961071007,0.12111499901393953
2020-02-12,0.12017827286452706,0.12104659961071007
2020-02-13,0.12040972181546497,0.12017827286452706
2020-02-14,0.11813832666631614,0.12040972181546497
2020-02-18,0.11572982201292531,0.11813832666631614
2020-02-19,0.11593372551424878,0.11572982201292531
2020-02-20,0.11641297356453795,0.11593372551424878
2020-02-21,0.12065593691151603,0.11641297356453795
2020-02-24,0.1556122309220136,0.12065593691151603
2020-02-25,0.17870357940098305,0.1556122309220136
2020-02-26,0.17709528415539266,0.17870357940098305
2020-02-27,0.21862119846055453,0.17709528415539266
2020-02-28,0.21802206595715878,0.21862119846055453
2020-03-02,0.25345876151974067,0.21802206595715878
2020-03-03,0.26442380827668854,0.25345876151974067
2020-03-04,0.29425769437514127,0.26442380827668854
2020-03-05,0.30831764080173923,0.29425769437514127
2020-03-06,0.31053141286262526,0.30831764080173923
2020-03-09,0.3835383568327072,0.31053141286262526
2020-03-10,0.41552900277075416,0.3835383568327072
2020-03-11,0.43399417544450586,0.41552900277075416
2020-03-12,0.5130580891431794,0.43399417544450586
2020-03-13,0.5765040185118313,0.5130580891431794
2020-03-16,0.657491879591112,0.5765040185118313
2020-03-17,0.6803998766548905,0.657491879591112
2020-03-18,0.6880802125987863,0.6803998766548905
2020-03-19,0.6860112082881789,0.6880802125987863
2020-03-20,0.6912300436583066,0.6860112082881789
2020-03-23,0.6919705857552962,0.6912300436583066
2020-03-24,0.7482891034899358,0.6919705857552962
2020-03-25,0.7511088160055044,0.7482891034899358
2020-03-26,0.7744790014260908,0.7511088160055044
2020-03-27,0.7767103289760288,0.7744790014260908
2020-03-30,0.7853523476551207,0.7767103289760288
2020-03-31,0.7853925343338826,0.7853523476551207
2020-04-01,0.7915970022993151,0.7853925343338826
2020-04-02,0.7972843090669246,0.7915970022993151
2020-04-03,0.7974161446620427,0.7972843090669246
2020-04-06,0.8224630597767413,0.7974161446620427
2020-04-07,0.8194190478986283,0.8224630597767413
2020-04-08,0.8269178285206773,0.8194190478986283
2020-04-09,0.8189457509251413,0.8269178285206773
2020-04-13,0.8191861573819208,0.8189457509251413
2020-04-14,0.8137728958237646,0.8191861573819208
2020-04-15,0.8119319409127256,0.8137728958237646
2020-04-16,0.801751116482013,0.8119319409127256
2020-04-17,0.8011140261921571,0.801751116482013
2020-04-20,0.8013012926004093,0.8011140261921571
2020-04-21,0.7704448257135235,0.8013012926004093
2020-04-22,0.758580844729833,0.7704448257135235
2020-04-23,0.7441771140749998,0.758580844729833
2020-04-24,0.6799017017015482,0.7441771140749998
2020-04-27,0.6400287823813168,0.6799017017015482
2020-04-28,0.5338986438705652,0.6400287823813168
2020-04-29,0.5190548111696638,0.5338986438705652
2020-04-30,0.4923283940067235,0.5190548111696638
2020-05-01,0.5016580416116994,0.4923283940067235
2020-05-04,0.4792500720248308,0.5016580416116994
2020-05-05,0.4688985875074745,0.4792500720248308
2020-05-06,0.40730623569280117,0.4688985875074745
2020-05-07,0.4068005978545825,0.40730623569280117
2020-05-08,0.37809261930864024,0.4068005978545825
2020-05-11,0.3643463121326265,0.37809261930864024
2020-05-12,0.3618518043440118,0.3643463121326265
2020-05-13,0.3631683812205864,0.3618518043440118
2020-05-14,0.33279293441641233,0.3631683812205864
2020-05-15,0.3284227792183548,0.33279293441641233
2020-05-18,0.3315981845909644,0.3284227792183548
2020-05-19,0.28294625386838235,0.3315981845909644
2020-05-20,0.28556862365065394,0.28294625386838235
2020-05-21,0.2732262617739241,0.28556862365065394
2020-05-22,0.27057779668008114,0.2732262617739241
2020-05-26,0.2700101844392979,0.27057779668008114
2020-05-27,0.26091310055102795,0.2700101844392979
2020-05-28,0.2514372355943855,0.26091310055102795
2020-05-29,0.2514151817480623,0.2514372355943855
2020-06-01,0.24116730266581696,0.2514151817480623
2020-06-02,0.23419598881891085,0.24116730266581696
2020-06-03,0.21271707828599865,0.23419598881891085
2020-06-04,0.2070118585213044,0.21271707828599865
2020-06-05,0.215926245671749,0.2070118585213044
2020-06-08,0.21530271895432798,0.215926245671749
2020-06-09,0.2158757311109034,0.21530271895432798
2020-06-10,0.21622455010766747,0.2158757311109034
2020-06-11,0.2737176053769565,0.21622455010766747
2020-06-12,0.27377839364609974,0.2737176053769565
2020-06-15,0.26096972214241426,0.27377839364609974
2020-06-16,0.2652224050792135,0.26096972214241426
2020-06-17,0.2654618904639191,0.2652224050792135
2020-06-18,0.26400639337076226,0.2654618904639191
2020-06-19,0.2638046014271365,0.26400639337076226
2020-06-22,0.2607920738675384,0.2638046014271365
2020-06-23,0.26081680486275594,0.2607920738675384
2020-06-24,0.26556368604923153,0.26081680486275594
2020-06-25,0.25973627477523437,0.26556368604923153
2020-06-26,0.2698019687101856,0.25973627477523437
2020-06-29,0.2722258062546207,0.2698019687101856
2020-06-30,0.26127609697330717,0.2722258062546207
2020-07-01,0.2592056639521733,0.26127609697330717
2020-07-02,0.2556959932310414,0.2592056639521733
2020-07-06,0.2572065134432787,0.2556959932310414
2020-07-07,0.2599242057928848,0.2572065134432787
2020-07-08,0.2587064725431242,0.2599242057928848
2020-07-09,0.2567237384726694,0.2587064725431242
2020-07-10,0.2577938572898189,0.2567237384726694
2020-07-13,0.25939425549832756,0.2577938572898189
2020-07-14,0.26146781672103747,0.25939425549832756
2020-07-15,0.26168001812917624,0.26146781672103747
2020-07-16,0.25967987991808505,0.26168001812917624
2020-07-17,0.2594925565178941,0.25967987991808505
2020-07-20,0.25023863009126723,0.2594925565178941
2020-07-21,0.24797100976752864,0.25023863009126723
2020-07-22,0.24729860313932175,0.24797100976752864
2020-07-23,0.24942033603681105,0.24729860313932175
2020-07-24,0.17496370186894553,0.24942033603681105
2020-07-27,0.173264223149273,0.17496370186894553
2020-07-28,0.17361018790607122,0.173264223149273
2020-07-29,0.1687083050836374,0.17361018790607122
2020-07-30,0.16854781552583847,0.1687083050836374
2020-07-31,0.16953556993504068,0.16854781552583847
2020-08-03,0.1686908433600327,0.16953556993504068
2020-08-04,0.16829016350199982,0.1686908433600327
2020-08-05,0.16856592904583187,0.16829016350199982
2020-08-06,0.14669420456027693,0.16856592904583187
2020-08-07,0.1450970647870846,0.14669420456027693
2020-08-10,0.1207041358740859,0.1450970647870846
2020-08-11,0.12102863999466458,0.1207041358740859
2020-08-12,0.12185279043825681,0.12102863999466458
2020-08-13,0.12202331090283539,0.12185279043825681
2020-08-14,0.12196854890673606,0.12202331090283539
2020-08-17,0.11582575792809466,0.12196854890673606
2020-08-18,0.10960961161268326,0.11582575792809466
2020-08-19,0.11018874865662127,0.10960961161268326
2020-08-20,0.10765921853161117,0.11018874865662127
2020-08-21,0.10521841179171149,0.10765921853161117
2020-08-24,0.10232164383076989,0.10521841179171149
2020-08-25,0.09784668350981163,0.10232164383076989
2020-08-26,0.0983626288066512,0.09784668350981163
2020-08-27,0.09679481689793346,0.0983626288066512
2020-08-28,0.09738545496012671,0.09679481689793346
2020-08-31,0.09786260196617223,0.09738545496012671
2020-09-01,0.09987276168071411,0.09786260196617223
2020-09-02,0.10514198634517917,0.09987276168071411
2020-09-03,0.14665905885646854,0.10514198634517917
2020-09-04,0.14763751984091059,0.14665905885646854
2020-09-08,0.17022906647323616,0.14763751984091059
2020-09-09,0.17691079199968204,0.17022906647323616
2020-09-10,0.18270161406383117,0.17691079199968204
2020-09-11,0.18221778363367816,0.18270161406383117
2020-09-14,0.18453242053572194,0.18221778363367816
2020-09-15,0.18410339320223115,0.18453242053572194
2020-09-16,0.18449645313164617,0.18410339320223115
2020-09-17,0.1858671050880144,0.18449645313164617
2020-09-18,0.18800979391338912,0.1858671050880144
2020-09-21,0.19063512832304522,0.18800979391338912
2020-09-22,0.19292578428682686,0.19063512832304522
2020-09-23,0.20306821153424678,0.19292578428682686
2020-09-24,0.19854730070254323,0.20306821153424678
2020-09-25,0.20476871287021312,0.19854730070254323
2020-09-28,0.21072195257644685,0.20476871287021312
2020-09-29,0.21103160643067284,0.21072195257644685
2020-09-30,0.2121801557904733,0.21103160643067284
2020-10-01,0.21268845780473714,0.2121801557904733
2020-10-02,0.2142942419772353,0.21268845780473714
2020-10-05,0.2202628335569967,0.2142942419772353
2020-10-06,0.22205727094558023,0.2202628335569967
2020-10-07,0.22779914639654492,0.22205727094558023
2020-10-08,0.22737610919970422,0.22779914639654492
2020-10-09,0.22882166836174025,0.22737610919970422
2020-10-12,0.23278219050007207,0.22882166836174025
2020-10-13,0.2333639817592542,0.23278219050007207
2020-10-14,0.2324363654256962,0.2333639817592542
2020-10-15,0.22823921753051832,0.2324363654256962
2020-10-16,0.20394389051084483,0.22823921753051832
2020-10-19,0.2075403171888794,0.20394389051084483
2020-10-20,0.1902851212127748,0.2075403171888794
2020-10-21,0.18222717563475194,0.1902851212127748
2020-10-22,0.1745845310826358,0.18222717563475194
2020-10-23,0.17468695846220617,0.1745845310826358
2020-10-26,0.18018506520768662,0.17468695846220617
2020-10-27,0.17989405701249203,0.18018506520768662
2020-10-28,0.2059800017843628,0.17989405701249203
2020-10-29,0.20710261795805898,0.2059800017843628
2020-10-30,0.20661318281286076,0.20710261795805898
2020-11-02,0.20663363741084645,0.20661318281286076
2020-11-03,0.2107354286518238,0.20663363741084645
2020-11-04,0.2069182349699692,0.2107354286518238
2020-11-05,0.21286050874904267,0.2069182349699692
2020-11-06,0.20915723420525095,0.21286050874904267
2020-11-09,0.20708674611139466,0.20915723420525095
2020-11-10,0.2061625595147463,0.20708674611139466
2020-11-11,0.2061280357458627,0.2061625595147463
2020-11-12,0.20850062501337127,0.2061280357458627
2020-11-13,0.20865063176425128,0.20850062501337127
2020-11-16,0.20588836147959433,0.20865063176425128
2020-11-17,0.20125197826277477,0.20588836147959433
2020-11-18,0.200489048745172,0.20125197826277477
2020-11-19,0.19946383500936166,0.200489048745172
2020-11-20,0.19950363013459796,0.19946383500936166
2020-11-23,0.1949606509806686,0.19950363013459796
2020-11-24,0.19881036778623992,0.1949606509806686
2020-11-25,0.19772012934008842,0.19881036778623992
2020-11-27,0.19760054531953297,0.19772012934008842
2020-11-30,0.19826905218895377,0.19760054531953297
2020-12-01,0.19356779126693419,0.19826905218895377
2020-12-02,0.19349801775005313,0.19356779126693419
2020-12-03,0.19325680578763746,0.19349801775005313
2020-12-04,0.193916003868423,0.19325680578763746
2020-12-07,0.19430595799747613,0.193916003868423
2020-12-08,0.18399859605001356,0.19430595799747613
2020-12-09,0.18635337729379214,0.18399859605001356
2020-12-10,0.1491768645251701,0.18635337729379214
2020-12-11,0.14864958786250282,0.1491768645251701
2020-12-14,0.1447219890860093,0.14864958786250282
2020-12-15,0.14589186396846482,0.1447219890860093
2020-12-16,0.14003817908744365,0.14589186396846482
2020-12-17,0.12838584526016097,0.14003817908744365
2020-12-18,0.11960950449922164,0.12838584526016097
2020-12-21,0.12051886822874115,0.11960950449922164
2020-12-22,0.11651694258301008,0.12051886822874115
2020-12-23,0.11622768755136519,0.11651694258301008
2020-12-24,0.1150887381236883,0.11622768755136519
2020-12-28,0.11204072739298541,0.1150887381236883
2020-12-29,0.10669578995300356,0.11204072739298541
2020-12-30,0.10143714059946711,0.10669578995300356
2020-12-31,0.10023502585111435,0.10143714059946711
2021-01-04,0.10218909644506677,0.10023502585111435
2021-01-05,0.10313476847695019,0.10218909644506677
2021-01-06,0.10089426643957143,0.10313476847695019
2021-01-07,0.10705781196629963,0.10089426643957143
2021-01-08,0.09933231529844183,0.10705781196629963
2021-01-11,0.10195743004191156,0.09933231529844183
2021-01-12,0.10196716601978893,0.10195743004191156
2021-01-13,0.1004432162767446,0.10196716601978893
2021-01-14,0.09768025810352483,0.1004432162767446
2021-01-15,0.10073963298860547,0.09768025810352483
2021-01-19,0.10260564280252045,0.10073963298860547
2021-01-20,0.10683181237003704,0.10260564280252045
2021-01-21,0.10634627602661825,0.10683181237003704
2021-01-22,0.10723411252101527,0.10634627602661825
2021-01-25,0.10293145917961748,0.10723411252101527
2021-01-26,0.10320458447182951,0.10293145917961748
2021-01-27,0.1283656134450898,0.10320458447182951
2021-01-28,0.12920117585578036,0.1283656134450898
2021-01-29,0.13826018235813262,0.12920117585578036
2021-02-01,0.14611615258428717,0.13826018235813262
2021-02-02,0.1505715263883088,0.14611615258428717
2021-02-03,0.14983698880859872,0.1505715263883088
2021-02-04,0.15196856200644748,0.14983698880859872
2021-02-05,0.15177773007007825,0.15196856200644748
2021-02-08,0.15254533177165244,0.15177773007007825
2021-02-09,0.15263185605653065,0.15254533177165244
2021-02-10,0.15142794205905913,0.15263185605653065
2021-02-11,0.1510689034867357,0.15142794205905913
2021-02-12,0.15135751561003047,0.1510689034867357
2021-02-16,0.15122154990674058,0.15135751561003047
2021-02-17,0.14419120039378786,0.15122154990674058
2021-02-18,0.1445816275419047,0.14419120039378786
2021-02-19,0.144335840446362,0.1445816275419047
2021-02-22,0.14098417479588804,0.144335840446362
2021-02-23,0.14020215563901198,0.14098417479588804
2021-02-24,0.1415808020448739,0.14020215563901198
2021-02-25,0.15975887703672437,0.1415808020448739
2021-02-26,0.16036416297361294,0.15975887703672437
2021-03-01,0.17421920550393957,0.16036416297361294
2021-03-02,0.17443812218687418,0.17421920550393957
2021-03-03,0.17793582006762884,0.17443812218687418
2021-03-04,0.17685861872167785,0.17793582006762884
2021-03-05,0.18510082967719446,0.17685861872167785
2021-03-08,0.1853849587479346,0.18510082967719446
2021-03-09,0.1896495164201245,0.1853849587479346
2021-03-10,0.19034292924913232,0.1896495164201245
2021-03-11,0.17646728571496706,0.19034292924913232
2021-03-12,0.17524939591191588,0.17646728571496706
2021-03-15,0.1631619400683514,0.17524939591191588
2021-03-16,0.1577463295459479,0.1631619400683514
2021-03-17,0.1534688699679538,0.1577463295459479
2021-03-18,0.1603306721876424,0.1534688699679538
2021-03-19,0.1573705132667855,0.1603306721876424
2021-03-22,0.158584258601819,0.1573705132667855
2021-03-23,0.1591022944559655,0.158584258601819
2021-03-24,0.15978562263545013,0.1591022944559655
2021-03-25,0.16064189192339756,0.15978562263545013
2021-03-26,0.16710765568722336,0.16064189192339756
2021-03-29,0.16661360940907236,0.16710765568722336
2021-03-30,0.166810116639098,0.16661360940907236
2021-03-31,0.16715935008357427,0.166810116639098
2021-04-01,0.16913374209407825,0.16715935008357427
2021-04-05,0.17322599077122597,0.16913374209407825
2021-04-06,0.17115645945616115,0.17322599077122597
2021-04-07,0.1711579825094802,0.17115645945616115
2021-04-08,0.16917512482154246,0.1711579825094802
2021-04-09,0.15096233914804233,0.16917512482154246
2021-04-12,0.1493454075963479,0.15096233914804233
2021-04-13,0.13516102369834104,0.1493454075963479
2021-04-14,0.1329457213814544,0.13516102369834104
2021-04-15,0.12664912553665972,0.1329457213814544
2021-04-16,0.11788280006493594,0.12664912553665972
2021-04-19,0.11171244157953884,0.11788280006493594
2021-04-20,0.11332833806358518,0.11171244157953884
2021-04-21,0.10991667188428103,0.11332833806358518
2021-04-22,0.11437053291142493,0.10991667188428103
2021-04-23,0.1148153503687852,0.11437053291142493
2021-04-26,0.11479767070738933,0.1148153503687852
2021-04-27,0.11436587884108831,0.11479767070738933
2021-04-28,0.1141709610095895,0.11436587884108831
2021-04-29,0.11483301697629346,0.1141709610095895
2021-04-30,0.10678359582923125,0.11483301697629346
2021-05-03,0.10607918033331917,0.10678359582923125
2021-05-04,0.10752144991830813,0.10607918033331917
2021-05-05,0.10357747298501671,0.10752144991830813
2021-05-06,0.10251786506461032,0.10357747298501671
2021-05-07,0.10304451541082414,0.10251786506461032
2021-05-10,0.10131070559824362,0.10304451541082414
2021-05-11,0.10584808983533808,0.10131070559824362
2021-05-12,0.12467247715306602,0.10584808983533808
2021-05-13,0.12845189799805273,0.12467247715306602
2021-05-14,0.1319818454338996,0.12845189799805273
2021-05-17,0.1265285622627134,0.1319818454338996
2021-05-18,0.1293922770014629,0.1265285622627134
2021-05-19,0.12968292101942722,0.1293922770014629
2021-05-20,0.13255687475826308,0.12968292101942722
2021-05-21,0.13106877361412114,0.13255687475826308
2021-05-24,0.13415226920366302,0.13106877361412114
2021-05-25,0.13420215556693307,0.13415226920366302
2021-05-26,0.13376723674227872,0.13420215556693307
2021-05-27,0.13031509634179314,0.13376723674227872
2021-05-28,0.13007570798385093,0.13031509634179314
2021-06-01,0.12921050264979217,0.13007570798385093
2021-06-02,0.12715867432201095,0.12921050264979217
2021-06-03,0.12497183490612247,0.12715867432201095
2021-06-04,0.12426345078691521,0.12497183490612247
2021-06-07,0.12069600802227384,0.12426345078691521
2021-06-08,0.12059521595466213,0.12069600802227384
2021-06-09,0.12070594390585075,0.12059521595466213
2021-06-10,0.12133003412146547,0.12070594390585075
2021-06-11,0.12011569238391569,0.12133003412146547
2021-06-14,0.11840410160940018,0.12011569238391569
2021-06-15,0.11852240789332105,0.11840410160940018
2021-06-16,0.11824546044684191,0.11852240789332105
2021-06-17,0.1182698701132185,0.11824546044684191
2021-06-18,0.12284913606544053,0.1182698701132185
2021-06-21,0.12807654198059076,0.12284913606544053
2021-06-22,0.12537942827997378,0.12807654198059076
2021-06-23,0.12225742811723261,0.12537942827997378
2021-06-24,0.10322441921490086,0.12225742811723261
2021-06-25,0.0987503238961557,0.10322441921490086
2021-06-28,0.08967929704408421,0.0987503238961557
2021-06-29,0.08907166410139226,0.08967929704408421
2021-06-30,0.08418015516673721,0.08907166410139226
2021-07-01,0.08411612461613499,0.08418015516673721
2021-07-02,0.08167414211323117,0.08411612461613499
2021-07-06,0.08197925651821088,0.08167414211323117
2021-07-07,0.0780850750745692,0.08197925651821088
2021-07-08,0.08222390044541443,0.0780850750745692
2021-07-09,0.08671232335381533,0.08222390044541443
2021-07-12,0.08689767316057284,0.08671232335381533
2021-07-13,0.08804546237490304,0.08689767316057284
2021-07-14,0.08779802787700469,0.08804546237490304
2021-07-15,0.08889869542254095,0.08779802787700469
2021-07-16,0.09168299947764441,0.08889869542254095
2021-07-19,0.09949229980983058,0.09168299947764441
2021-07-20,0.10726075919911125,0.09949229980983058
2021-07-21,0.10928052982188652,0.10726075919911125
2021-07-22,0.10904544056773846,0.10928052982188652
2021-07-23,0.11175957301219874,0.10904544056773846
2021-07-26,0.1118011815501945,0.11175957301219874
2021-07-27,0.11308891140035374,0.1118011815501945
2021-07-28,0.11283478220462961,0.11308891140035374
2021-07-29,0.11124158344820304,0.11283478220462961
2021-07-30,0.11267325277843267,0.11124158344820304
2021-08-02,0.10399521668612788,0.11267325277843267
2021-08-03,0.09903193387193142,0.10399521668612788
2021-08-04,0.10010506516411471,0.09903193387193142
2021-08-05,0.10088563389044426,0.10010506516411471
2021-08-06,0.10001569879023474,0.10088563389044426
2021-08-09,0.09997701839976883,0.10001569879023474
2021-08-10,0.09994686779688622,0.09997701839976883
2021-08-11,0.09999957349141209,0.09994686779688622
2021-08-12,0.10012118391764101,0.09999957349141209
2021-08-13,0.09933721543912957,0.10012118391764101
2021-08-16,0.09752890965149555,0.09933721543912957
2021-08-17,0.09967540847934232,0.09752890965149555
2021-08-18,0.10503172273583102,0.09967540847934232
2021-08-19,0.10189451204998777,0.10503172273583102
2021-08-20,0.09989231744614922,0.10189451204998777
2021-08-23,0.10233556604038495,0.09989231744614922
2021-08-24,0.10158325867410256,0.10233556604038495
2021-08-25,0.10162721073217781,0.10158325867410256
2021-08-26,0.10281358891002629,0.10162721073217781
2021-08-27,0.10190600007266615,0.10281358891002629
2021-08-30,0.08967861576178618,0.10190600007266615
2021-08-31,0.08244076728645029,0.08967861576178618
2021-09-01,0.0801262139372116,0.08244076728645029
2021-09-02,0.08026082536108925,0.0801262139372116
2021-09-03,0.07577862748104633,0.08026082536108925
2021-09-07,0.07677228251492463,0.07577862748104633
2021-09-08,0.07534532643554381,0.07677228251492463
2021-09-09,0.07675333743739675,0.07534532643554381
2021-09-10,0.08002695505004374,0.07675333743739675
2021-09-13,0.07869354311768464,0.08002695505004374
2021-09-14,0.0802531731277066,0.07869354311768464
2021-09-15,0.08043254646181953,0.0802531731277066
2021-09-16,0.07904038913129434,0.08043254646181953
2021-09-17,0.08265022862771094,0.07904038913129434
2021-09-20,0.09586958785421185,0.08265022862771094
2021-09-21,0.09587364310156202,0.09586958785421185
2021-09-22,0.10027930839717254,0.09587364310156202
2021-09-23,0.10623656120881128,0.10027930839717254
2021-09-24,0.10598508922974642,0.10623656120881128
2021-09-27,0.10616232934322023,0.10598508922974642
2021-09-28,0.12091012558707134,0.10616232934322023
2021-09-29,0.11990362824585066,0.12091012558707134
2021-09-30,0.12093014977921851,0.11990362824585066
2021-10-01,0.12611164456692028,0.12093014977921851
2021-10-04,0.12875845196479274,0.12611164456692028
2021-10-05,0.1298874880314827,0.12875845196479274
2021-10-06,0.13053521928975195,0.1298874880314827
2021-10-07,0.13316383121271838,0.13053521928975195
2021-10-08,0.13228493752818138,0.13316383121271838
2021-10-11,0.13055970044042395,0.13228493752818138
2021-10-12,0.12957925317657273,0.13055970044042395
2021-10-13,0.13034725790246487,0.12957925317657273
2021-10-14,0.14016441847446437,0.13034725790246487
2021-10-15,0.14178989369242145,0.14016441847446437
2021-10-18,0.14213050278714573,0.14178989369242145
2021-10-19,0.14363352679645838,0.14213050278714573
2021-10-20,0.14401199466991113,0.14363352679645838
2021-10-21,0.14352260685009183,0.14401199466991113
2021-10-22,0.14140867910312457,0.14352260685009183
2021-10-25,0.14196177523112086,0.14140867910312457
2021-10-26,0.14074734602213326,0.14196177523112086
2021-10-27,0.1398214530202363,0.14074734602213326
2021-10-28,0.14207505870830858,0.1398214530202363
2021-10-29,0.13841051881903724,0.14207505870830858
2021-11-01,0.12728365704265077,0.13841051881903724
2021-11-02,0.12712127028220466,0.12728365704265077
2021-11-03,0.1256645089856964,0.12712127028220466
2021-11-04,0.12229016324010188,0.1256645089856964
2021-11-05,0.12239161477880985,0.12229016324010188
2021-11-08,0.12163236631661145,0.12239161477880985
2021-11-09,0.10312332317065807,0.12163236631661145
2021-11-10,0.10757206786909558,0.10312332317065807
2021-11-11,0.09867759874502223,0.10757206786909558
2021-11-12,0.09593439669404082,0.09867759874502223
2021-11-15,0.0843993093708972,0.09593439669404082
2021-11-16,0.08146871639381635,0.0843993093708972
2021-11-17,0.08265815478717436,0.08146871639381635
2021-11-18,0.08064140917442894,0.08265815478717436
2021-11-19,0.08062565046066945,0.08064140917442894
2021-11-22,0.0769980791002779,0.08062565046066945
2021-11-23,0.0756764838191016,0.0769980791002779
2021-11-24,0.07561408532079905,0.0756764838191016
2021-11-26,0.09485295885893896,0.07561408532079905
2021-11-29,0.09841205423571568,0.09485295885893896
2021-11-30,0.1155631865230017,0.09841205423571568
2021-12-01,0.11842840876083403,0.1155631865230017
2021-12-02,0.12595480345077906,0.11842840876083403
2021-12-03,0.1284683527071787,0.12595480345077906
2021-12-06,0.1328704541667816,0.1284683527071787
2021-12-07,0.14447554416823966,0.1328704541667816
2021-12-08,0.14456203244948929,0.14447554416823966
2021-12-09,0.1454774975914192,0.14456203244948929
2021-12-10,0.14535782562852015,0.1454774975914192
2021-12-13,0.14803995303065043,0.14535782562852015
2021-12-14,0.14953851039528926,0.14803995303065043
2021-12-15,0.1556381281836769,0.14953851039528926
2021-12-16,0.15709838517787733,0.1556381281836769
2021-12-17,0.1595216582814694,0.15709838517787733
2021-12-20,0.16180899366158288,0.1595216582814694
2021-12-21,0.17040525123716382,0.16180899366158288
2021-12-22,0.17268974467089873,0.17040525123716382
2021-12-23,0.17174275253713073,0.17268974467089873
2021-12-27,0.17609482691381165,0.17174275253713073
2021-12-28,0.17509782099865223,0.17609482691381165
2021-12-29,0.17509781723494885,0.17509782099865223
2021-12-30,0.1751388196292847,0.17509781723494885
2021-12-31,0.17515272802890186,0.1751388196292847
2022-01-03,0.17561825726952626,0.17515272802890186
2022-01-04,0.1754911506008824,0.17561825726952626
2022-01-05,0.1847283925749614,0.1754911506008824
2022-01-06,0.18472245268033965,0.1847283925749614
2022-01-07,0.18492072552194383,0.18472245268033965
2022-01-10,0.17234212321234038,0.18492072552194383
2022-01-11,0.1707445351634934,0.17234212321234038
2022-01-12,0.15977870540128283,0.1707445351634934
2022-01-13,0.1617824971163714,0.15977870540128283
2022-01-14,0.15619477030279094,0.1617824971163714
2022-01-18,0.16305198566818446,0.15619477030279094
2022-01-19,0.1622258071219271,0.16305198566818446
2022-01-20,0.15245645317254033,0.1622258071219271
2022-01-21,0.16088652848014004,0.15245645317254033
2022-01-24,0.16133151706392773,0.16088652848014004
2022-01-25,0.16046906818247536,0.16133151706392773
2022-01-26,0.15933926457047679,0.16046906818247536
2022-01-27,0.15895348037842585,0.15933926457047679
2022-01-28,0.16953076476195653,0.15895348037842585
2022-01-31,0.17759182404858567,0.16953076476195653
2022-02-01,0.17657642888639116,0.17759182404858567
2022-02-02,0.17623000629134805,0.17657642888639116
2022-02-03,0.1814084068419953,0.17623000629134805
2022-02-04,0.17922569952362136,0.1814084068419953
2022-02-07,0.1778355908569452,0.17922569952362136
2022-02-08,0.1740985136260687,0.1778355908569452
2022-02-09,0.1804861802218855,0.1740985136260687
2022-02-10,0.18666198771863507,0.1804861802218855
2022-02-11,0.19373622489754333,0.18666198771863507
2022-02-14,0.19374595257023597,0.19373622489754333
2022-02-15,0.19976910254825786,0.19374595257023597
2022-02-16,0.1999367800837345,0.19976910254825786
2022-02-17,0.20167458907076585,0.1999367800837345
2022-02-18,0.201989962869189,0.20167458907076585
2022-02-22,0.2033862029116571,0.201989962869189
2022-02-23,0.20801091147624348,0.2033862029116571
2022-02-24,0.2117000768924982,0.20801091147624348
2022-02-25,0.22318141366393002,0.2117000768924982
2022-02-28,0.22053842786648703,0.22318141366393002
2022-03-01,0.22370784031202842,0.22053842786648703
2022-03-02,0.22672813561575483,0.22370784031202842
2022-03-03,0.22538419365020496,0.22672813561575483
2022-03-04,0.2244094995728406,0.22538419365020496
2022-03-07,0.23345391113318964,0.2244094995728406
2022-03-08,0.23347434394119607,0.23345391113318964
2022-03-09,0.24512102276755132,0.23347434394119607
2022-03-10,0.2453307375654744,0.24512102276755132
2022-03-11,0.24757979247686013,0.2453307375654744
2022-03-14,0.23612529724454437,0.24757979247686013
2022-03-15,0.23921670358495126,0.23612529724454437
2022-03-16,0.24783197274265092,0.23921670358495126
2022-03-17,0.2490225642675347,0.24783197274265092
2022-03-18,0.24188204459018844,0.2490225642675347
2022-03-21,0.24146367362701188,0.24188204459018844
2022-03-22,0.2436871860435143,0.24146367362701188
2022-03-23,0.24542210708157647,0.2436871860435143
2022-03-24,0.2456538136857296,0.24542210708157647
2022-03-25,0.2402257591085759,0.2456538136857296
2022-03-28,0.23307014681922908,0.2402257591085759
2022-03-29,0.23480405455274653,0.23307014681922908
2022-03-30,0.2319113677915107,0.23480405455274653
2022-03-31,0.23681369756256723,0.2319113677915107
2022-04-01,0.22742760327175698,0.23681369756256723
2022-04-04,0.22712598413104382,0.22742760327175698
2022-04-05,0.22811734780529958,0.22712598413104382
2022-04-06,0.2233339839587245,0.22811734780529958
2022-04-07,0.22016627306219166,0.2233339839587245
2022-04-08,0.21196565336099019,0.22016627306219166
2022-04-11,0.21819202068546975,0.21196565336099019
2022-04-12,0.21347138799679696,0.21819202068546975
2022-04-13,0.20948533490751287,0.21347138799679696
2022-04-14,0.21232691421871108,0.20948533490751287
2022-04-18,0.21082118236028868,0.21232691421871108
2022-04-19,0.19453842783231187,0.21082118236028868
2022-04-20,0.19257423981713068,0.19453842783231187
2022-04-21,0.18477184564910112,0.19257423981713068
2022-04-22,0.20225280877824808,0.18477184564910112
2022-04-25,0.19906312477763913,0.20225280877824808
2022-04-26,0.21637144382010015,0.19906312477763913
2022-04-27,0.20659132506967046,0.21637144382010015
2022-04-28,0.20961031722563933,0.20659132506967046
2022-04-29,0.23184718823182185,0.20961031722563933
2022-05-02,0.2298772925576253,0.23184718823182185
2022-05-03,0.23068373158539338,0.2298772925576253
2022-05-04,0.2458735224864864,0.23068373158539338
2022-05-05,0.2637979135137543,0.2458735224864864
2022-05-06,0.258803606928278,0.2637979135137543
2022-05-09,0.2712910881387119,0.258803606928278
2022-05-10,0.26990122602113975,0.2712910881387119
2022-05-11,0.2671075411226664,0.26990122602113975
2022-05-12,0.26738807110234464,0.2671075411226664
2022-05-13,0.27812917770786244,0.26738807110234464
2022-05-16,0.27739538195145796,0.27812917770786244
2022-05-17,0.2841270323088009,0.27739538195145796
2022-05-18,0.30323855871584254,0.2841270323088009
2022-05-19,0.3028494291056343,0.30323855871584254
2022-05-20,0.30187784523706074,0.3028494291056343
2022-05-23,0.3092901067776079,0.30187784523706074
2022-05-24,0.3069652025008198,0.3092901067776079
2022-05-25,0.3090884757623286,0.3069652025008198
2022-05-26,0.31347463903822376,0.3090884757623286
2022-05-27,0.32176229184878596,0.31347463903822376
2022-05-31,0.3218839343280724,0.32176229184878596
2022-06-01,0.3177453916828943,0.3218839343280724
2022-06-02,0.32385370041207306,0.3177453916828943
2022-06-03,0.3243964144991488,0.32385370041207306
2022-06-06,0.3153898664366256,0.3243964144991488
2022-06-07,0.3162947990664997,0.3153898664366256
2022-06-08,0.30626870949934004,0.3162947990664997
2022-06-09,0.31364567464421583,0.30626870949934004
2022-06-10,0.31371173244553685,0.31364567464421583
2022-06-13,0.31473175619690086,0.31371173244553685
2022-06-14,0.31353956686006623,0.31473175619690086
2022-06-15,0.316879010809794,0.31353956686006623
2022-06-16,0.31275004133908024,0.316879010809794
2022-06-17,0.2992287563542528,0.31275004133908024
2022-06-21,0.31055748769404795,0.2992287563542528
2022-06-22,0.2976000262824305,0.31055748769404795
2022-06-23,0.29929481915514744,0.2976000262824305
2022-06-24,0.31077128038259927,0.29929481915514744
2022-06-27,0.31095063154177405,0.31077128038259927
2022-06-28,0.30796039812841375,0.31095063154177405
2022-06-29,0.30788312458563943,0.30796039812841375
2022-06-30,0.3012753329772015,0.30788312458563943
2022-07-01,0.280148934647184,0.3012753329772015
2022-07-05,0.2797775080085936,0.280148934647184
2022-07-06,0.2799925500261946,0.2797775080085936
2022-07-07,0.2780293767662119,0.2799925500261946
2022-07-08,0.27720986829044336,0.2780293767662119
2022-07-11,0.2776594441277231,0.27720986829044336
2022-07-12,0.27139422109892936,0.2776594441277231
2022-07-13,0.2598856948161367,0.27139422109892936
2022-07-14,0.2597611399412519,0.2598856948161367
2022-07-15,0.26669077530925117,0.2597611399412519
2022-07-18,0.2598354557145616,0.26669077530925117
2022-07-19,0.2699702443618547,0.2598354557145616
2022-07-20,0.27061089321680626,0.2699702443618547
2022-07-21,0.27081924710730026,0.27061089321680626
2022-07-22,0.270358463623764,0.27081924710730026
2022-07-25,0.2615525926424987,0.270358463623764
2022-07-26,0.24926723661034125,0.2615525926424987
2022-07-27,0.2309998113751904,0.24926723661034125
2022-07-28,0.23221022715351533,0.2309998113751904
2022-07-29,0.23234596758295428,0.23221022715351533
2022-08-01,0.2058983175326521,0.23234596758295428
2022-08-02,0.2081143428515451,0.2058983175326521
2022-08-03,0.20150105879493468,0.2081143428515451
2022-08-04,0.20127533781688262,0.20150105879493468
2022-08-05,0.20085165595713275,0.20127533781688262
2022-08-08,0.18226067096766152,0.20085165595713275
2022-08-09,0.18230273016781204,0.18226067096766152
2022-08-10,0.17726269841303427,0.18230273016781204
2022-08-11,0.17711495924800974,0.17726269841303427
2022-08-12,0.17783990360779892,0.17711495924800974
2022-08-15,0.17680772148829263,0.17783990360779892
2022-08-16,0.1768008049003493,0.17680772148829263
2022-08-17,0.17967971327595472,0.1768008049003493
2022-08-18,0.1764642340206038,0.17967971327595472
2022-08-19,0.1826994475707402,0.1764642340206038
2022-08-22,0.1910770456630297,0.1826994475707402
2022-08-23,0.1886508200938202,0.1910770456630297
2022-08-24,0.18715353320142264,0.1886508200938202
2022-08-25,0.18911901963754443,0.18715353320142264
2022-08-26,0.21298190907950895,0.18911901963754443
2022-08-29,0.2123595248918707,0.21298190907950895
2022-08-30,0.2017889971520112,0.2123595248918707
2022-08-31,0.20233675215962305,0.2017889971520112
2022-09-01,0.20030847200550994,0.20233675215962305
2022-09-02,0.20084821987310678,0.20030847200550994
2022-09-06,0.20105522231925,0.20084821987310678
2022-09-07,0.20470019595761346,0.20105522231925
2022-09-08,0.1914373752656198,0.20470019595761346
2022-09-09,0.19329665920176836,0.1914373752656198
2022-09-12,0.19114147507725845,0.19329665920176836
2022-09-13,0.23037841876558576,0.19114147507725845
2022-09-14,0.23033383231161444,0.23037841876558576
2022-09-15,0.22661506044455684,0.23033383231161444
2022-09-16,0.2271590245474228,0.22661506044455684
2022-09-19,0.22899200660789285,0.2271590245474228
2022-09-20,0.23065844127546536,0.22899200660789285
2022-09-21,0.23486802992002587,0.23065844127546536
2022-09-22,0.2244772505318055,0.23486802992002587
2022-09-23,0.22737394708884248,0.2244772505318055
2022-09-26,0.21889982313241127,0.22737394708884248
2022-09-27,0.217291644733617,0.21889982313241127
2022-09-28,0.22810837741903908,0.217291644733617
2022-09-29,0.23289716497442306,0.22810837741903908
2022-09-30,0.23342420744693398,0.23289716497442306
2022-10-03,0.24978302575255634,0.23342420744693398
2022-10-04,0.26449246151813754,0.24978302575255634
2022-10-05,0.2644938628686465,0.26449246151813754
2022-10-06,0.26472439744106996,0.2644938628686465
2022-10-07,0.2690436375586956,0.26472439744106996
2022-10-10,0.25411141252110475,0.2690436375586956
2022-10-11,0.2540856003859879,0.25411141252110475
2022-10-12,0.25315903370032156,0.2540856003859879
2022-10-13,0.26688196402355285,0.25315903370032156
2022-10-14,0.2728684422619961,0.26688196402355285
2022-10-17,0.28418390737395127,0.2728684422619961
2022-10-18,0.28690787656168254,0.28418390737395127
2022-10-19,0.2813112593648238,0.28690787656168254
2022-10-20,0.28052214154839705,0.2813112593648238
2022-10-21,0.28644487579474526,0.28052214154839705
2022-10-24,0.28707035815955423,0.28644487579474526
2022-10-25,0.26279478287210933,0.28707035815955423
2022-10-26,0.26321674624191016,0.26279478287210933
2022-10-27,0.2617022110595963,0.26321674624191016
2022-10-28,0.2700042499780811,0.2617022110595963
2022-10-31,0.26991296370515605,0.2700042499780811
2022-11-01,0.2680897859567905,0.26991296370515605
2022-11-02,0.27346306869022974,0.2680897859567905
2022-11-03,0.2740184238050129,0.27346306869022974
2022-11-04,0.2724952256775732,0.2740184238050129
2022-11-07,0.2716949130099847,0.2724952256775732
2022-11-08,0.2716641947617444,0.2716949130099847
2022-11-09,0.27379581000284525,0.2716641947617444
2022-11-10,0.30648153332875594,0.27379581000284525
2022-11-11,0.3020120875215956,0.30648153332875594
2022-11-14,0.29629834447204756,0.3020120875215956
2022-11-15,0.2848548691874808,0.29629834447204756
2022-11-16,0.28593633547790076,0.2848548691874808
2022-11-17,0.28406028567877484,0.28593633547790076
2022-11-18,0.2693680085809037,0.28406028567877484
2022-11-21,0.2682443081659238,0.2693680085809037
2022-11-22,0.2683223588305359,0.2682443081659238
2022-11-23,0.2675811852116299,0.2683223588305359
2022-11-25,0.25951013692066954,0.2675811852116299
2022-11-28,0.25412567707478445,0.25951013692066954
2022-11-29,0.24575356855733013,0.25412567707478445
2022-11-30,0.2581162872035819,0.24575356855733013
2022-12-01,0.2565746751385201,0.2581162872035819
2022-12-02,0.2545357718776339,0.2565746751385201
2022-12-05,0.254469452388691,0.2545357718776339
2022-12-06,0.2571111107031461,0.254469452388691
2022-12-07,0.25348530094717814,0.2571111107031461
2022-12-08,0.25304154137721013,0.25348530094717814
2022-12-09,0.25360122784334754,0.25304154137721013
2022-12-12,0.24788947097798927,0.25360122784334754
2022-12-13,0.2474010973080664,0.24788947097798927
2022-12-14,0.2478779677917554,0.2474010973080664
2022-12-15,0.24727567327741884,0.2478779677917554
2022-12-16,0.24793861440607629,0.24727567327741884
2022-12-19,0.24630991753333545,0.24793861440607629
2022-12-20,0.24483762106263393,0.24630991753333545
2022-12-21,0.24808956472491064,0.24483762106263393
2022-12-22,0.2439395591255837,0.24808956472491064
2022-12-23,0.18674068347903414,0.2439395591255837
2022-12-27,0.18424376267126039,0.18674068347903414
2022-12-28,0.18594574023078722,0.18424376267126039
2022-12-29,0.1921553718521404,0.18594574023078722
2022-12-30,0.19122211744268863,0.1921553718521404
2023-01-03,0.19136151735322135,0.19122211744268863
2023-01-04,0.1923718999829063,0.19136151735322135
2023-01-05,0.19467091011145204,0.1923718999829063
2023-01-06,0.2024183606462715,0.19467091011145204
2023-01-09,0.20129241486509603,0.2024183606462715
2023-01-10,0.2026385139832766,0.20129241486509603
2023-01-11,0.20090973535407888,0.2026385139832766
2023-01-12,0.2010829533517199,0.20090973535407888
2023-01-13,0.1792577528146492,0.2010829533517199
2023-01-17,0.17929286241160172,0.1792577528146492
2023-01-18,0.18468078674030408,0.17929286241160172
2023-01-19,0.1785702450604602,0.18468078674030408
2023-01-20,0.1820552402844047,0.1785702450604602
2023-01-23,0.18499766659435563,0.1820552402844047
2023-01-24,0.18385468911171832,0.18499766659435563
2023-01-25,0.18229359311841983,0.18385468911171832
2023-01-26,0.18035829028560843,0.18229359311841983
2023-01-27,0.17924991153115064,0.18035829028560843
2023-01-30,0.18219960862648266,0.17924991153115064
2023-01-31,0.17057909230345397,0.18219960862648266
2023-02-01,0.1675905481730087,0.17057909230345397
2023-02-02,0.16791539119337243,0.1675905481730087
2023-02-03,0.17255218815346227,0.16791539119337243
2023-02-06,0.17039559979664562,0.17255218815346227
2023-02-07,0.16598395270533406,0.17039559979664562
2023-02-08,0.17051178518447224,0.16598395270533406
2023-02-09,0.172578952278027,0.17051178518447224
2023-02-10,0.16687617386219258,0.172578952278027
2023-02-13,0.16291263975705939,0.16687617386219258
2023-02-14,0.16244196261716548,0.16291263975705939
2023-02-15,0.16118106866023077,0.16244196261716548
2023-02-16,0.16746259087540144,0.16118106866023077
2023-02-17,0.16311839797549,0.16746259087540144
2023-02-21,0.16413112435008947,0.16311839797549
2023-02-22,0.1642124468549912,0.16413112435008947
2023-02-23,0.1637423988964039,0.1642124468549912
2023-02-24,0.1631805232526743,0.1637423988964039
2023-02-27,0.16313753540086762,0.1631805232526743
2023-02-28,0.16307848211135595,0.16313753540086762
2023-03-01,0.16335852277785465,0.16307848211135595
2023-03-02,0.15795421979414548,0.16335852277785465
2023-03-03,0.1622152898787035,0.15795421979414548
2023-03-06,0.15385017302545878,0.1622152898787035
2023-03-07,0.15694135670427203,0.15385017302545878
2023-03-08,0.15700578237647939,0.15694135670427203
2023-03-09,0.16590128053501604,0.15700578237647939
2023-03-10,0.1667497581549722,0.16590128053501604
2023-03-13,0.16634487683872748,0.1667497581549722
2023-03-14,0.17100022329649184,0.16634487683872748
2023-03-15,0.16533353963414965,0.17100022329649184
2023-03-16,0.17073409921857113,0.16533353963414965
2023-03-17,0.1666889912838952,0.17073409921857113
2023-03-20,0.16794278027071785,0.1666889912838952
2023-03-21,0.17239825952901006,0.16794278027071785
2023-03-22,0.17364675610233438,0.17239825952901006
2023-03-23,0.171858140329987,0.17364675610233438
2023-03-24,0.17184719671240722,0.171858140329987
2023-03-27,0.17177876062375427,0.17184719671240722
2023-03-28,0.1676643675000158,0.17177876062375427
2023-03-29,0.1737514807681309,0.1676643675000158
2023-03-30,0.1744376510173077,0.1737514807681309
2023-03-31,0.17487100035698205,0.1744376510173077
2023-04-03,0.17497391214173885,0.17487100035698205
2023-04-04,0.16475565731032246,0.17497391214173885
2023-04-05,0.1649454301315796,0.16475565731032246
2023-04-06,0.16466648160144134,0.1649454301315796
2023-04-10,0.16097285774312048,0.16466648160144134
2023-04-11,0.1608603874285507,0.16097285774312048
2023-04-12,0.16096349076132083,0.1608603874285507
2023-04-13,0.16395963239486272,0.16096349076132083
2023-04-14,0.16333802321763538,0.16395963239486272
2023-04-17,0.15758349107028857,0.16333802321763538
2023-04-18,0.15758404556149216,0.15758349107028857
2023-04-19,0.14982485606922352,0.15758404556149216
2023-04-20,0.15115029886990458,0.14982485606922352
2023-04-21,0.1390220588229035,0.15115029886990458
2023-04-24,0.13012534088989858,0.1390220588229035
2023-04-25,0.14027027224547978,0.13012534088989858
2023-04-26,0.13433132759499514,0.14027027224547978
2023-04-27,0.14264948511470574,0.13433132759499514
2023-04-28,0.13653538225562414,0.14264948511470574
2023-05-01,0.130719056272269,0.13653538225562414
2023-05-02,0.1343208755399426,0.130719056272269
2023-05-03,0.1317246657532986,0.1343208755399426
2023-05-04,0.12272011546209388,0.1317246657532986
2023-05-05,0.13249094063626138,0.12272011546209388
2023-05-08,0.1317076619897054,0.13249094063626138
2023-05-09,0.13276136002981292,0.1317076619897054
2023-05-10,0.13271602259294096,0.13276136002981292
2023-05-11,0.1271014065305865,0.13271602259294096
2023-05-12,0.12636645040808028,0.1271014065305865
2023-05-15,0.12023074580522095,0.12636645040808028
2023-05-16,0.1214167430744814,0.12023074580522095
2023-05-17,0.12516213739176593,0.1214167430744814
2023-05-18,0.12747035409620813,0.12516213739176593
2023-05-19,0.12733539305735422,0.12747035409620813
2023-05-22,0.1273367958725159,0.12733539305735422
2023-05-23,0.13202500079294519,0.1273367958725159
2023-05-24,0.13327310729614736,0.13202500079294519
2023-05-25,0.1300323803338584,0.13327310729614736
2023-05-26,0.13491483132104903,0.1300323803338584
2023-05-30,0.1346198093582248,0.13491483132104903
2023-05-31,0.1357577127107479,0.1346198093582248
2023-06-01,0.13831607140801555,0.1357577127107479
2023-06-02,0.1426093718391318,0.13831607140801555
2023-06-05,0.14290450963979026,0.1426093718391318
2023-06-06,0.1429324955844813,0.14290450963979026
2023-06-07,0.13415427884057587,0.1429324955844813
2023-06-08,0.13354210179246423,0.13415427884057587
2023-06-09,0.12251085701030422,0.13354210179246423
2023-06-12,0.12278879772318156,0.12251085701030422
2023-06-13,0.12345868656889508,0.12278879772318156
2023-06-14,0.11721633855512473,0.12345868656889508
2023-06-15,0.11767881993541685,0.11721633855512473
2023-06-16,0.1154654632112223,0.11767881993541685
2023-06-20,0.10790258170812717,0.1154654632112223
2023-06-21,0.10979839344091204,0.10790258170812717
2023-06-22,0.10826913525186836,0.10979839344091204
2023-06-23,0.11155805279157645,0.10826913525186836
2023-06-26,0.11239799725735326,0.11155805279157645
2023-06-27,0.1151434427873549,0.11239799725735326
2023-06-28,0.11515095101033479,0.1151434427873549
2023-06-29,0.11228758902846579,0.11515095101033479
2023-06-30,0.11203912869072521,0.11228758902846579
2023-07-03,0.10992087854500833,0.11203912869072521
2023-07-05,0.10992981173947113,0.10992087854500833
2023-07-06,0.11353695902114996,0.10992981173947113
2023-07-07,0.1074780060719639,0.11353695902114996
2023-07-10,0.10379294022228783,0.1074780060719639
2023-07-11,0.10280581376405123,0.10379294022228783
2023-07-12,0.09937022573284471,0.10280581376405123
2023-07-13,0.1006075380145378,0.09937022573284471
2023-07-14,0.09821180217785748,0.1006075380145378
2023-07-17,0.09605752855443221,0.09821180217785748
2023-07-18,0.09044893826754698,0.09605752855443221
2023-07-19,0.08963921972873164,0.09044893826754698
2023-07-20,0.09328171846604888,0.08963921972873164
2023-07-21,0.09206611701648919,0.09328171846604888
2023-07-24,0.09158956003190963,0.09206611701648919
2023-07-25,0.09160972555318915,0.09158956003190963
2023-07-26,0.08931325244136165,0.09160972555318915
2023-07-27,0.09131253714631786,0.08931325244136165
2023-07-28,0.09452261023211447,0.09131253714631786
2023-07-31,0.08890578857711992,0.09452261023211447
2023-08-01,0.08867067122703813,0.08890578857711992
2023-08-02,0.09748851154322677,0.08867067122703813
2023-08-03,0.09647008321520914,0.09748851154322677
2023-08-04,0.09747475720846513,0.09647008321520914
2023-08-07,0.09674971342928539,0.09747475720846513
2023-08-08,0.09688100534624063,0.09674971342928539
2023-08-09,0.0951593974573415,0.09688100534624063
2023-08-10,0.09516324376550245,0.0951593974573415
2023-08-11,0.09473702271577078,0.09516324376550245
2023-08-14,0.08995989465958275,0.09473702271577078
2023-08-15,0.09647347026823407,0.08995989465958275
2023-08-16,0.0987033196918139,0.09647347026823407
2023-08-17,0.0985631508484904,0.0987033196918139
2023-08-18,0.09834614561455922,0.0985631508484904
2023-08-21,0.09994047488241235,0.09834614561455922
2023-08-22,0.09835757182098787,0.09994047488241235
2023-08-23,0.10097973199740182,0.09835757182098787
2023-08-24,0.10546421675149092,0.10097973199740182
2023-08-25,0.10797168333144673,0.10546421675149092
2023-08-28,0.10923837492298114,0.10797168333144673
2023-08-29,0.11534849255266588,0.10923837492298114
2023-08-30,0.11584635914423452,0.11534849255266588
2023-08-31,0.11434158954836122,0.11584635914423452
2023-09-01,0.11448819663272149,0.11434158954836122
2023-09-05,0.11429953424593282,0.11448819663272149
2023-09-06,0.11536430988827112,0.11429953424593282
2023-09-07,0.1155404992005156,0.11536430988827112
2023-09-08,0.11435646822375689,0.1155404992005156
2023-09-11,0.11222442760826154,0.11435646822375689
2023-09-12,0.11282594879754536,0.11222442760826154
2023-09-13,0.11281140645668614,0.11282594879754536
2023-09-14,0.10864090898994784,0.11281140645668614
2023-09-15,0.11395595681469788,0.10864090898994784
2023-09-18,0.11326391272237356,0.11395595681469788
2023-09-19,0.11024379925984011,0.11326391272237356
2023-09-20,0.11261597551258212,0.11024379925984011
2023-09-21,0.12068650254499899,0.11261597551258212
2023-09-22,0.12067304362279269,0.12068650254499899
2023-09-25,0.12162883432122426,0.12067304362279269
2023-09-26,0.1264752063877063,0.12162883432122426
2023-09-27,0.12285862905671903,0.1264752063877063
2023-09-28,0.12301054279052688,0.12285862905671903
2023-09-29,0.12138123636110129,0.12301054279052688
2023-10-02,0.12134227675158166,0.12138123636110129
2023-10-03,0.12496346442342146,0.12134227675158166
2023-10-04,0.12727294587787957,0.12496346442342146
2023-10-05,0.12211234207418818,0.12727294587787957
2023-10-06,0.12174700999897808,0.12211234207418818
2023-10-09,0.121417720057386,0.12174700999897808
2023-10-10,0.12091158823514953,0.121417720057386
2023-10-11,0.11337610425059634,0.12091158823514953
2023-10-12,0.11336246338117763,0.11337610425059634
2023-10-13,0.1138966814907954,0.11336246338117763
2023-10-16,0.11860977858249443,0.1138966814907954
2023-10-17,0.11822017700543032,0.11860977858249443
2023-10-18,0.12259559972289268,0.11822017700543032
2023-10-19,0.12451807874954048,0.12259559972289268
2023-10-20,0.1282430093247347,0.12451807874954048
2023-10-23,0.12580282507477755,0.1282430093247347
2023-10-24,0.1283115267107532,0.12580282507477755
2023-10-25,0.13328055360677493,0.1283115267107532
2023-10-26,0.13229347787986356,0.13328055360677493
2023-10-27,0.12944901721396584,0.13229347787986356
2023-10-30,0.13581540881312443,0.12944901721396584
2023-10-31,0.13800058337821824,0.13581540881312443
2023-11-01,0.14078879816303444,0.13800058337821824
2023-11-02,0.14469772027320876,0.14078879816303444
2023-11-03,0.14690995475470106,0.14469772027320876
2023-11-06,0.14657835172497846,0.14690995475470106
2023-11-07,0.1395720990218966,0.14657835172497846
2023-11-08,0.13956600502755617,0.1395720990218966
2023-11-09,0.1409675765068162,0.13956600502755617
2023-11-10,0.14725135653068547,0.1409675765068162
2023-11-13,0.14730629116865826,0.14725135653068547
2023-11-14,0.14985780472471316,0.14730629116865826
2023-11-15,0.14905343630026516,0.14985780472471316
2023-11-16,0.1489123755311163,0.14905343630026516
2023-11-17,0.1459638804340752,0.1489123755311163
2023-11-20,0.14637641763989426,0.1459638804340752
2023-11-21,0.14638726373878083,0.14637641763989426
2023-11-22,0.14635148243282656,0.14638726373878083
2023-11-24,0.144638610146342,0.14635148243282656
2023-11-27,0.14366268858691292,0.144638610146342
2023-11-28,0.14126011973042626,0.14366268858691292
2023-11-29,0.14133202476172013,0.14126011973042626
2023-11-30,0.13430774406775206,0.14133202476172013
2023-12-01,0.13075643941088302,0.13430774406775206
2023-12-04,0.12526494944214406,0.13075643941088302
2023-12-05,0.12487086786545773,0.12526494944214406
2023-12-06,0.12552783145893504,0.12487086786545773
2023-12-07,0.11574264538982215,0.12552783145893504
2023-12-08,0.10648031782093474,0.11574264538982215
2023-12-11,0.1036128490517309,0.10648031782093474
2023-12-12,0.10086065866960041,0.1036128490517309
2023-12-13,0.10474120562707784,0.10086065866960041
2023-12-14,0.10281827061361623,0.10474120562707784
2023-12-15,0.09306120875430075,0.10281827061361623
2023-12-18,0.09162001849412775,0.09306120875430075
2023-12-19,0.09206158924621055,0.09162001849412775
2023-12-20,0.10436512149464959,0.09206158924621055
2023-12-21,0.10615908332554563,0.10436512149464959
2023-12-22,0.1013746057020819,0.10615908332554563
2023-12-26,0.09439547885805859,0.1013746057020819
2023-12-27,0.0938079308454235,0.09439547885805859
2023-12-28,0.07999621446712499,0.0938079308454235
2023-12-29,0.08132401444708048,0.07999621446712499
2024-01-02,0.08423922706921219,0.08132401444708048
2024-01-03,0.08904667559791245,0.08423922706921219
2024-01-04,0.08801744261367025,0.08904667559791245
2024-01-05,0.08747504001200841,0.08801744261367025
2024-01-08,0.09499277937509339,0.08747504001200841
2024-01-09,0.09537364924116892,0.09499277937509339
2024-01-10,0.09559470044706118,0.09537364924116892
2024-01-11,0.09577887347596659,0.09559470044706118
2024-01-12,0.09556364450172601,0.09577887347596659
2024-01-16,0.09656987732922852,0.09556364450172601
2024-01-17,0.09770714862355948,0.09656987732922852
2024-01-18,0.0983088116297179,0.09770714862355948
2024-01-19,0.10302044903412665,0.0983088116297179
2024-01-22,0.10143411056149904,0.10302044903412665
2024-01-23,0.10015633062242636,0.10143411056149904
2024-01-24,0.09995454157178235,0.10015633062242636
2024-01-25,0.10031800241474069,0.09995454157178235
2024-01-26,0.10043036221130697,0.10031800241474069
2024-01-29,0.09573757750636548,0.10043036221130697
2024-01-30,0.09584337759200082,0.09573757750636548
2024-01-31,0.10872872311872032,0.09584337759200082
2024-02-01,0.11349030584692972,0.10872872311872032
2024-02-02,0.11582937576963262,0.11349030584692972
2024-02-05,0.10755868060542767,0.11582937576963262
2024-02-06,0.10510542719353161,0.10755868060542767
2024-02-07,0.10695531405368965,0.10510542719353161
2024-02-08,0.10673666894286933,0.10695531405368965
2024-02-09,0.10743226424034032,0.10673666894286933
2024-02-12,0.10754455911602907,0.10743226424034032
2024-02-13,0.11595321251543972,0.10754455911602907
2024-02-14,0.11615294499885716,0.11595321251543972
2024-02-15,0.11307467306779265,0.11615294499885716
2024-02-16,0.11393480905425092,0.11307467306779265
2024-02-20,0.11611276350304474,0.11393480905425092
2024-02-21,0.11023626467995984,0.11611276350304474
2024-02-22,0.12265737902046704,0.11023626467995984
2024-02-23,0.12231945907525987,0.12265737902046704
2024-02-26,0.12326099666680954,0.12231945907525987
2024-02-27,0.12319884468687631,0.12326099666680954
2024-02-28,0.12243392100098618,0.12319884468687631
2024-02-29,0.12028525774039124,0.12243392100098618
2024-03-01,0.12052116524956995,0.12028525774039124
2024-03-04,0.11714344574690772,0.12052116524956995
2024-03-05,0.12223250668983725,0.11714344574690772
2024-03-06,0.12258990971359353,0.12223250668983725
2024-03-07,0.12485435141928665,0.12258990971359353
2024-03-08,0.12649148730362192,0.12485435141928665
2024-03-11,0.12641658516276233,0.12649148730362192
2024-03-12,0.12788722646842246,0.12641658516276233
2024-03-13,0.12804084394918216,0.12788722646842246
2024-03-14,0.11661050366897857,0.12804084394918216
2024-03-15,0.11475047880971057,0.11661050366897857
2024-03-18,0.11238672640074032,0.11475047880971057
2024-03-19,0.11200601851399788,0.11238672640074032
2024-03-20,0.11409701414727982,0.11200601851399788
2024-03-21,0.11254576334386757,0.11409701414727982
2024-03-22,0.11297255595378913,0.11254576334386757
2024-03-25,0.1129463930223785,0.11297255595378913
2024-03-26,0.1132103308500481,0.1129463930223785
2024-03-27,0.10545173210542381,0.1132103308500481
2024-03-28,0.10347580191351866,0.10545173210542381
2024-04-01,0.10274351155906024,0.10347580191351866
2024-04-02,0.10356968439481685,0.10274351155906024
2024-04-03,0.10149945171017337,0.10356968439481685
2024-04-04,0.10917681774573405,0.10149945171017337
2024-04-05,0.09687110399666327,0.10917681774573405
2024-04-08,0.09687328682887565,0.09687110399666327
2024-04-09,0.09593977337542652,0.09687328682887565
2024-04-10,0.1010661622443303,0.09593977337542652
2024-04-11,0.10285775984877024,0.1010661622443303
2024-04-12,0.11100300578887819,0.10285775984877024
2024-04-15,0.11363566602834822,0.11100300578887819
2024-04-16,0.11369259801427514,0.11363566602834822
2024-04-17,0.11128475443302707,0.11369259801427514
2024-04-18,0.11019558234534245,0.11128475443302707
2024-04-19,0.10805994354723493,0.11019558234534245
2024-04-22,0.11108794864889009,0.10805994354723493
2024-04-23,0.11682565378644623,0.11108794864889009
2024-04-24,0.11210520339624445,0.11682565378644623
2024-04-25,0.11245361317895526,0.11210520339624445
2024-04-26,0.11613797672650839,0.11245361317895526
2024-04-29,0.11494715836151781,0.11613797672650839
2024-04-30,0.12243490352177998,0.11494715836151781
2024-05-01,0.12117639166844386,0.12243490352177998
2024-05-02,0.12125224510407241,0.12117639166844386
2024-05-03,0.12672870757012997,0.12125224510407241
2024-05-06,0.1305834737585924,0.12672870757012997
2024-05-07,0.13042933986206304,0.1305834737585924
2024-05-08,0.1303334757800551,0.13042933986206304
2024-05-09,0.12906719911421388,0.1303334757800551
2024-05-10,0.12913837864126157,0.12906719911421388
2024-05-13,0.12905092916559704,0.12913837864126157
2024-05-14,0.12830898748856995,0.12905092916559704
2024-05-15,0.1329544417300181,0.12830898748856995
2024-05-16,0.12749825240227008,0.1329544417300181
2024-05-17,0.12436878004450813,0.12749825240227008
2024-05-20,0.1243747584378131,0.12436878004450813
2024-05-21,0.1244705360447933,0.1243747584378131
2024-05-22,0.12072633919876048,0.1244705360447933
2024-05-23,0.12143203566622876,0.12072633919876048
2024-05-24,0.11463932908836715,0.12143203566622876
2024-05-28,0.10695072026453617,0.11463932908836715
2024-05-29,0.10944672058329225,0.10695072026453617
2024-05-30,0.10988858184920511,0.10944672058329225
2024-05-31,0.11153090811922055,0.10988858184920511
2024-06-03,0.10700150671698774,0.11153090811922055
2024-06-04,0.10492308855167888,0.10700150671698774
2024-06-05,0.10493808596677989,0.10492308855167888
2024-06-06,0.10485817262045853,0.10493808596677989
2024-06-07,0.1039030932991565,0.10485817262045853
2024-06-10,0.10154097336783173,0.1039030932991565
2024-06-11,0.1014211077996298,0.10154097336783173
2024-06-12,0.08811535334755508,0.1014211077996298
2024-06-13,0.08642473174713818,0.08811535334755508
2024-06-14,0.08428876220607928,0.08642473174713818
2024-06-17,0.0806830252186071,0.08428876220607928
2024-06-18,0.07703601034225599,0.0806830252186071
2024-06-20,0.07821027445458063,0.07703601034225599
2024-06-21,0.07860394381752248,0.07821027445458063
2024-06-24,0.0790291299878445,0.07860394381752248
2024-06-25,0.07930958825334415,0.0790291299878445
2024-06-26,0.07919530767264353,0.07930958825334415
2024-06-27,0.07870581644443214,0.07919530767264353
2024-06-28,0.07330446175127905,0.07870581644443214
2024-07-01,0.07277850015044328,0.07330446175127905
2024-07-02,0.07454608743247179,0.07277850015044328
2024-07-03,0.07509453204543437,0.07454608743247179
2024-07-05,0.07608782773354678,0.07509453204543437
2024-07-08,0.0749409818030354,0.07608782773354678
2024-07-09,0.06997276029766832,0.0749409818030354
2024-07-10,0.07244081234886786,0.06997276029766832
2024-07-11,0.07876691727445123,0.07244081234886786
2024-07-12,0.07525709022799566,0.07876691727445123
2024-07-15,0.07043473788881889,0.07525709022799566
2024-07-16,0.06844499595764707,0.07043473788881889
2024-07-17,0.08347982238581222,0.06844499595764707
2024-07-18,0.08800039974740179,0.08347982238581222
2024-07-19,0.08563343385112428,0.08800039974740179
2024-07-22,0.08966739535300798,0.08563343385112428
2024-07-23,0.0897605232927415,0.08966739535300798
2024-07-24,0.11375736370828968,0.0897605232927415
2024-07-25,0.11476360027059646,0.11375736370828968
2024-07-26,0.11685243788575368,0.11476360027059646
2024-07-29,0.11674367081777454,0.11685243788575368
2024-07-30,0.11775096621835628,0.11674367081777454
2024-07-31,0.12470130648263741,0.11775096621835628
2024-08-01,0.13144344416259424,0.12470130648263741
2024-08-02,0.14192956004405385,0.13144344416259424
2024-08-05,0.16466499847052896,0.14192956004405385
2024-08-06,0.1675637910317745,0.16466499847052896
2024-08-07,0.1675454563813,0.1675637910317745
2024-08-08,0.1818726961316533,0.1675454563813
2024-08-09,0.1823930423820442,0.1818726961316533
2024-08-12,0.18218919573418094,0.1823930423820442
2024-08-13,0.18861936792385622,0.18218919573418094
2024-08-14,0.18776692367038014,0.18861936792385622
2024-08-15,0.19395452992564904,0.18776692367038014
2024-08-16,0.19333132638324368,0.19395452992564904
2024-08-19,0.19528173679673824,0.19333132638324368
2024-08-20,0.1953445788029377,0.19528173679673824
2024-08-21,0.19345929974560064,0.1953445788029377
2024-08-22,0.19317005321536293,0.19345929974560064
2024-08-23,0.1947760243372621,0.19317005321536293
2024-08-26,0.19474439353924208,0.1947760243372621
2024-08-27,0.19398074722308373,0.19474439353924208
2024-08-28,0.19025980243771143,0.19398074722308373
2024-08-29,0.18882003565894995,0.19025980243771143
2024-08-30,0.18942024942326938,0.18882003565894995
2024-09-03,0.19727809314406455,0.18942024942326938
2024-09-04,0.1973128136318424,0.19727809314406455
2024-09-05,0.18535624248949095,0.1973128136318424
2024-09-06,0.1915407946083237,0.18535624248949095
2024-09-09,0.19153905002468924,0.1915407946083237
2024-09-10,0.19192812798726855,0.19153905002468924
2024-09-11,0.19335081369484367,0.19192812798726855
2024-09-12,0.18926435093075067,0.19335081369484367
2024-09-13,0.18442105384195426,0.18926435093075067
2024-09-16,0.1744646888518127,0.18442105384195426
2024-09-17,0.14710356358162527,0.1744646888518127
2024-09-18,0.14675507494723866,0.14710356358162527
2024-09-19,0.1499343486902726,0.14675507494723866
2024-09-20,0.13842405341668806,0.1499343486902726
2024-09-23,0.13829302921991174,0.13842405341668806
2024-09-24,0.1381950667428098,0.13829302921991174
2024-09-25,0.1322902036419825,0.1381950667428098
2024-09-26,0.13238338707282263,0.1322902036419825
2024-09-27,0.12455856804522604,0.13238338707282263
2024-09-30,0.124791242607035,0.12455856804522604
2024-10-01,0.1256706414312328,0.124791242607035
2024-10-02,0.1254903319414575,0.1256706414312328
2024-10-03,0.12542286432336522,0.1254903319414575
2024-10-04,0.1251575112983735,0.12542286432336522
2024-10-07,0.12518508476128862,0.1251575112983735
2024-10-08,0.1275221958837582,0.12518508476128862
2024-10-09,0.12872818560686208,0.1275221958837582
2024-10-10,0.12738337311248016,0.12872818560686208
2024-10-11,0.1280961631781351,0.12738337311248016
2024-10-14,0.12740474658592998,0.1280961631781351
2024-10-15,0.11252032505270673,0.12740474658592998
2024-10-16,0.11217637861684597,0.11252032505270673
2024-10-17,0.11155682306005495,0.11217637861684597
2024-10-18,0.09596607389923616,0.11155682306005495
2024-10-21,0.09334609724949097,0.09596607389923616
2024-10-22,0.09348666589376407,0.09334609724949097
2024-10-23,0.09579937458794674,0.09348666589376407
2024-10-24,0.09357721856568522,0.09579937458794674
2024-10-25,0.09293434279153606,0.09357721856568522
2024-10-28,0.09310848237442876,0.09293434279153606
2024-10-29,0.09309063176969165,0.09310848237442876
2024-10-30,0.09311401119368028,0.09309063176969165
2024-10-31,0.09978275825934271,0.09311401119368028
2024-11-01,0.10038970694461852,0.09978275825934271
2024-11-04,0.10035584907898641,0.10038970694461852
2024-11-05,0.10597218619060841,0.10035584907898641
2024-11-06,0.12679262687796022,0.10597218619060841
2024-11-07,0.12795822690306952,0.12679262687796022
2024-11-08,0.1279615664793223,0.12795822690306952
2024-11-11,0.12775379975758328,0.1279615664793223
2024-11-12,0.1246833925043361,0.12775379975758328
2024-11-13,0.12467824072861358,0.1246833925043361
2024-11-14,0.12649535438563486,0.12467824072861358
2024-11-15,0.13097194403629234,0.12649535438563486
2024-11-18,0.12792128350590873,0.13097194403629234
2024-11-19,0.1257677725447069,0.12792128350590873
2024-11-20,0.12451506612822001,0.1257677725447069
2024-11-21,0.12497039064515596,0.12451506612822001
2024-11-22,0.12425240230640508,0.12497039064515596
2024-11-25,0.12259680778100349,0.12425240230640508
2024-11-26,0.12049698615545401,0.12259680778100349
2024-11-27,0.12071199530112846,0.12049698615545401
2024-11-29,0.12163362955981387,0.12071199530112846
2024-12-02,0.12138281122490366,0.12163362955981387
2024-12-03,0.12112708125411074,0.12138281122490366
2024-12-04,0.12188606232487945,0.12112708125411074
2024-12-05,0.11812187237201191,0.12188606232487945
2024-12-06,0.11811368149206879,0.11812187237201191
2024-12-09,0.11962057749891344,0.11811368149206879
2024-12-10,0.12022916672663457,0.11962057749891344
2024-12-11,0.12168026761736014,0.12022916672663457
2024-12-12,0.12251674932794157,0.12168026761736014
2024-12-13,0.1050103981074651,0.12251674932794157
2024-12-16,0.10501941861853722,0.1050103981074651
2024-12-17,0.10585379978713744,0.10501941861853722
2024-12-18,0.13720752395404595,0.10585379978713744
2024-12-19,0.11680264502389733,0.13720752395404595
2024-12-20,0.11992258008762838,0.11680264502389733
2024-12-23,0.12054875813394306,0.11992258008762838
2024-12-24,0.12478372221682625,0.12054875813394306
2024-12-26,0.1243784636812516,0.12478372221682625
2024-12-27,0.12835348995535759,0.1243784636812516
2024-12-30,0.13133748160049397,0.12835348995535759
2024-12-31,0.12619250059742446,0.13133748160049397
2025-01-02,0.12583444789753326,0.12619250059742446
2025-01-03,0.13058084821970434,0.12583444789753326
2025-01-06,0.13156502785000077,0.13058084821970434
2025-01-07,0.1349603742587581,0.13156502785000077
2025-01-08,0.13469942575815527,0.1349603742587581
2025-01-10,0.14115653936667866,0.13469942575815527
2025-01-13,0.14018659823399982,0.14115653936667866
2025-01-14,0.14020600774106842,0.14018659823399982
2025-01-15,0.1492575184358959,0.14020600774106842
2025-01-16,0.14916494048612006,0.1492575184358959
2025-01-17,0.15225451684064928,0.14916494048612006
2025-01-21,0.15355636063848482,0.15225451684064928
2025-01-22,0.15437518096568464,0.15355636063848482
2025-01-23,0.15507475051460762,0.15437518096568464
2025-01-24,0.15453436118782563,0.15507475051460762
2025-01-27,0.15994066164025694,0.15453436118782563
2025-01-28,0.16032062781741838,0.15994066164025694
2025-01-29,0.16014581829727312,0.16032062781741838
2025-01-30,0.16090065183608893,0.16014581829727312
2025-01-31,0.16117790529048492,0.16090065183608893
2025-02-03,0.16191667731039908,0.16117790529048492
2025-02-04,0.13570317115924976,0.16191667731039908
2025-02-05,0.13593024581387173,0.13570317115924976
2025-02-06,0.1322423110451986,0.13593024581387173
2025-02-07,0.13442126738646099,0.1322423110451986
2025-02-10,0.13200504719321923,0.13442126738646099
2025-02-11,0.13201444071336008,0.13200504719321923
2025-02-12,0.12845808526716682,0.13201444071336008
2025-02-13,0.1264824806828201,0.12845808526716682
2025-02-14,0.12571343676762875,0.1264824806828201
2025-02-18,0.12527619523137237,0.12571343676762875
2025-02-19,0.12096753360816286,0.12527619523137237
2025-02-20,0.12111563249867605,0.12096753360816286
2025-02-21,0.12730742222148245,0.12111563249867605
2025-02-24,0.12816119189159556,0.12730742222148245
2025-02-25,0.1203107068304212,0.12816119189159556
2025-02-26,0.12029077692288156,0.1203107068304212
2025-02-27,0.129773970970242,0.12029077692288156
2025-02-28,0.12691175983011518,0.129773970970242
2025-03-03,0.13688991245817284,0.12691175983011518
2025-03-04,0.13709455445894866,0.13688991245817284
2025-03-05,0.13819590300600032,0.13709455445894866
2025-03-06,0.14489005806781508,0.13819590300600032
2025-03-07,0.14495503511974697,0.14489005806781508
2025-03-10,0.1621943072707766,0.14495503511974697
2025-03-11,0.1594243864043883,0.1621943072707766
2025-03-12,0.1577280875935506,0.1594243864043883
2025-03-13,0.1607437765169872,0.1577280875935506
2025-03-14,0.1729754467415937,0.1607437765169872
2025-03-17,0.17516385939457182,0.1729754467415937
2025-03-18,0.17653910326551886,0.17516385939457182
2025-03-19,0.17873050719192615,0.17653910326551886
2025-03-20,0.17782781825790572,0.17873050719192615
2025-03-21,0.17718837811817958,0.17782781825790572
2025-03-24,0.1851256427961908,0.17718837811817958
2025-03-25,0.18387668477761362,0.1851256427961908
2025-03-26,0.18618669031976817,0.18387668477761362
2025-03-27,0.1861610954068551,0.18618669031976817
2025-03-28,0.18964155323901946,0.1861610954068551
2025-03-31,0.19154771723456432,0.18964155323901946
2025-04-01,0.19151923752539757,0.19154771723456432
2025-04-02,0.19277853435751421,0.19151923752539757
2025-04-03,0.23759891447976234,0.19277853435751421
2025-04-04,0.2860394602355925,0.23759891447976234
2025-04-07,0.2862424207573548,0.2860394602355925
2025-04-08,0.2877712804858729,0.2862424207573548
2025-04-09,0.42045465563710566,0.2877712804858729
2025-04-10,0.43640926310639866,0.42045465563710566
2025-04-11,0.43728833465570816,0.43640926310639866
2025-04-14,0.4367434988777792,0.43728833465570816
2025-04-15,0.4358450645544028,0.4367434988777792
2025-04-16,0.4378855718148784,0.4358450645544028
2025-04-17,0.4358817076317744,0.4378855718148784
2025-04-21,0.4394445515992288,0.4358817076317744
2025-04-22,0.4416945101505029,0.4394445515992288
2025-04-23,0.44405092651758793,0.4416945101505029
2025-04-24,0.44827396257307167,0.44405092651758793
2025-04-25,0.4471455357592043,0.44827396257307167
2025-04-28,0.4429558697698165,0.4471455357592043
2025-04-29,0.44274624365301996,0.4429558697698165
2025-04-30,0.4416925954153953,0.44274624365301996
2025-05-01,0.44100247994756336,0.4416925954153953
2025-05-02,0.4430953647190632,0.44100247994756336
2025-05-05,0.44342721217890624,0.4430953647190632
2025-05-06,0.4407851169944509,0.44342721217890624
2025-05-07,0.4409326481857045,0.4407851169944509
2025-05-08,0.4401813529100722,0.4409326481857045
2025-05-09,0.44013264055624146,0.4401813529100722
2025-05-12,0.44569630498267,0.44013264055624146
2025-05-13,0.4456856758451325,0.44569630498267
2025-05-14,0.4456713013099366,0.4456856758451325
2025-05-15,0.4455573644269031,0.4456713013099366
2025-05-16,0.4174437399994431,0.4455573644269031
2025-05-19,0.37139115502335646,0.4174437399994431
2025-05-20,0.37168734103405165,0.37139115502335646
2025-05-21,0.3723010104816578,0.37168734103405165
2025-05-22,0.2415115515857805,0.3723010104816578
2025-05-23,0.19882443674638747,0.2415115515857805
2025-05-27,0.2008099316664719,0.19882443674638747
2025-05-28,0.20161698796145888,0.2008099316664719
2025-05-29,0.20091158169605935,0.20161698796145888
2025-05-30,0.18628364419430818,0.20091158169605935
2025-06-02,0.1862126931497213,0.18628364419430818
2025-06-03,0.16616254727138066,0.1862126931497213
2025-06-04,0.1546415049936177,0.16616254727138066
2025-06-05,0.15290294892086556,0.1546415049936177
2025-06-06,0.14529888059718576,0.15290294892086556
2025-06-09,0.14488348248384736,0.14529888059718576
2025-06-10,0.1449106130415596,0.14488348248384736
2025-06-11,0.14554229885949832,0.1449106130415596
2025-06-12,0.14541588891694235,0.14554229885949832
2025-06-13,0.15038413043508275,0.14541588891694235
2025-06-16,0.1473204500854941,0.15038413043508275
2025-06-17,0.14884349217465703,0.1473204500854941
2025-06-18,0.14574898460550145,0.14884349217465703
2025-06-20,0.14621550249006113,0.14574898460550145
2025-06-23,0.14729656805305463,0.14621550249006113
2025-06-24,0.14912603549542247,0.14729656805305463
2025-06-25,0.1189813076785643,0.14912603549542247
2025-06-26,0.11948598536021021,0.1189813076785643
2025-06-27,0.11990386673463733,0.11948598536021021
2025-06-30,0.11988002015312237,0.11990386673463733
2025-07-01,0.11915804340057236,0.11988002015312237
2025-07-02,0.11949833327801589,0.11915804340057236
2025-07-03,0.11994726102370323,0.11949833327801589
2025-07-07,0.10966921785818932,0.11994726102370323
2025-07-08,0.10983747319143625,0.10966921785818932
2025-07-09,0.10694594458711049,0.10983747319143625
2025-07-10,0.09238520230466402,0.10694594458711049
2025-07-11,0.09093700505230962,0.09238520230466402
2025-07-14,0.09076533197025718,0.09093700505230962
2025-07-15,0.09216413486166498,0.09076533197025718
2025-07-16,0.09160045899409598,0.09216413486166498
2025-07-17,0.09176008319059938,0.09160045899409598
2025-07-18,0.09186251258539677,0.09176008319059938
2025-07-21,0.08966192316153394,0.09186251258539677
2025-07-22,0.08638029068557429,0.08966192316153394
2025-07-23,0.08852258699011435,0.08638029068557429
2025-07-24,0.08793728924516954,0.08852258699011435
2025-07-25,0.08707685802890373,0.08793728924516954
2025-07-28,0.08711678435707652,0.08707685802890373
2025-07-29,0.0790486898638587,0.08711678435707652
2025-07-30,0.0765142363454841,0.0790486898638587
2025-07-31,0.07196264050952655,0.0765142363454841
2025-08-01,0.0896395818334372,0.07196264050952655
2025-08-04,0.09718250658030661,0.0896395818334372
2025-08-05,0.09636015208185408,0.09718250658030661
2025-08-06,0.09395303421702686,0.09636015208185408
2025-08-07,0.09414863764199499,0.09395303421702686
2025-08-08,0.09413317843488431,0.09414863764199499
2025-08-11,0.09397116356189812,0.09413317843488431
2025-08-12,0.09738720244269826,0.09397116356189812
2025-08-13,0.097444122776647,0.09738720244269826
2025-08-14,0.0970707572336963,0.097444122776647
2025-08-15,0.09556961490497556,0.0970707572336963
2025-08-18,0.09226306387679685,0.09556961490497556
2025-08-19,0.094135657864575,0.09226306387679685
2025-08-20,0.09351723897355248,0.094135657864575
2025-08-21,0.09429523603753998,0.09351723897355248
2025-08-22,0.10262760244036882,0.09429523603753998
2025-08-25,0.1038434234454575,0.10262760244036882
2025-08-26,0.1030458401388349,0.1038434234454575
2025-08-27,0.10290128220531851,0.1030458401388349
2025-08-28,0.10209972735643043,0.10290128220531851
2025-08-29,0.10402924225468303,0.10209972735643043
2025-09-02,0.1067465336583937,0.10402924225468303
2025-09-03,0.10763470592821531,0.1067465336583937
2025-09-04,0.10754312425491151,0.10763470592821531
2025-09-05,0.10806552675407409,0.10754312425491151
2025-09-08,0.1076827534993974,0.10806552675407409
2025-09-09,0.10776085464565997,0.1076827534993974
2025-09-10,0.10746502909788047,0.10776085464565997
2025-09-11,0.10935395083159992,0.10746502909788047
2025-09-12,0.10845269726590517,0.10935395083159992
2025-09-15,0.0948609030652905,0.10845269726590517
2025-09-16,0.08684515672854216,0.0948609030652905
2025-09-17,0.08501406490568615,0.08684515672854216
2025-09-18,0.08361309493314824,0.08501406490568615
2025-09-19,0.08387519632380228,0.08361309493314824
2025-09-22,0.08241522706001413,0.08387519632380228
2025-09-23,0.08432603119517398,0.08241522706001413
2025-09-24,0.08079063203101355,0.08432603119517398
2025-09-25,0.0820803208488242,0.08079063203101355
2025-09-26,0.08328722180965324,0.0820803208488242
2025-09-29,0.08285214142650456,0.08328722180965324
2025-09-30,0.08309376867449199,0.08285214142650456
2025-10-01,0.08082172794926193,0.08309376867449199
2025-10-02,0.07984439325466303,0.08082172794926193
2025-10-03,0.07818704015146881,0.07984439325466303
2025-10-06,0.06733684535635968,0.07818704015146881
2025-10-07,0.0668409692444946,0.06733684535635968
2025-10-08,0.06765961567244394,0.0668409692444946
2025-10-09,0.0688017922674285,0.06765961567244394
2025-10-10,0.10765005148698907,0.0688017922674285
2025-10-13,0.11424038986776049,0.10765005148698907
2025-10-14,0.11163752127727186,0.11424038986776049
2025-10-15,0.11135499864592908,0.11163752127727186
2025-10-16,0.11157552826934022,0.11135499864592908
2025-10-17,0.11194722962484967,0.11157552826934022
2025-10-20,0.11515144626571198,0.11194722962484967
2025-10-21,0.11515869053524255,0.11515144626571198
2025-10-22,0.11648191340811331,0.11515869053524255
2025-10-23,0.11537396113954852,0.11648191340811331
2025-10-24,0.11724804103355678,0.11537396113954852
2025-10-27,0.12068413423209139,0.11724804103355678
2025-10-28,0.12047290610793926,0.12068413423209139
2025-10-29,0.12024373301176262,0.12047290610793926
2025-10-30,0.12517093977101543,0.12024373301176262
2025-10-31,0.12480379178631998,0.12517093977101543
2025-11-03,0.12432049868202329,0.12480379178631998
2025-11-04,0.12849799103764958,0.12432049868202329
2025-11-05,0.12823989802265232,0.12849799103764958
2025-11-06,0.1317109959508976,0.12823989802265232
2025-11-07,0.13083083090308434,0.1317109959508976
2025-11-10,0.13778322813390276,0.13083083090308434
2025-11-11,0.13758170154433771,0.13778322813390276
2025-11-12,0.13736671438727488,0.13758170154433771
2025-11-13,0.14638108520577717,0.13736671438727488
2025-11-14,0.14638308865689875,0.14638108520577717
2025-11-17,0.1485257478215851,0.14638308865689875
2025-11-18,0.1500907484622089,0.1485257478215851
2025-11-19,0.14943739066186315,0.1500907484622089
2025-11-20,0.15540340708739303,0.14943739066186315
2025-11-21,0.13669451823922824,0.15540340708739303
2025-11-24,0.13612040590806773,0.13669451823922824
2025-11-25,0.13853713949972335,0.13612040590806773
2025-11-26,0.1392998211119632,0.13853713949972335
2025-11-28,0.13805445209369563,0.1392998211119632
2025-12-01,0.1383221125711643,0.13805445209369563
2025-12-02,0.13538033527422672,0.1383221125711643
2025-12-03,0.13563833928875466,0.13538033527422672
2025-12-04,0.13450667424141413,0.13563833928875466
2025-12-05,0.1336861118425257,0.13450667424141413
2025-12-08,0.13217984723366555,0.1336861118425257
2025-12-09,0.1276914589822397,0.13217984723366555
2025-12-10,0.12894384303790796,0.1276914589822397
2025-12-11,0.12911109641010549,0.12894384303790796
2025-12-12,0.1289263348982032,0.12911109641010549
2025-12-15,0.12864639505381983,0.1289263348982032
2025-12-16,0.12873625320056298,0.12864639505381983
2025-12-17,0.1280793618409209,0.12873625320056298
2025-12-18,0.12961770367717027,0.1280793618409209
2025-12-19,0.12807070358202424,0.12961770367717027
2025-12-22,0.129096567540505,0.12807070358202424
2025-12-23,0.12197035735295776,0.129096567540505
2025-12-24,0.12218510041318684,0.12197035735295776
2025-12-26,0.12219530671506053,0.12218510041318684
2025-12-29,0.1116230527491994,0.12219530671506053
2025-12-30,0.11175057331942768,0.1116230527491994
2025-12-31,0.1103553001051283,0.11175057331942768
2026-01-02,0.10676143739435817,0.1103553001051283
2026-01-05,0.10765364258427383,0.10676143739435817
2026-01-06,0.09601442329599624,0.10765364258427383
2026-01-07,0.09419691599794922,0.09601442329599624
2026-01-08,0.08582921059448151,0.09419691599794922
2026-01-09,0.08387033038872495,0.08582921059448151
2026-01-12,0.08204179438544264,0.08387033038872495
2026-01-13,0.08125249767245583,0.08204179438544264
2026-01-14,0.08145320909484177,0.08125249767245583
2026-01-15,0.08160895035264962,0.08145320909484177
2026-01-16,0.08125937612352674,0.08160895035264962
2026-01-20,0.10158018712697223,0.08125937612352674
2026-01-21,0.10697667568003194,0.10158018712697223
2026-01-22,0.10756203372629676,0.10697667568003194
2026-01-23,0.10749970347193195,0.10756203372629676
2026-01-26,0.10681508209753576,0.10749970347193195
2026-01-27,0.10718739705174843,0.10681508209753576
2026-01-28,0.10181142961627461,0.10718739705174843
2026-01-29,0.10191263972531885,0.10181142961627461
2026-01-30,0.10198965477062603,0.10191263972531885
2026-02-02,0.09629417739106756,0.10198965477062603
2026-02-03,0.0984194709861403,0.09629417739106756
2026-02-04,0.09646515890661916,0.0984194709861403
2026-02-05,0.10163624061086297,0.09646515890661916
2026-02-06,0.11539213902181258,0.10163624061086297
2026-02-09,0.11578368354264537,0.11539213902181258
2026-02-10,0.11606928723453379,0.11578368354264537
2026-02-11,0.1155573441525675,0.11606928723453379
2026-02-12,0.12424512599449965,0.1155573441525675
2026-02-13,0.12239685451517678,0.12424512599449965
2026-02-17,0.12236987934541303,0.12239685451517678
2026-02-18,0.12169516524145652,0.12236987934541303
2026-02-19,0.12055364167186304,0.12169516524145652
2026-02-20,0.1221746794300854,0.12055364167186304
2026-02-23,0.12574098884537535,0.1221746794300854
2026-02-24,0.12606661777191966,0.12574098884537535
2026-02-25,0.12849105185302556,0.12606661777191966
2026-02-26,0.12936403689127857,0.12849105185302556
2026-02-27,0.12932841357199915,0.12936403689127857
2026-03-02,0.12905472095178816,0.12932841357199915
2026-03-03,0.13142313678553552,0.12905472095178816
2026-03-04,0.11861419096134249,0.13142313678553552
2026-03-05,0.11498676373691381,0.11861419096134249
2026-03-06,0.11973663071158117,0.11498676373691381
2026-03-09,0.12286009922177703,0.11973663071158117
2026-03-10,0.12173433386675896,0.12286009922177703
2026-03-11,0.12090832093667807,0.12173433386675896
2026-03-12,0.127829382114234,0.12090832093667807
2026-03-13,0.12841296730268367,0.127829382114234
2026-03-16,0.132699506054697,0.12841296730268367
2026-03-17,0.13194062816896632,0.132699506054697
2026-03-18,0.13554533597205343,0.13194062816896632
2026-03-19,0.13519051712118646,0.13554533597205343
2026-03-20,0.1366461042199064,0.13519051712118646
2026-03-23,0.1275042168536568,0.1366461042199064
2026-03-24,0.12609566042549789,0.1275042168536568
2026-03-25,0.12791798307124802,0.12609566042549789
2026-03-26,0.1363130946399154,0.12791798307124802
2026-03-27,0.13777101602628253,0.1363130946399154
2026-03-30,0.1375032080737821,0.13777101602628253
2026-03-31,0.16417106171630205,0.1375032080737821
2026-04-01,0.16518696278383127,0.16417106171630205
2026-04-02,0.16528434809606013,0.16518696278383127
2026-04-06,0.1643210653887996,0.16528434809606013
2026-04-07,0.16222867353117748,0.1643210653887996
2026-04-08,0.1777533969265803,0.16222867353117748
2026-04-09,0.17676781276111517,0.1777533969265803
2026-04-10,0.17612831143152113,0.17676781276111517
2026-04-13,0.17798476889568546,0.17612831143152113
2026-04-14,0.18136285573680788,0.17798476889568546
2026-04-15,0.18035407225718875,0.18136285573680788
2026-04-16,0.1795185570901229,0.18035407225718875
2026-04-17,0.18124184824481354,0.1795185570901229
2026-04-20,0.17620467103869158,0.18124184824481354
2026-04-21,0.17659177802837886,0.17620467103869158
2026-04-22,0.17813919416940538,0.17659177802837886
2026-04-23,0.17868453981253954,0.17813919416940538
2026-04-24,0.17205457922962725,0.17868453981253954
2026-04-27,0.17036289863264378,0.17205457922962725
2026-04-28,0.17019264288699443,0.17036289863264378
2026-04-29,0.17031597528781986,0.17019264288699443
2026-04-30,0.16468247277156256,0.17031597528781986
2026-05-01,0.16390883804493206,0.16468247277156256
2026-05-04,0.1567495075997311,0.16390883804493206
2026-05-05,0.15594881020411785,0.1567495075997311
2026-05-06,0.15749633082864373,0.15594881020411785
2026-05-07,0.15867904066366742,0.15749633082864373
2026-05-08,0.14528078251808896,0.15867904066366742
2026-05-11,0.13022689670134469,0.14528078251808896
2026-05-12,0.12929649004283905,0.13022689670134469
2026-05-13,0.10851736044232363,0.12929649004283905
2026-05-14,0.10861081205459089,0.10851736044232363
2026-05-15,0.11837247395985676,0.10861081205459089
2026-05-18,0.11912251003773967,0.11837247395985676
2026-05-19,0.1226098245319754,0.11912251003773967
2026-05-20,0.10631492267957031,0.1226098245319754
2026-05-21,0.10604991879418979,0.10631492267957031
2026-05-22,0.10552601832767013,0.10604991879418979
2026-05-26,0.10420611215151708,0.10552601832767013
2026-05-27,0.10089682364682677,0.10420611215151708
2026-05-28,0.10005336061171018,0.10089682364682677
2026-05-29,0.10005325531918664,0.10005336061171018
2026-06-01,0.09592104952385651,0.10005325531918664
2026-06-02,0.09513397123921319,0.09592104952385651
2026-06-03,0.0955270388642584,0.09513397123921319
2026-06-04,0.09277207381532786,0.0955270388642584
2026-06-05,0.12279781465031875,0.09277207381532786
2026-06-08,0.12134489234021445,0.12279781465031875
2026-06-09,0.12190815962221396,0.12134489234021445
2026-06-10,0.13040845711086357,0.12190815962221396
2026-06-11,0.13857241388630354,0.13040845711086357
2026-06-12,0.13671798120365147,0.13857241388630354
2026-06-15,0.1447351942795246,0.13671798120365147
2026-06-16,0.14561030061357497,0.1447351942795246
2026-06-17,0.14973896947712975,0.14561030061357497
2026-06-18,0.1474423887716404,0.14973896947712975
2026-06-22,0.14746045208037753,0.1474423887716404
2026-06-23,0.15208297904682475,0.14746045208037753
2026-06-24,0.15191880498107144,0.15208297904682475
2026-06-25,0.15193633051362043,0.15191880498107144
2026-06-26,0.15232886466688605,0.15193633051362043
2026-06-29,0.15824833188882628,0.15232886466688605
2026-06-30,0.155754838255059,0.15824833188882628
2026-07-01,0.1558071855529729,0.155754838255059
2026-07-02,0.15445599667160495,0.1558071855529729
2026-07-06,0.15370076790543205,0.15445599667160495
2026-07-07,0.15439029889745343,0.15370076790543205
2026-07-08,0.15430226232316593,0.15439029889745343
2026-07-09,0.1550577514799068,0.15430226232316593
2026-07-10,0.15552187142835766,0.1550577514799068
2026-07-13,0.15637198968208693,0.15552187142835766
2026-07-14,0.1565569546493701,0.15637198968208693
2026-07-15,0.1567926267915736,0.1565569546493701
2026-07-16,0.15748596814878638,0.1567926267915736
2026-07-17,0.15878530471213453,0.15748596814878638
2026-07-20,0.15832192314008897,0.15878530471213453
2026-07-21,0.14045727785102036,0.15832192314008897
2026-07-22,0.14044901978051644,0.14045727785102036
2026-07-23,0.14505592775782367,0.14044901978051644
2026-07-24,0.13686780410089538,0.14505592775782367
2026-07-27,0.12801239961928038,0.13686780410089538
2026-07-28,0.12723635278705328,0.12801239961928038
2026-07-29,0.12383256147008824,0.12723635278705328
2026-07-30,0.1330116018438218,0.12383256147008824
2026-07-31,0.12944967355946516,0.1330116018438218
2026-08-03,0.1324303191626573,0.12944967355946516
2026-08-04,0.14114163340856073,0.1324303191626573
2026-08-05,0.13337858004840963,0.14114163340856073
2026-08-06,0.13357214333388895,0.13337858004840963
2026-08-07,0.13421371211538485,0.13357214333388895
2026-08-10,0.13165824158043307,0.13421371211538485
2026-08-11,0.12512409321711435,0.13165824158043307
2026-08-12,0.12368785039942123,0.12512409321711435
2026-08-13,0.12457911307300222,0.12368785039942123
2026-08-14,0.12472054312001786,0.12457911307300222
2026-08-17,0.12395485779619853,0.12472054312001786
2026-08-18,0.12489414933613972,0.12395485779619853
2026-08-19,0.12436787590018251,0.12489414933613972
2026-08-20,0.12526420050085524,0.12436787590018251
2026-08-21,0.12520799421537354,0.12526420050085524
2026-08-24,0.12326218795097178,0.12520799421537354
2026-08-25,0.1231938033429375,0.12326218795097178
2026-08-26,0.12278948692562476,0.1231938033429375
2026-08-27,0.12266715595843283,0.12278948692562476
2026-08-28,0.11872767557945028,0.12266715595843283
