Date,EGARCH_ConditionalVol
2010-01-05,0.15339987111486642
2010-01-06,0.14158399648172781
2010-01-07,0.13073619256785235
2010-01-08,0.12214035616426218
2010-01-11,0.11432722791521303
2010-01-12,0.10690235756381367
2010-01-13,0.13189660357094532
2010-01-14,0.12428572350635994
2010-01-15,0.11605462904108418
2010-01-19,0.14664687930369602
2010-01-20,0.1382899869659252
2010-01-21,0.16115732295189383
2010-01-22,0.21413954227274729
2010-01-25,0.2674231437751863
2010-01-26,0.2402633034958485
2010-01-27,0.22886641839331512
2010-01-28,0.20731069759376322
2010-01-29,0.22337301905069953
2010-02-01,0.23485967843267017
2010-02-02,0.2152137125255722
2010-02-03,0.19751219912240844
2010-02-04,0.19475345755597454
2010-02-05,0.2891773095022361
2010-02-08,0.25791743908185183
2010-02-09,0.25266723656334505
2010-02-10,0.22962268613886358
2010-02-11,0.21345859706796688
2010-02-12,0.19558265433036065
2010-02-16,0.18111609342466928
2010-02-17,0.16909982084727465
2010-02-18,0.1558030788430732
2010-02-19,0.14453563107361383
2010-02-22,0.13368322123417947
2010-02-23,0.12445558297852624
2010-02-24,0.15702186027460086
2010-02-25,0.14646855791444113
2010-02-26,0.14001391313230474
2010-03-01,0.1293405134442527
2010-03-02,0.12255700344002964
2010-03-03,0.11454663317770696
2010-03-04,0.10696203835249489
2010-03-05,0.10080313415592561
2010-03-08,0.09838650306133749
2010-03-09,0.09322069190250137
2010-03-10,0.08818135018302166
2010-03-11,0.0844229127423397
2010-03-12,0.08097127810969267
2010-03-15,0.07786231639960244
2010-03-16,0.07455778602749576
2010-03-17,0.07312398008566344
2010-03-18,0.07126213619078779
2010-03-19,0.07086044227936111
2010-03-22,0.08557653748946376
2010-03-23,0.0823275833687819
2010-03-24,0.07987015130644154
2010-03-25,0.09265181279188148
2010-03-26,0.0934103553307291
2010-03-29,0.09102042644070568
2010-03-30,0.08748260540691294
2010-03-31,0.08277249894612897
2010-04-01,0.09027706470711759
2010-04-05,0.08695076631438357
2010-04-06,0.0843292527809134
2010-04-07,0.08039232099903458
2010-04-08,0.09616177826242191
2010-04-09,0.09129769186952831
2010-04-12,0.08779067941574806
2010-04-13,0.08329432281050932
2010-04-14,0.07902553890732886
2010-04-15,0.07809498671714347
2010-04-16,0.07435750584029374
2010-04-19,0.13813094275224871
2010-04-20,0.1285175145170629
2010-04-21,0.12144387058429745
2010-04-22,0.11945504757241132
2010-04-23,0.11186326745409815
2010-04-26,0.10609357559055806
2010-04-27,0.11198526315246601
2010-04-28,0.20138578353442071
2010-04-29,0.18446198586825135
2010-04-30,0.1711170966910397
2010-05-03,0.21301548546861643
2010-05-04,0.19584885759235504
2010-05-05,0.25812489668416
2010-05-06,0.24911994256477768
2010-05-07,0.33797032577502967
2010-05-10,0.34260408542482595
2010-05-11,0.3134506144541332
2010-05-12,0.28690341236127453
2010-05-13,0.25902475879017534
2010-05-14,0.269600619082143
2010-05-17,0.29690380568834274
2010-05-18,0.264057111480424
2010-05-19,0.27751826306393207
2010-05-20,0.26471661374361993
2010-05-21,0.3686647384029646
2010-05-24,0.32786718748604304
2010-05-25,0.3279783615259459
2010-05-26,0.2903661508896915
2010-05-27,0.2764933209718918
2010-05-28,0.2551899229151043
2010-06-01,0.2667885094429285
2010-06-02,0.2903059692294598
2010-06-03,0.26496344290617063
2010-06-04,0.23774468255099057
2010-06-07,0.3381754499717488
2010-06-08,0.3353559043406669
2010-06-09,0.2990072112648343
2010-06-10,0.2817973943833251
2010-06-11,0.2585873516596609
2010-06-14,0.23268620456837172
2010-06-15,0.21493327423213737
2010-06-16,0.2000308196460517
2010-06-17,0.18362746489039358
2010-06-18,0.1675796609953356
2010-06-21,0.1535261570974602
2010-06-22,0.15057068821066708
2010-06-23,0.19498225738193115
2010-06-24,0.1870569591221363
2010-06-25,0.2243625462085117
2010-06-28,0.20330906506542834
2010-06-29,0.19434283572002797
2010-06-30,0.2889398977900064
2010-07-01,0.2855175096323505
2010-07-02,0.2679139016077013
2010-07-06,0.2559106116687915
2010-07-07,0.23084433428412748
2010-07-08,0.21590587756972793
2010-07-09,0.19753424994626553
2010-07-12,0.18111101351185377
2010-07-13,0.16515176423163905
2010-07-14,0.15509659052636895
2010-07-15,0.14395964596808639
2010-07-16,0.13320827158191334
2010-07-19,0.2341054338558206
2010-07-20,0.21208638844564634
2010-07-21,0.19456679200625257
2010-07-22,0.21786490795763777
2010-07-23,0.20243382496135015
2010-07-26,0.18564522441727535
2010-07-27,0.1716213390111197
2010-07-28,0.1583309102629343
2010-07-29,0.1657270086969135
2010-07-30,0.16715597811551652
2010-08-02,0.15470976657627244
2010-08-03,0.14800975849428616
2010-08-04,0.15162281105172096
2010-08-05,0.1410959385402259
2010-08-06,0.13448093231894143
2010-08-09,0.13769514371043903
2010-08-10,0.12855089417012647
2010-08-11,0.13672868863749987
2010-08-12,0.2353678797234557
2010-08-13,0.2303813143377298
2010-08-16,0.21689178198562029
2010-08-17,0.1984062290279049
2010-08-18,0.18311619183711242
2010-08-19,0.16719375544348716
2010-08-20,0.21156939204361283
2010-08-23,0.20168260665224538
2010-08-24,0.1948666200457746
2010-08-25,0.22451377902935649
2010-08-26,0.20336025792483883
2010-08-27,0.20492925614221233
2010-08-30,0.18956153054519356
2010-08-31,0.21896712899243342
2010-09-01,0.19891544392487218
2010-09-02,0.18816077626904815
2010-09-03,0.17350607820222685
2010-09-07,0.16178662923563983
2010-09-08,0.1846584956807658
2010-09-09,0.1698825175928442
2010-09-10,0.15645160961631488
2010-09-13,0.14487811447406418
2010-09-14,0.1363788285147497
2010-09-15,0.12908635486735975
2010-09-16,0.12058108547970879
2010-09-17,0.11417174837000224
2010-09-20,0.1066950984199265
2010-09-21,0.1038910256019717
2010-09-22,0.10455975123949392
2010-09-23,0.11433760993425972
2010-09-24,0.13370853975507058
2010-09-27,0.12914627154228395
2010-09-28,0.13529845078665612
2010-09-29,0.1259596385678664
2010-09-30,0.12319890471642939
2010-10-01,0.12445707954834445
2010-10-04,0.11660544035415728
2010-10-05,0.1335000359626051
2010-10-06,0.12883102271243807
2010-10-07,0.12093471624313708
2010-10-08,0.11720175023188727
2010-10-11,0.11057293327990265
2010-10-12,0.10345248782207755
2010-10-13,0.09769730708120036
2010-10-14,0.09383809990465174
2010-10-15,0.10163932475060117
2010-10-18,0.09580216580803329
2010-10-19,0.09137262220325174
2010-10-20,0.13507180925329967
2010-10-21,0.12742667249711448
2010-10-22,0.11869122419363178
2010-10-25,0.11088931653761169
2010-10-26,0.10427150578254823
2010-10-27,0.09848388644597927
2010-10-28,0.10240438152175167
2010-10-29,0.09681876656258842
2010-11-01,0.09115590663697595
2010-11-02,0.08629107435433443
2010-11-03,0.08367737957298205
2010-11-04,0.08025784335539313
2010-11-05,0.08142992453449574
2010-11-08,0.07816547159796211
2010-11-09,0.081247373975971
2010-11-10,0.10236532871914081
2010-11-11,0.0969832304615728
2010-11-12,0.10396482838719218
2010-11-15,0.13933783192668453
2010-11-16,0.13395865798882492
2010-11-17,0.17819202060377812
2010-11-18,0.16258651346791908
2010-11-19,0.1527700614000266
2010-11-22,0.14106136250092075
2010-11-23,0.13378800433224594
2010-11-24,0.1736305448184097
2010-11-26,0.16236857887873743
2010-11-29,0.18645002782392
2010-11-30,0.17039096585734145
2010-12-01,0.1734655684073913
2010-12-02,0.16393842170798356
2010-12-03,0.1534405759819501
2010-12-06,0.1416313856193015
2010-12-07,0.13493516409735848
2010-12-08,0.12486520078567023
2010-12-09,0.11682081010254601
2010-12-10,0.10977688492119139
2010-12-13,0.10405247165782487
2010-12-14,0.09757592045361059
2010-12-15,0.09186545700992584
2010-12-16,0.10213956008281111
2010-12-17,0.09726079722897914
2010-12-20,0.0916345185403704
2010-12-21,0.08696396574443066
2010-12-22,0.08384504305024365
2010-12-23,0.08016150881450863
2010-12-27,0.08166032659572828
2010-12-28,0.07758707500259107
2010-12-29,0.07406386822359923
2010-12-30,0.07068216940608393
2010-12-31,0.07363607434472907
2011-01-03,0.07079831374057578
2011-01-04,0.0703873642318794
2011-01-05,0.07018357690225756
2011-01-06,0.06839632543819162
2011-01-07,0.07275837462655196
2011-01-10,0.07668521975367389
2011-01-11,0.0780100044136517
2011-01-12,0.07502208166096648
2011-01-13,0.07383776792463909
2011-01-14,0.07661465723628913
2011-01-18,0.0747812680017422
2011-01-19,0.07160045746066362
2011-01-20,0.10540743065240132
2011-01-21,0.10383474047583292
2011-01-24,0.09781674870640962
2011-01-25,0.09337684770784946
2011-01-26,0.0880193946723538
2011-01-27,0.08411845588004317
2011-01-28,0.08023254558203344
2011-01-31,0.15001784292827458
2011-02-01,0.13991452004119737
2011-02-02,0.1333402602214103
2011-02-03,0.13016549322815285
2011-02-04,0.12110759415969999
2011-02-07,0.11328227544077298
2011-02-08,0.10727689743682928
2011-02-09,0.10149095941249622
2011-02-10,0.10319660100084363
2011-02-11,0.09693127251404468
2011-02-14,0.09266342844685548
2011-02-15,0.08788286548807683
2011-02-16,0.09394471512807949
2011-02-17,0.09008969771952281
2011-02-18,0.08573546525634775
2011-02-22,0.0815827004204305
2011-02-23,0.16624111575342357
2011-02-24,0.17152635066183708
2011-02-25,0.15991713720065062
2011-02-28,0.14938454752277372
2011-03-01,0.1390125088224317
2011-03-02,0.18659174036064702
2011-03-03,0.17028147393511392
2011-03-04,0.16011172600969936
2011-03-07,0.17056929518147276
2011-03-08,0.18063184448515723
2011-03-09,0.16685070390853896
2011-03-10,0.15797644614067388
2011-03-11,0.20874302677592776
2011-03-14,0.1906161839019802
2011-03-15,0.19204377022422972
2011-03-16,0.21056083650323992
2011-03-17,0.2504228201006291
2011-03-18,0.22788574140158271
2011-03-21,0.20618333413325643
2011-03-22,0.19064126232634757
2011-03-23,0.1843931696151434
2011-03-24,0.16856860533992582
2011-03-25,0.15660763381801088
2011-03-28,0.14449024672211483
2011-03-29,0.1414505706836109
2011-03-30,0.13220918992880581
2011-03-31,0.12414859596039662
2011-04-01,0.12046591195341544
2011-04-04,0.11308739457573821
2011-04-05,0.10565155740339854
2011-04-06,0.10062147847537309
2011-04-07,0.09519335243453625
2011-04-08,0.09849337534715934
2011-04-11,0.10427346867798064
2011-04-12,0.107967393874106
2011-04-13,0.12604225409291112
2011-04-14,0.11845143723079188
2011-04-15,0.11038397262538804
2011-04-18,0.104008377829334
2011-04-19,0.136824800085712
2011-04-20,0.127894705350398
2011-04-21,0.12215742135159981
2011-04-25,0.11481739200819827
2011-04-26,0.11133697362581702
2011-04-27,0.10618721181619614
2011-04-28,0.10105717498288254
2011-04-29,0.0956060193541189
2011-05-02,0.09050063206738178
2011-05-03,0.0912304539606823
2011-05-04,0.0983544332170269
2011-05-05,0.11485836570650128
2011-05-06,0.13751275601476617
2011-05-09,0.12814608124871155
2011-05-10,0.11976845781313754
2011-05-11,0.11362654360939436
2011-05-12,0.14198303016667077
2011-05-13,0.13215705372656825
2011-05-16,0.14742250279326521
2011-05-17,0.15600954748363166
2011-05-18,0.1449217751465154
2011-05-19,0.13583603104305472
2011-05-20,0.12613552275099793
2011-05-23,0.14313426460897635
2011-05-24,0.17032398330226325
2011-05-25,0.1592843222432636
2011-05-26,0.14689642302048583
2011-05-27,0.13641778064491528
2011-05-31,0.12703105412432394
2011-06-01,0.12053214140478201
2011-06-02,0.19997737562160903
2011-06-03,0.18554004873805816
2011-06-06,0.20009693451374122
2011-06-07,0.21441447906725286
2011-06-08,0.1967163562887095
2011-06-09,0.19171264514189032
2011-06-10,0.17613400751930083
2011-06-13,0.20582649456411287
2011-06-14,0.1865185343071385
2011-06-15,0.17296911434400683
2011-06-16,0.2176461866296558
2011-06-17,0.19704008807835416
2011-06-20,0.17952119514968543
2011-06-21,0.1649397219796004
2011-06-22,0.15454690423746703
2011-06-23,0.16112464296595985
2011-06-24,0.1571933715135728
2011-06-27,0.18202846005861517
2011-06-28,0.1681012285302879
2011-06-29,0.15712036123822348
2011-06-30,0.1463872546456562
2011-07-01,0.13728387859979743
2011-07-05,0.13070613089194796
2011-07-06,0.12468051322097448
2011-07-07,0.11600196245791862
2011-07-08,0.11079412235744455
2011-07-11,0.12711336061655115
2011-07-12,0.18361244298405965
2011-07-13,0.1808655826076868
2011-07-14,0.16564266509973796
2011-07-15,0.1734025080523036
2011-07-18,0.1598168712001664
2011-07-19,0.1726268206361576
2011-07-20,0.16188259598352575
2011-07-21,0.15130410403796615
2011-07-22,0.14272151395070987
2011-07-25,0.13172406640092843
2011-07-26,0.14003001222316777
2011-07-27,0.14147044642009302
2011-07-28,0.2046993234781109
2011-07-29,0.19483703284561718
2011-08-01,0.1980864801484245
2011-08-02,0.1930784483461747
2011-08-03,0.26447668802612023
2011-08-04,0.23783553592524323
2011-08-05,0.39476004198735476
2011-08-08,0.35123617869963564
2011-08-09,0.5537828522855601
2011-08-10,0.48855139525289426
2011-08-11,0.5613574052809683
2011-08-12,0.49435340499040237
2011-08-15,0.43009945175927344
2011-08-16,0.380599432911307
2011-08-17,0.35899312045068366
2011-08-18,0.3162869453090309
2011-08-19,0.4283462947039164
2011-08-22,0.42118877718303843
2011-08-23,0.36814912804344185
2011-08-24,0.33201200551664367
2011-08-25,0.29705023258942065
2011-08-26,0.3100437308029894
2011-08-29,0.27869166431851206
2011-08-30,0.2558350706302788
2011-08-31,0.22977718675703906
2011-09-01,0.20800777168334175
2011-09-02,0.2207040622556734
2011-09-06,0.2852711090592638
2011-09-07,0.2759049964616922
2011-09-08,0.2533427725878903
2011-09-09,0.2584580417879795
2011-09-12,0.31699347808767914
2011-09-13,0.282503486504397
2011-09-14,0.2540774842719553
2011-09-15,0.23115182622758004
2011-09-16,0.21248706569575151
2011-09-19,0.19357151422909244
2011-09-20,0.2068990020068016
2011-09-21,0.1917747628651929
2011-09-22,0.2806886416254914
2011-09-23,0.3577824357212738
2011-09-26,0.3166201117208188
2011-09-27,0.28656352468322194
2011-09-28,0.25802475271717135
2011-09-29,0.2954863671846878
2011-09-30,0.26473256390401706
2011-10-03,0.31733846299533125
2011-10-04,0.3714476922740796
2011-10-05,0.3320219640077889
2011-10-06,0.29817482782099075
2011-10-07,0.26958731003062214
2011-10-10,0.26095339498745124
2011-10-11,0.2420159809431153
2011-10-12,0.2175824411463053
2011-10-13,0.1986816508039309
2011-10-14,0.18703558698094605
2011-10-17,0.17456972419638198
2011-10-18,0.22399815978560642
2011-10-19,0.20696338347016596
2011-10-20,0.2242573063514767
2011-10-21,0.20326697271215236
2011-10-24,0.18904361085099042
2011-10-25,0.17503820880473156
2011-10-26,0.2257569602138487
2011-10-27,0.20604221660802702
2011-10-28,0.19556731950948703
2011-10-31,0.1794402335843135
2011-11-01,0.24827718505442425
2011-11-02,0.3156168246014345
2011-11-03,0.2838328144576011
2011-11-04,0.2575069936128226
2011-11-07,0.24901403170530795
2011-11-08,0.2248861682300425
2011-11-09,0.2059867436273621
2011-11-10,0.32536467912733785
2011-11-11,0.29028980288584705
2011-11-14,0.26311613971547965
2011-11-15,0.26382403715461394
2011-11-16,0.23715930385506326
2011-11-17,0.2627610802704986
2011-11-18,0.2838545796647549
2011-11-21,0.257068112608267
2011-11-22,0.28982940523251316
2011-11-23,0.27005455759845176
2011-11-25,0.31097665709354305
2011-11-28,0.2822006653828522
2011-11-29,0.2588608111848473
2011-11-30,0.23240337433136554
2011-12-01,0.21973668147509087
2011-12-02,0.20001209379306512
2011-12-05,0.18506417296000757
2011-12-06,0.17124373911469068
2011-12-07,0.15687713630464106
2011-12-08,0.14490030236422352
2011-12-09,0.2137227458822621
2011-12-12,0.19748802565930149
2011-12-13,0.2258032736637102
2011-12-14,0.23206511898298965
2011-12-15,0.24143486722524402
2011-12-16,0.2177564779757393
2011-12-19,0.1969484376092459
2011-12-20,0.21213389419011783
2011-12-21,0.19959106593238182
2011-12-22,0.1814483517646641
2011-12-23,0.16758564745773744
2011-12-27,0.1555905360861405
2011-12-28,0.1430084961118469
2011-12-29,0.17583680262717127
2011-12-30,0.16311370641400105
2012-01-03,0.16503965306205
2012-01-04,0.15522330647026045
2012-01-05,0.14289211308151784
2012-01-06,0.13239911763539902
2012-01-09,0.13131619489023283
2012-01-10,0.12217454446037163
2012-01-11,0.11578594147006044
2012-01-12,0.10796683478054636
2012-01-13,0.10152753138944479
2012-01-17,0.11257025881151025
2012-01-18,0.10600940939691053
2012-01-19,0.10212659824839511
2012-01-20,0.09710716045055164
2012-01-23,0.09221320043566904
2012-01-24,0.09595899932387705
2012-01-25,0.09488944690788415
2012-01-26,0.09149330200228357
2012-01-27,0.10370901689729177
2012-01-30,0.09977249918459778
2012-01-31,0.10528068447320237
2012-02-01,0.10095389075423883
2012-02-02,0.09700675107468228
2012-02-03,0.09154583798568532
2012-02-06,0.09006131430122359
2012-02-07,0.08822980170432174
2012-02-08,0.08394287917684036
2012-02-09,0.08021067966063301
2012-02-10,0.07638425406830837
2012-02-13,0.09909111262146622
2012-02-14,0.09498987598985668
2012-02-15,0.09437360377284425
2012-02-16,0.10462386885829338
2012-02-17,0.10090079537439285
2012-02-21,0.09530600128448363
2012-02-22,0.08971778585357935
2012-02-23,0.0958106591448095
2012-02-24,0.09124001670250723
2012-02-27,0.08655175498294801
2012-02-28,0.08220626757880385
2012-02-29,0.07863369420438723
2012-03-01,0.08836085624165037
2012-03-02,0.08478157937331862
2012-03-05,0.09088199965955648
2012-03-06,0.09963074613443974
2012-03-07,0.14802072672033872
2012-03-08,0.1380265366862289
2012-03-09,0.13006730737499944
2012-03-12,0.12145779044437449
2012-03-13,0.11398805342008352
2012-03-14,0.11109309439832842
2012-03-15,0.10811693740545394
2012-03-16,0.10257161317177853
2012-03-19,0.09645607730290406
2012-03-20,0.09168380200470638
2012-03-21,0.09654583141758007
2012-03-22,0.09690708549212783
2012-03-23,0.11567322750097017
2012-03-26,0.10858452774778331
2012-03-27,0.10522253283754485
2012-03-28,0.10910539360488207
2012-03-29,0.11844175163949765
2012-03-30,0.11648285137955469
2012-04-02,0.10954271187974632
2012-04-03,0.10424817700817793
2012-04-04,0.11137317050953828
2012-04-05,0.13780262686943004
2012-04-09,0.12999114137423076
2012-04-10,0.15810834464635856
2012-04-11,0.2019938972956904
2012-04-12,0.1851147289957272
2012-04-13,0.17185599287459388
2012-04-16,0.1951848192293933
2012-04-17,0.18028274741741707
2012-04-18,0.16813701480635
2012-04-19,0.16474796628508298
2012-04-20,0.1711147451923285
2012-04-23,0.15675043004399697
2012-04-24,0.17070825466430517
2012-04-25,0.15695463505681304
2012-04-26,0.14759865973250247
2012-04-27,0.13765571411586622
2012-04-30,0.12753747354428693
2012-05-01,0.1304995203364785
2012-05-02,0.12246381397405054
2012-05-03,0.12385320001207976
2012-05-04,0.14009738799681698
2012-05-07,0.18533441281468427
2012-05-08,0.16882799747543237
2012-05-09,0.16722578999802287
2012-05-10,0.1717074833408428
2012-05-11,0.15736755755707496
2012-05-14,0.1543480346051847
2012-05-15,0.17771618543836662
2012-05-16,0.1801090048443074
2012-05-17,0.1763851013294706
2012-05-18,0.20934616039947238
2012-05-21,0.21574594348875956
2012-05-22,0.19928638745195065
2012-05-23,0.18113550051017588
2012-05-24,0.16514212468495132
2012-05-25,0.15163711111080125
2012-05-29,0.15006485422251042
2012-05-30,0.14117325703351796
2012-05-31,0.1796487803192243
2012-06-01,0.17125007190418948
2012-06-04,0.24700709431288081
2012-06-05,0.2241612184025485
2012-06-06,0.20400899792879873
2012-06-07,0.19058907149135193
2012-06-08,0.1733375219400707
2012-06-11,0.16032274413824485
2012-06-12,0.18847360229771193
2012-06-13,0.17434493528759784
2012-06-14,0.17924375406044665
2012-06-15,0.16613359354549131
2012-06-18,0.15466756025725295
2012-06-19,0.142504206186443
2012-06-20,0.1339162882533277
2012-06-21,0.129816082324882
2012-06-22,0.20577594447655295
2012-06-25,0.18826651258966012
2012-06-26,0.22338372418948763
2012-06-27,0.20268631819030053
2012-06-28,0.1859501557472422
2012-06-29,0.17856804186462305
2012-07-02,0.16931831279827905
2012-07-03,0.15554115756818876
2012-07-05,0.14449085867386072
2012-07-06,0.14772364351774317
2012-07-09,0.16675943637063714
2012-07-10,0.15738773885602253
2012-07-11,0.17228093347622597
2012-07-12,0.15824043661347637
2012-07-13,0.1606250598706736
2012-07-16,0.15161020404260442
2012-07-17,0.14741148704336435
2012-07-18,0.13746525136974602
2012-07-19,0.12889821043176206
2012-07-20,0.12009760281238914
2012-07-23,0.14227007069220352
2012-07-24,0.16429145396978886
2012-07-25,0.17769075525032915
2012-07-26,0.16272656517005907
2012-07-27,0.15336260501184393
2012-07-30,0.14572984582071835
2012-07-31,0.1355222853469838
2012-08-01,0.14793736768728924
2012-08-02,0.13991251359188506
2012-08-03,0.15140041902965826
2012-08-06,0.14439390854024112
2012-08-07,0.1335232908446255
2012-08-08,0.12480154851120957
2012-08-09,0.11611281159260708
2012-08-10,0.10833940005563913
2012-08-13,0.10165401874323673
2012-08-14,0.09806677260868679
2012-08-15,0.0930283717382034
2012-08-16,0.08786727283589545
2012-08-17,0.08493951596002938
2012-08-20,0.0806645638337014
2012-08-21,0.07763207781651554
2012-08-22,0.08446494599628744
2012-08-23,0.08003962600601351
2012-08-24,0.10524825292510402
2012-08-27,0.10009151646841598
2012-08-28,0.09463605597330176
2012-08-29,0.09326372440893343
2012-08-30,0.08798160658205717
2012-08-31,0.10812731190293011
2012-09-04,0.10230616524441853
2012-09-05,0.09988513789288646
2012-09-06,0.09752907582477714
2012-09-07,0.09713738727547938
2012-09-10,0.09228537106508873
2012-09-11,0.10630301956237348
2012-09-12,0.10015303599074221
2012-09-13,0.09482503032192773
2012-09-14,0.09332462052900783
2012-09-17,0.08902398463649314
2012-09-18,0.0957557751942709
2012-09-19,0.09375220072908173
2012-09-20,0.08835613738466887
2012-09-21,0.08455196428911094
2012-09-24,0.08255574707352006
2012-09-25,0.08404162268455957
2012-09-26,0.11865783037599793
2012-09-27,0.12889861509200284
2012-09-28,0.1219103370120479
2012-10-01,0.12851468279491007
2012-10-02,0.11976471665225447
2012-10-03,0.11161937036514938
2012-10-04,0.1052206237242148
2012-10-05,0.10037092665584635
2012-10-08,0.09529491601200146
2012-10-09,0.10136332703810796
2012-10-10,0.12946631072641923
2012-10-11,0.14071278584959482
2012-10-12,0.12993383607025594
2012-10-15,0.13128175160739747
2012-10-16,0.1237138590716817
2012-10-17,0.11753591917035854
2012-10-18,0.11058088106462055
2012-10-19,0.11224658291467542
2012-10-22,0.16644219384009537
2012-10-23,0.1531967535940099
2012-10-24,0.1869416709158104
2012-10-25,0.1793488362476071
2012-10-26,0.16421411319357923
2012-10-31,0.1532270297288643
2012-11-01,0.1420737458963589
2012-11-02,0.1337515149698589
2012-11-05,0.1528628448212339
2012-11-06,0.14095791460821389
2012-11-07,0.13207123461704726
2012-11-08,0.2083551633640792
2012-11-09,0.2260629341893726
2012-11-12,0.20391025618916508
2012-11-13,0.18487269892665056
2012-11-14,0.17944229059595918
2012-11-15,0.20709244389527443
2012-11-16,0.1934228718225431
2012-11-19,0.17690885014850985
2012-11-20,0.166646435090782
2012-11-21,0.1525673844197555
2012-11-23,0.14065219152957445
2012-11-26,0.1333483517901062
2012-11-27,0.13079198145390072
2012-11-28,0.13772627388080463
2012-11-29,0.12929905104063952
2012-11-30,0.1209937732620435
2012-12-03,0.11318594590444028
2012-12-04,0.1218765801688772
2012-12-05,0.1186369020952298
2012-12-06,0.11081647916162002
2012-12-07,0.10432341840062732
2012-12-10,0.09845712184628405
2012-12-11,0.09258431876402005
2012-12-12,0.08900760372478798
2012-12-13,0.0840889926228329
2012-12-14,0.10085367369034509
2012-12-17,0.10719796438979681
2012-12-18,0.10337083686546847
2012-12-19,0.09980266040301805
2012-12-20,0.11894849372470333
2012-12-21,0.11215548757500715
2012-12-24,0.13535411165809016
2012-12-26,0.1354130026448767
2012-12-27,0.13893356459209535
2012-12-28,0.1333917584353665
2012-12-31,0.15937148969838855
2013-01-02,0.1505782256192312
2013-01-03,0.1452303649368345
2013-01-04,0.1415706710166796
2013-01-07,0.13169821118331565
2013-01-08,0.1311707128789712
2013-01-09,0.13114431189564796
2013-01-10,0.12205366876294663
2013-01-11,0.11548600656096204
2013-01-14,0.10910626998506927
2013-01-15,0.10521638397734569
2013-01-16,0.09862201234489441
2013-01-17,0.09432331705077693
2013-01-18,0.09046757093271356
2013-01-22,0.08586880246239649
2013-01-23,0.082603018489503
2013-01-24,0.07863566706162177
2013-01-25,0.0752333292893718
2013-01-28,0.0730853052940624
2013-01-29,0.07458768088893417
2013-01-30,0.07203612797371353
2013-01-31,0.08252717990791697
2013-02-01,0.08700750311027353
2013-02-04,0.08496894656277992
2013-02-05,0.12196732203884394
2013-02-06,0.11598663241736087
2013-02-07,0.10819404897653834
2013-02-08,0.10629506284958047
2013-02-11,0.10089277448429333
2013-02-12,0.09652227233820927
2013-02-13,0.09112970013422596
2013-02-14,0.08609090005091757
2013-02-15,0.08158661869736007
2013-02-19,0.08217745218646422
2013-02-20,0.07986216760725828
2013-02-21,0.1237347886428614
2013-02-22,0.13479013200829257
2013-02-25,0.12718119715889742
2013-02-26,0.18790785113029046
2013-02-27,0.1726444749194625
2013-02-28,0.16094173950416202
2013-03-01,0.1544050703552385
2013-03-04,0.14263239932671012
2013-03-05,0.13287539382358277
2013-03-06,0.12528258689379232
2013-03-07,0.11657689268365973
2013-03-08,0.10900539131770327
2013-03-11,0.102950122048706
2013-03-12,0.09744107004354421
2013-03-13,0.09955135433402135
2013-03-14,0.09377121870621903
2013-03-15,0.08966493678047459
2013-03-18,0.08982069503224528
2013-03-19,0.10360699431378835
2013-03-20,0.10525122675061323
2013-03-21,0.10034881539694727
2013-03-22,0.12350019148741294
2013-03-25,0.1167841602358926
2013-03-26,0.12260648930415866
2013-03-27,0.11598790064611926
2013-03-28,0.10935772391788204
2013-04-01,0.10294332088852208
2013-04-02,0.10980570327905617
2013-04-03,0.10384043140814747
2013-04-04,0.1324704539860989
2013-04-05,0.12362229898887984
2013-04-08,0.129554886944797
2013-04-09,0.12177865304980248
2013-04-10,0.11404234563195949
2013-04-11,0.10956806612580466
2013-04-12,0.10318473795614956
2013-04-15,0.10526893724004145
2013-04-16,0.1952550827866696
2013-04-17,0.18104776204892645
2013-04-18,0.21236640219208175
2013-04-19,0.21122691660332257
2013-04-22,0.1932074568433201
2013-04-23,0.1765933361009767
2013-04-24,0.16376249896702225
2013-04-25,0.1500883219581874
2013-04-26,0.1390620046252972
2013-04-29,0.13474192022164266
2013-04-30,0.12631990772516338
2013-05-01,0.11776356670235205
2013-05-02,0.1389416600950016
2013-05-03,0.130693233728073
2013-05-06,0.12368086379220018
2013-05-07,0.1154772413633235
2013-05-08,0.10890256816718998
2013-05-09,0.10293587209896277
2013-05-10,0.10618241485416836
2013-05-13,0.10017098378303965
2013-05-14,0.09415806196173643
2013-05-15,0.09137843912896927
2013-05-16,0.08754115405257785
2013-05-17,0.09878247215570304
2013-05-20,0.09532331517012554
2013-05-21,0.09115840779533696
2013-05-22,0.08627384488053241
2013-05-23,0.10747398064954564
2013-05-24,0.11041781323244172
2013-05-28,0.1068619678569622
2013-05-29,0.1015109868013542
2013-05-30,0.11708355996797226
2013-05-31,0.10995562555034914
2013-06-03,0.15452959561597096
2013-06-04,0.14332229838692698
2013-06-05,0.1476274459308019
2013-06-06,0.18289132861093238
2013-06-07,0.16888471117035755
2013-06-10,0.15771252028035526
2013-06-11,0.1459857827260351
2013-06-12,0.16811529532372615
2013-06-13,0.17992428606280975
2013-06-14,0.16793114193854378
2013-06-17,0.17337523735306715
2013-06-18,0.1602952616809234
2013-06-19,0.1489788370100202
2013-06-20,0.18329217676007092
2013-06-21,0.2539889865854369
2013-06-24,0.22835272991437933
2013-06-25,0.2447360172076569
2013-06-26,0.22211229862438886
2013-06-27,0.2028554872355373
2013-06-28,0.18527899373908624
2013-07-01,0.18163734112379196
2013-07-02,0.16696570476812472
2013-07-03,0.15664375158253716
2013-07-05,0.14384866173068456
2013-07-08,0.1353894726746046
2013-07-09,0.12662426968661847
2013-07-10,0.11931364327717436
2013-07-11,0.11127375853592278
2013-07-12,0.10749120697462256
2013-07-15,0.10063960305959282
2013-07-16,0.09538951607646631
2013-07-17,0.1024985465775034
2013-07-18,0.0967082554150703
2013-07-19,0.09233088007305079
2013-07-22,0.087415580049225
2013-07-23,0.08305547083284232
2013-07-24,0.08640025371968209
2013-07-25,0.0943259092075064
2013-07-26,0.08937825360961714
2013-07-29,0.08457730165194133
2013-07-30,0.09078340742473918
2013-07-31,0.08692525087452714
2013-08-01,0.08227999986965177
2013-08-02,0.08107911794247541
2013-08-05,0.0772873177158945
2013-08-06,0.07917996893935285
2013-08-07,0.09500968427778689
2013-08-08,0.10053298526798654
2013-08-09,0.09525247084040156
2013-08-12,0.09962000880466054
2013-08-13,0.09827061274192235
2013-08-14,0.09304376976191794
2013-08-15,0.10505477801033877
2013-08-16,0.14922466614192942
2013-08-19,0.14815320288611722
2013-08-20,0.156800545901894
2013-08-21,0.14514734369992952
2013-08-22,0.15347698467294824
2013-08-23,0.14335657839961086
2013-08-26,0.1329931832046074
2013-08-27,0.13530428994673363
2013-08-28,0.1813027555955469
2013-08-29,0.16607390830449426
2013-08-30,0.15234820219529935
2013-09-03,0.15045084767600309
2013-09-04,0.13950220990979123
2013-09-05,0.13091476701266722
2013-09-06,0.12151388122239806
2013-09-09,0.1130170383564825
2013-09-10,0.10793741997385542
2013-09-11,0.10284597958567866
2013-09-12,0.09717158203046086
2013-09-13,0.10059627430412872
2013-09-16,0.09492766775590354
2013-09-17,0.0908246859966625
2013-09-18,0.08679400547111579
2013-09-19,0.08513342295684215
2013-09-20,0.0868611162804569
2013-09-23,0.1063731536868952
2013-09-24,0.11497948662260768
2013-09-25,0.11536918557214543
2013-09-26,0.11734947166236911
2013-09-27,0.1102316549694007
2013-09-30,0.1182397317419476
2013-10-01,0.12757682384960248
2013-10-02,0.12034452428403283
2013-10-03,0.11591824990576972
2013-10-04,0.13903146468964528
2013-10-07,0.13031695196466053
2013-10-08,0.14910195317109862
2013-10-09,0.17542857882140686
2013-10-10,0.16024737514684403
2013-10-11,0.15255176638816637
2013-10-14,0.14184355409360627
2013-10-15,0.1318321244575498
2013-10-16,0.14564493619208266
2013-10-17,0.13780594922958123
2013-10-18,0.12900494309873187
2013-10-21,0.12129131635368752
2013-10-22,0.113882881968999
2013-10-23,0.10768484397725399
2013-10-24,0.11664827986143775
2013-10-25,0.10947140264006061
2013-10-28,0.10344537669127862
2013-10-29,0.09728964176665583
2013-10-30,0.09281061266067034
2013-10-31,0.1042965664019768
2013-11-01,0.1074441463375221
2013-11-04,0.1010605222316564
2013-11-05,0.09568309713058729
2013-11-06,0.10089136434371147
2013-11-07,0.0959607571426118
2013-11-08,0.1364802791702636
2013-11-11,0.1296577071799418
2013-11-12,0.12094453503585621
2013-11-13,0.11964155021608401
2013-11-14,0.11337691644304775
2013-11-15,0.10702150024614528
2013-11-18,0.10121153985616213
2013-11-19,0.10681708504252796
2013-11-20,0.10762976762527973
2013-11-21,0.11128770687625494
2013-11-22,0.10599878611573538
2013-11-25,0.10047807501009007
2013-11-26,0.09848174178563282
2013-11-27,0.09301659492081481
2013-11-29,0.08820739105738451
2013-12-02,0.086552667308504
2013-12-03,0.09100295670554276
2013-12-04,0.10054215019487212
2013-12-05,0.09596131606994211
2013-12-06,0.10512737055586648
2013-12-09,0.10137628405861446
2013-12-10,0.09570170599117751
2013-12-11,0.10224193609024726
2013-12-12,0.13549552022785266
2013-12-13,0.13620316252022224
2013-12-16,0.1274894121951465
2013-12-17,0.11981797566730269
2013-12-18,0.12214248965217263
2013-12-19,0.11802504852365205
2013-12-20,0.1144873001454519
2013-12-23,0.108226823870852
2013-12-24,0.10254895088357155
2013-12-26,0.09665231943924601
2013-12-27,0.0921741103316488
2013-12-30,0.08832653073106726
2013-12-31,0.08519634376527978
2014-01-02,0.08181854116453526
2014-01-03,0.11242265072339674
2014-01-06,0.10666868093905069
2014-01-07,0.10972340464930555
2014-01-08,0.1040921686758329
2014-01-09,0.09818332806231857
2014-01-10,0.09234634928254559
2014-01-13,0.08768505164139116
2014-01-14,0.13328967165807787
2014-01-15,0.12616442573095743
2014-01-16,0.11842616450782822
2014-01-17,0.11526378807633449
2014-01-21,0.12144546610467616
2014-01-22,0.11361045980161781
2014-01-23,0.1060685271056356
2014-01-24,0.12701509445292963
2014-01-27,0.19857790851569695
2014-01-28,0.1954739923447961
2014-01-29,0.17894259582062394
2014-01-30,0.19342619209223544
2014-01-31,0.1783857704220881
2014-02-03,0.18104088808988938
2014-02-04,0.24275344006332344
2014-02-05,0.21975175852767123
2014-02-06,0.20304999350946074
2014-02-07,0.18734671018276217
2014-02-10,0.17360851954529874
2014-02-11,0.15895864868590778
2014-02-12,0.1486164204077742
2014-02-13,0.1368387077125875
2014-02-14,0.12775257384041527
2014-02-18,0.11985954799467177
2014-02-19,0.11174471902635448
2014-02-20,0.1263030501565906
2014-02-21,0.11868456065938594
2014-02-24,0.11502631288055187
2014-02-25,0.10863168478734687
2014-02-26,0.103923295003368
2014-02-27,0.09849995068689137
2014-02-28,0.09386744169487386
2014-03-03,0.0889939733989751
2014-03-04,0.10833097044709679
2014-03-05,0.10500329916065237
2014-03-06,0.09849286834847384
2014-03-07,0.09306250905003273
2014-03-10,0.08775144901449823
2014-03-11,0.0857557816773849
2014-03-12,0.09807785999129871
2014-03-13,0.09268246518993829
2014-03-14,0.1278375532500859
2014-03-17,0.1280223276688707
2014-03-18,0.12103828238606754
2014-03-19,0.11437224957322885
2014-03-20,0.12422836733012403
2014-03-21,0.11683958702188155
2014-03-24,0.12171074921958258
2014-03-25,0.12676778058148208
2014-03-26,0.11878606563421208
2014-03-27,0.13428584091100287
2014-03-28,0.1315714540549989
2014-03-31,0.1230634206032883
2014-04-01,0.11644227134189718
2014-04-02,0.11017536911711054
2014-04-03,0.10374225917001799
2014-04-04,0.1023513950429382
2014-04-07,0.13799091957602092
2014-04-08,0.16407274744552525
2014-04-09,0.1512721096538979
2014-04-10,0.14186571575158646
2014-04-11,0.20735842656390385
2014-04-14,0.21548033948528394
2014-04-15,0.19664745490847532
2014-04-16,0.1801965209156758
2014-04-17,0.16692606685759023
2014-04-21,0.15303961175534814
2014-04-22,0.141490641849228
2014-04-23,0.13166843511359314
2014-04-24,0.12997472566429338
2014-04-25,0.12088800799605472
2014-04-28,0.13956477542640763
2014-04-29,0.12961586974466288
2014-04-30,0.12126996026780898
2014-05-01,0.11346660294384893
2014-05-02,0.10682416837447162
2014-05-05,0.10540999951733683
2014-05-06,0.09912469001419404
2014-05-07,0.12308602875178036
2014-05-08,0.11584529241722819
2014-05-09,0.11229734699730627
2014-05-12,0.10512855633635342
2014-05-13,0.10098535553545934
2014-05-14,0.09491129016679467
2014-05-15,0.10535405805161116
2014-05-16,0.12857036963967738
2014-05-19,0.12003399937027093
2014-05-20,0.11255780460272105
2014-05-21,0.12591951784496505
2014-05-22,0.11902110323166692
2014-05-23,0.11133268407196463
2014-05-27,0.1049465077291607
2014-05-28,0.09985126350894681
2014-05-29,0.09714564873268315
2014-05-30,0.0926385534506283
2014-06-02,0.08764664436624678
2014-06-03,0.08304395237027035
2014-06-04,0.08149784553090925
2014-06-05,0.0777526367760475
2014-06-06,0.07560829014826063
2014-06-09,0.0731929697961407
2014-06-10,0.06997743364777927
2014-06-11,0.06787773889311423
2014-06-12,0.07734258674983846
2014-06-13,0.0986893663642385
2014-06-16,0.09344216979068279
2014-06-17,0.08815376566002324
2014-06-18,0.08394243055537168
2014-06-19,0.0814062111421942
2014-06-20,0.07742506718736308
2014-06-23,0.0740804182575818
2014-06-24,0.07279446251566937
2014-06-25,0.09081229745905532
2014-06-26,0.08679850816506021
2014-06-27,0.0854497276617106
2014-06-30,0.08128760121883116
2014-07-01,0.07989510941950809
2014-07-02,0.07758690371345374
2014-07-03,0.07395013530485833
2014-07-07,0.07173086152508881
2014-07-08,0.08076516359961892
2014-07-09,0.09911432360556205
2014-07-10,0.09420887217673746
2014-07-11,0.10214864027873953
2014-07-14,0.09607665195236752
2014-07-15,0.09164683620550766
2014-07-16,0.09326779178288491
2014-07-17,0.08877459872111242
2014-07-18,0.12544220160478511
2014-07-21,0.1190818746290731
2014-07-22,0.11753186861472252
2014-07-23,0.11053002448020803
2014-07-24,0.10375528326702291
2014-07-25,0.09835920879162155
2014-07-28,0.1081712647741078
2014-07-29,0.1012822257473649
2014-07-30,0.10945599738374792
2014-07-31,0.10313671413320848
2014-08-01,0.1753532902749004
2014-08-04,0.1700233389754461
2014-08-05,0.15725564182899884
2014-08-06,0.17544878889438195
2014-08-07,0.16053789927247067
2014-08-08,0.1643597653278264
2014-08-11,0.15347950141358566
2014-08-12,0.14171944788270924
2014-08-13,0.13597913307667636
2014-08-14,0.12742473242243502
2014-08-15,0.11935842310408197
2014-08-18,0.11291833329876722
2014-08-19,0.10752706961258929
2014-08-20,0.10189419388164009
2014-08-21,0.09619812634858502
2014-08-22,0.09118202629156004
2014-08-25,0.09188157212891361
2014-08-26,0.08790562924953221
2014-08-27,0.08314344841551093
2014-08-28,0.08123518766130487
2014-08-29,0.07996226088997992
2014-09-02,0.07659331291965914
2014-09-03,0.07563371012394729
2014-09-04,0.07491459601218836
2014-09-05,0.07700011402337574
2014-09-08,0.07437109815438145
2014-09-09,0.08012953941831308
2014-09-10,0.0982057849337665
2014-09-11,0.09320333100175568
2014-09-12,0.0880276517696833
2014-09-15,0.10319582254221855
2014-09-16,0.10018423794760381
2014-09-17,0.09599006185091234
2014-09-18,0.09057315640838877
2014-09-19,0.08680475176857455
2014-09-22,0.08600614072336178
2014-09-23,0.1084126652665401
2014-09-24,0.12038544440761481
2014-09-25,0.11398113760946327
2014-09-26,0.16533594483151523
2014-09-29,0.15337415542416927
2014-09-30,0.14737734508878633
2014-10-01,0.14454112657595078
2014-10-02,0.17869408096359488
2014-10-03,0.16378719806886147
2014-10-06,0.15283435561608408
2014-10-07,0.14503854684829373
2014-10-08,0.18634816078757896
2014-10-09,0.1740799861179181
2014-10-10,0.22656149188840022
2014-10-13,0.2392801842327645
2014-10-14,0.26641928408584103
2014-10-15,0.23849684169900803
2014-10-16,0.23492214684718205
2014-10-17,0.21492392504162763
2014-10-20,0.19718797094976706
2014-10-21,0.18139621463729924
2014-10-22,0.1704131825351828
2014-10-23,0.17813550024420835
2014-10-24,0.1654427621646151
2014-10-27,0.15340123944078207
2014-10-28,0.14611803405258664
2014-10-29,0.1375551860255365
2014-10-30,0.13268364325835574
2014-10-31,0.12443497609713187
2014-11-03,0.11852136385285694
2014-11-04,0.11038867042461238
2014-11-05,0.11477812082228568
2014-11-06,0.10861836944360033
2014-11-07,0.10253648956812478
2014-11-10,0.09630416262203617
2014-11-11,0.09133937399665568
2014-11-12,0.08631260696245702
2014-11-13,0.08609341100788803
2014-11-14,0.0816449157264073
2014-11-17,0.07801186403814821
2014-11-18,0.07423110319403856
2014-11-19,0.07222121897908558
2014-11-20,0.07507469068619617
2014-11-21,0.07188048195068458
2014-11-24,0.06997663698005152
2014-11-25,0.0675489174677392
2014-11-26,0.06813637647677608
2014-11-28,0.06580928742533504
2014-12-01,0.07095310164501484
2014-12-02,0.09284863749289095
2014-12-03,0.08915015655768486
2014-12-04,0.08513056256053825
2014-12-05,0.08512399190309823
2014-12-08,0.08091163541232188
2014-12-09,0.10018336865343955
2014-12-10,0.09728566968671787
2014-12-11,0.15292999248920283
2014-12-12,0.14181150469346485
2014-12-15,0.1866893666405099
2014-12-16,0.19125544858230042
2014-12-17,0.19873689088201538
2014-12-18,0.18530936261392936
2014-12-19,0.17508595176405742
2014-12-22,0.16087158250817613
2014-12-23,0.1486112519067048
2014-12-24,0.1370588646229862
2014-12-26,0.12765385636117005
2014-12-29,0.11916197459775178
2014-12-30,0.11116738341490967
2014-12-31,0.12157513385700071
2015-01-02,0.1463160642283059
2015-01-05,0.13754236883722476
2015-01-06,0.19127728070971534
2015-01-07,0.2032217387441301
2015-01-08,0.1873058043039548
2015-01-09,0.17497347294221025
2015-01-12,0.18489786352432733
2015-01-13,0.19275349014670198
2015-01-14,0.18430132862800847
2015-01-15,0.1866487814333432
2015-01-16,0.19847914556494695
2015-01-20,0.18339447935718153
2015-01-21,0.1675147482174734
2015-01-22,0.1545071977287113
2015-01-23,0.14577961873451512
2015-01-26,0.15186807819315473
2015-01-27,0.14016614245537487
2015-01-28,0.17377491166157996
2015-01-29,0.2000380282038069
2015-01-30,0.18372961051250733
2015-02-02,0.20742363866150337
2015-02-03,0.19089789006294916
2015-02-04,0.17721302359009383
2015-02-05,0.17384258804526273
2015-02-06,0.16132259950827763
2015-02-09,0.15704017603510056
2015-02-10,0.15845862927113055
2015-02-11,0.1481045233564694
2015-02-12,0.13641342209397506
2015-02-13,0.1285639729180677
2015-02-17,0.12020061776217955
2015-02-18,0.11214658191966852
2015-02-19,0.10568505288554164
2015-02-20,0.10228073433781479
2015-02-23,0.09744018848784458
2015-02-24,0.09328593899222952
2015-02-25,0.08855799573932087
2015-02-26,0.08742208960963985
2015-02-27,0.08739780830412266
2015-03-02,0.09435539984898358
2015-03-03,0.09045633007356457
2015-03-04,0.09934226631722719
2015-03-05,0.10749308492044711
2015-03-06,0.10075720367150126
2015-03-09,0.1463369449328397
2015-03-10,0.13580615753497954
2015-03-11,0.18225776176547595
2015-03-12,0.173906315865259
2015-03-13,0.16206579655058623
2015-03-16,0.16791137511034587
2015-03-17,0.1570366722107374
2015-03-18,0.1539370684826177
2015-03-19,0.14452686266768208
2015-03-20,0.14790764699591868
2015-03-23,0.13841780368163245
2015-03-24,0.134713004236536
2015-03-25,0.14275830944344678
2015-03-26,0.1814750610753268
2015-03-27,0.17334570674204197
2015-03-30,0.15884873597009286
2015-03-31,0.1488527569233795
2015-04-01,0.16511525849608027
2015-04-02,0.1626022542645451
2015-04-06,0.14985476975490247
2015-04-07,0.13956504653542487
2015-04-08,0.13777790814262972
2015-04-09,0.12810379290338156
2015-04-10,0.11987710349842873
2015-04-13,0.11289682706590708
2015-04-14,0.120322760428626
2015-04-15,0.1123449683335108
2015-04-16,0.10597234905337685
2015-04-17,0.10129227213164188
2015-04-20,0.13584744036282193
2015-04-21,0.1279394253440521
2015-04-22,0.1233182339408198
2015-04-23,0.1157896828554671
2015-04-24,0.10849632534106425
2015-04-27,0.10197681735080055
2015-04-28,0.10960972138120685
2015-04-29,0.10319546355269493
2015-04-30,0.11053493591819386
2015-05-01,0.1375222097038821
2015-05-04,0.12986289003569948
2015-05-05,0.12100708199208855
2015-05-06,0.1515609842174989
2015-05-07,0.15263024378737786
2015-05-08,0.1412653651517698
2015-05-11,0.13376230622361363
2015-05-12,0.13924638750574245
2015-05-13,0.1385320618791772
2015-05-14,0.1286831314502703
2015-05-15,0.12199030411604464
2015-05-18,0.11359760989510569
2015-05-19,0.10671275686219991
2015-05-20,0.10207601752137584
2015-05-21,0.09904628306977821
2015-05-22,0.09372395791795175
2015-05-26,0.0967095112517095
2015-05-27,0.1291259527385245
2015-05-28,0.12212927237846116
2015-05-29,0.11802497731811488
2015-06-01,0.13031642332333426
2015-06-02,0.12119120199846543
2015-06-03,0.11680420249525413
2015-06-04,0.10942987895913067
2015-06-05,0.13076627079982822
2015-06-08,0.12732451097469952
2015-06-09,0.1381136245053812
2015-06-10,0.12925375968742095
2015-06-11,0.12291181390417205
2015-06-12,0.11498041028254202
2015-06-15,0.13264436578181757
2015-06-16,0.13674943413603338
2015-06-17,0.1277509734633292
2015-06-18,0.11882083822020002
2015-06-19,0.11329099624838058
2015-06-22,0.12039747126120129
2015-06-23,0.11326735005658511
2015-06-24,0.1057794789483547
2015-06-25,0.12343366146100726
2015-06-26,0.12487534552047375
2015-06-29,0.1177471088386598
2015-06-30,0.19070143682210197
2015-07-01,0.17382075131792823
2015-07-02,0.16075846961062565
2015-07-06,0.15121144295792255
2015-07-07,0.1485072938706656
2015-07-08,0.13827023596925186
2015-07-09,0.18644992606312533
2015-07-10,0.17007324283088437
2015-07-13,0.15870995275710945
2015-07-14,0.14842486349299444
2015-07-15,0.1376831345667357
2015-07-16,0.12941009708901277
2015-07-17,0.1219869369661516
2015-07-20,0.1135319581335362
2015-07-21,0.10596329643155218
2015-07-22,0.11243004341878417
2015-07-23,0.11144116857707263
2015-07-24,0.12268865573970865
2015-07-27,0.14889412648672334
2015-07-28,0.15560696279301683
2015-07-29,0.14605170075412022
2015-07-30,0.13627929226456514
2015-07-31,0.12657459554631664
2015-08-03,0.12307346902481175
2015-08-04,0.1255810141701395
2015-08-05,0.12348821146018128
2015-08-06,0.11550819455873079
2015-08-07,0.13496883518316097
2015-08-10,0.1316124368738094
2015-08-11,0.12514721943446472
2015-08-12,0.14606879190129907
2015-08-13,0.13479476889286723
2015-08-14,0.12948988196852354
2015-08-17,0.12088976598995096
2015-08-18,0.1138261626067155
2015-08-19,0.11601376556293287
2015-08-20,0.13440154922360317
2015-08-21,0.20149977508010056
2015-08-24,0.2903731395590825
2015-08-25,0.4056923808796219
2015-08-26,0.38906749621622366
2015-08-27,0.3508023791823107
2015-08-28,0.315474527561172
2015-08-31,0.2807384487317515
2015-09-01,0.27440764756021707
2015-09-02,0.3432815299025644
2015-09-03,0.3077336986446466
2015-09-04,0.27324555822847985
2015-09-08,0.2900689133560859
2015-09-09,0.26453255152343086
2015-09-10,0.2771739745910803
2015-09-11,0.24861395739227538
2015-09-14,0.22411675717181848
2015-09-15,0.21374041956955314
2015-09-16,0.19635112487587653
2015-09-17,0.18040366672242475
2015-09-18,0.17203715997323923
2015-09-21,0.21140412609680853
2015-09-22,0.1924473210755244
2015-09-23,0.2160447644241243
2015-09-24,0.20083838202660623
2015-09-25,0.19357027462309714
2015-09-28,0.1777880519712369
2015-09-29,0.2513540226154113
2015-09-30,0.22543715609159384
2015-10-01,0.20796463046390887
2015-10-02,0.1888296665778029
2015-10-05,0.17555329602317232
2015-10-06,0.16482927754395607
2015-10-07,0.16202774975125975
2015-10-08,0.15056165171854574
2015-10-09,0.14078888428503047
2015-10-12,0.13001069911647004
2015-10-13,0.12063250252872298
2015-10-14,0.1328579180089137
2015-10-15,0.1385290839740799
2015-10-16,0.13195197545508608
2015-10-19,0.12329610913530231
2015-10-20,0.11459349535476582
2015-10-21,0.11181940067921843
2015-10-22,0.1249430405537641
2015-10-23,0.12044166149570952
2015-10-26,0.11487323164430772
2015-10-27,0.11559117451406253
2015-10-28,0.11464030183377956
2015-10-29,0.10986031691045574
2015-10-30,0.10557819252903942
2015-11-02,0.11324953410967382
2015-11-03,0.10875346898941864
2015-11-04,0.10236031452095519
2015-11-05,0.10635477693522132
2015-11-06,0.10370730266823029
2015-11-09,0.09996971095809742
2015-11-10,0.12617262495723552
2015-11-11,0.11761281048804575
2015-11-12,0.12255241225658207
2015-11-13,0.16266615263608833
2015-11-16,0.18524085661282017
2015-11-17,0.17252567973463162
2015-11-18,0.16090351785733512
2015-11-19,0.15161073062531427
2015-11-20,0.14309327549809955
2015-11-23,0.1328344851358209
2015-11-24,0.1274854784870885
2015-11-25,0.11851310014831123
2015-11-27,0.11199814704043227
2015-11-30,0.10477107426961178
2015-12-01,0.11203300216249831
2015-12-02,0.10705530577038455
2015-12-03,0.1353618773495342
2015-12-04,0.17301924983578348
2015-12-07,0.16308575085047566
2015-12-08,0.1685548603833253
2015-12-09,0.1753123927566035
2015-12-10,0.18443703051753257
2015-12-11,0.16853342468530777
2015-12-14,0.2204498569406552
2015-12-15,0.20017915225150873
2015-12-16,0.1841772054774136
2015-12-17,0.17145623103281715
2015-12-18,0.20682488922252534
2015-12-21,0.24487312074022433
2015-12-22,0.22187871369575213
2015-12-23,0.2024417977861286
2015-12-24,0.1866146595114386
2015-12-28,0.17568691406090733
2015-12-29,0.16807104232389342
2015-12-30,0.15646718746335558
2015-12-31,0.16615553871904984
2016-01-04,0.1839781604089263
2016-01-05,0.21252150462183814
2016-01-06,0.1925085372486819
2016-01-07,0.21484800669133855
2016-01-08,0.27459227950748966
2016-01-11,0.2780268813712571
2016-01-12,0.2482026362798729
2016-01-13,0.22466995074584314
2016-01-14,0.2859016409625941
2016-01-15,0.2587959806762347
2016-01-19,0.2998172925873479
2016-01-20,0.26672183307214997
2016-01-21,0.27722053332779684
2016-01-22,0.24869433432702912
2016-01-25,0.22828335832145416
2016-01-26,0.25293204258092183
2016-01-27,0.23012583442116805
2016-01-28,0.24056455193271903
2016-01-29,0.21742316591933208
2016-02-01,0.20258946116501694
2016-02-02,0.1858415306461497
2016-02-03,0.22878931316469045
2016-02-04,0.207563632297674
2016-02-05,0.18821560449432703
2016-02-08,0.2345833176472314
2016-02-09,0.2526166692384334
2016-02-10,0.22751630985343516
2016-02-11,0.2086099010795826
2016-02-12,0.22955254045357068
2016-02-16,0.2119885370546409
2016-02-17,0.19598396869673224
2016-02-18,0.18208584439608938
2016-02-19,0.17888960794545639
2016-02-22,0.1656844464242345
2016-02-23,0.15539827546825077
2016-02-24,0.18417050623215767
2016-02-25,0.16882237134134143
2016-02-26,0.15749834150185485
2016-02-29,0.15236444950800349
2016-03-01,0.16511339534839556
2016-03-02,0.15729438248471989
2016-03-03,0.14546657198584095
2016-03-04,0.13498524061117836
2016-03-07,0.1256189563121626
2016-03-08,0.11672434967002897
2016-03-09,0.14602266466360575
2016-03-10,0.1357411331248777
2016-03-11,0.12563463715141396
2016-03-14,0.1208452901099437
2016-03-15,0.11734322994737356
2016-03-16,0.1152812589483763
2016-03-17,0.10892166690301482
2016-03-18,0.10343538581869298
2016-03-21,0.09790915492608356
2016-03-22,0.09230696738526076
2016-03-23,0.08985114398901459
2016-03-24,0.10747801208034388
2016-03-28,0.10308516553778414
2016-03-29,0.0967007042284143
2016-03-30,0.09335082538396935
2016-03-31,0.08903495647618513
2016-04-01,0.09266983901399319
2016-04-04,0.08908518307086767
2016-04-05,0.09529874655837235
2016-04-06,0.12491428819352118
2016-04-07,0.11880533194646462
2016-04-08,0.15175246901600695
2016-04-11,0.14015856027414442
2016-04-12,0.1374074263349946
2016-04-13,0.1293548223065358
2016-04-14,0.1224935473579096
2016-04-15,0.11497123860751972
2016-04-18,0.11164604525976048
2016-04-19,0.10603544746941182
2016-04-20,0.10001351089278494
2016-04-21,0.09405980517040591
2016-04-22,0.10678771482607356
2016-04-25,0.10120030705788244
2016-04-26,0.10129550156717188
2016-04-27,0.09534598673985878
2016-04-28,0.09018919309884704
2016-04-29,0.11713167058412641
2016-05-02,0.12684778553840229
2016-05-03,0.11971125698200083
2016-05-04,0.1403508971696562
2016-05-05,0.14749216397707335
2016-05-06,0.1376100166716974
2016-05-09,0.12803107616455867
2016-05-10,0.11885798861141464
2016-05-11,0.11387296152902812
2016-05-12,0.13780986883229399
2016-05-13,0.12776938353007547
2016-05-16,0.1471928837645071
2016-05-17,0.13806848617200515
2016-05-18,0.15803916749596583
2016-05-19,0.14545760280112785
2016-05-20,0.14536163254144654
2016-05-23,0.13552713016749765
2016-05-24,0.13047381268160005
2016-05-25,0.12424443434470019
2016-05-26,0.1171058313626153
2016-05-27,0.10953691614875949
2016-05-31,0.10343130264230624
2016-06-01,0.10381408548191912
2016-06-02,0.09774060392690871
2016-06-03,0.09259414709271893
2016-06-06,0.09759302782526974
2016-06-07,0.0930151136141641
2016-06-08,0.08797007920745718
2016-06-09,0.08390806635028236
2016-06-10,0.08481415947477192
2016-06-13,0.1143800570226756
2016-06-14,0.13233388107837632
2016-06-15,0.12944484982997034
2016-06-16,0.12523135302098856
2016-06-17,0.11696301156652968
2016-06-20,0.1213321604207406
2016-06-21,0.11444484345214646
2016-06-22,0.10739157311464632
2016-06-23,0.10650104886063096
2016-06-24,0.10309879536657289
2016-06-27,0.28491261866102935
2016-06-28,0.308756540665846
2016-06-29,0.278493579183382
2016-06-30,0.25268381204130086
2016-07-01,0.22991518585306764
2016-07-05,0.20752431342663272
2016-07-06,0.2099723176802014
2016-07-07,0.19143213789979605
2016-07-08,0.17694657119456075
2016-07-11,0.1652709970785468
2016-07-12,0.1521581161405058
2016-07-13,0.1417164111307693
2016-07-14,0.13240019985195928
2016-07-15,0.12396575391222257
2016-07-18,0.12026401304451621
2016-07-19,0.11249933320205599
2016-07-20,0.10920198685079438
2016-07-21,0.10309751887902942
2016-07-22,0.1093625750793566
2016-07-25,0.10332658035216638
2016-07-26,0.10621558115580593
2016-07-27,0.09945231725486774
2016-07-28,0.09776546859789496
2016-07-29,0.0921078014212426
2016-08-01,0.08717202648869246
2016-08-02,0.0861197018864619
2016-08-03,0.1035936028115786
2016-08-04,0.09777899763653335
2016-08-05,0.0920954295890325
2016-08-08,0.08894472618974607
2016-08-09,0.0870169626171114
2016-08-10,0.08233118918251224
2016-08-11,0.0868649326976476
2016-08-12,0.08329200170706759
2016-08-15,0.08276301055348723
2016-08-16,0.07912624526396474
2016-08-17,0.09307650959785273
2016-08-18,0.08811129751081839
2016-08-19,0.08375937209896493
2016-08-22,0.08497669531428506
2016-08-23,0.0818491393455204
2016-08-24,0.07806651030657018
2016-08-25,0.09200636472409375
2016-08-26,0.09002713687050563
2016-08-29,0.09186043593201951
2016-08-30,0.0878469501094094
2016-08-31,0.08919792116179248
2016-09-01,0.09413207491427726
2016-09-02,0.08979045634481324
2016-09-06,0.08587980790816546
2016-09-07,0.08196680008162788
2016-09-08,0.07927561701517062
2016-09-09,0.0835305199170784
2016-09-12,0.19257469375655784
2016-09-13,0.1786290926887244
2016-09-14,0.20953827125693678
2016-09-15,0.19185293657450334
2016-09-16,0.17687048890522264
2016-09-19,0.17372024166307062
2016-09-20,0.15938381475761884
2016-09-21,0.14731154603284133
2016-09-22,0.13853847757948579
2016-09-23,0.12954610109104261
2016-09-26,0.13784819252668556
2016-09-27,0.15362909953822482
2016-09-28,0.14272178075834574
2016-09-29,0.1328578105894283
2016-09-30,0.15265006346319038
2016-10-03,0.14222049730874292
2016-10-04,0.13937408498794546
2016-10-05,0.14512699206335536
2016-10-06,0.13482154079538927
2016-10-07,0.12479844370673512
2016-10-10,0.1272623137266762
2016-10-11,0.11934490226334377
2016-10-12,0.15479038698618022
2016-10-13,0.14244694203775854
2016-10-14,0.1421743433794315
2016-10-17,0.1312042751785948
2016-10-18,0.13298298578030257
2016-10-19,0.12465857113926726
2016-10-20,0.11637354653116716
2016-10-21,0.11513290239564784
2016-10-24,0.10736860952873635
2016-10-25,0.1014934777625948
2016-10-26,0.1065929609515033
2016-10-27,0.10692851125728824
2016-10-28,0.10923820736293967
2016-10-31,0.1121628241014955
2016-11-01,0.10583623225493335
2016-11-02,0.12342100225151752
2016-11-03,0.13431882162360012
2016-11-04,0.13911453100758497
2016-11-07,0.13285891108764689
2016-11-08,0.12879013561622313
2016-11-09,0.12050272724956881
2016-11-10,0.11483036101262661
2016-11-11,0.10764131621515644
2016-11-14,0.10875694722502949
2016-11-15,0.1017977130566703
2016-11-16,0.0974985712958764
2016-11-17,0.09848524753025903
2016-11-18,0.09382529294582288
2016-11-21,0.09632891494168536
2016-11-22,0.09255574628655869
2016-11-23,0.08766470324578149
2016-11-25,0.0828985971480297
2016-11-28,0.07947485873496087
2016-11-29,0.0917461787846767
2016-11-30,0.08693881355760387
2016-12-01,0.09072008580395821
2016-12-02,0.09816113045507521
2016-12-05,0.09228544881963871
2016-12-06,0.08852234763329764
2016-12-07,0.08437849498670556
2016-12-08,0.08338666861467428
2016-12-09,0.07956904882692326
2016-12-12,0.07711337888519622
2016-12-13,0.07805803425677518
2016-12-14,0.0759257293285993
2016-12-15,0.10218782160190325
2016-12-16,0.09684875132990144
2016-12-19,0.09814211024916772
2016-12-20,0.09271904728328786
2016-12-21,0.0883258377022244
2016-12-22,0.09316548314446801
2016-12-23,0.09417487170029143
2016-12-27,0.08898168722776816
2016-12-28,0.08460456492522238
2016-12-29,0.1093447038660192
2016-12-30,0.10410775862494101
2017-01-03,0.10985786285221998
2017-01-04,0.10461821060608938
2017-01-05,0.09950602262821795
2017-01-06,0.09702525760594458
2017-01-09,0.09209961609757973
2017-01-10,0.09816137219345145
2017-01-11,0.09352020639446236
2017-01-12,0.08876358287474097
2017-01-13,0.09268915615348845
2017-01-17,0.08787645950341197
2017-01-18,0.09516013340196362
2017-01-19,0.09006399279961502
2017-01-20,0.09767901968558489
2017-01-23,0.09270921936389484
2017-01-24,0.0964763741432228
2017-01-25,0.09237732806223507
2017-01-26,0.08932721906134694
2017-01-27,0.08869391168851129
2017-01-30,0.08971161339985008
2017-01-31,0.10592564182845979
2017-02-01,0.10068507617525468
2017-02-02,0.09464469969483023
2017-02-03,0.08918522302885401
2017-02-06,0.08598778148896433
2017-02-07,0.08796694005120047
2017-02-08,0.08427483917208725
2017-02-09,0.0800593299582221
2017-02-10,0.07752549694902114
2017-02-13,0.07469497621698684
2017-02-14,0.07254916222324607
2017-02-15,0.07020848886110431
2017-02-16,0.06842528927976632
2017-02-17,0.06931831558765476
2017-02-21,0.06661345791812656
2017-02-22,0.06536537672089242
2017-02-23,0.06666037978237131
2017-02-24,0.06395032797090285
2017-02-27,0.0616430321221293
2017-02-28,0.05961785671456567
2017-03-01,0.06733573480680746
2017-03-02,0.06828965690216997
2017-03-03,0.08805189758002069
2017-03-06,0.08326950083771657
2017-03-07,0.08931305806331676
2017-03-08,0.0946918392871086
2017-03-09,0.09592528940162232
2017-03-10,0.09049421145219218
2017-03-13,0.08623771292368415
2017-03-14,0.08160631370158282
2017-03-15,0.09064242206658113
2017-03-16,0.08777487423535857
2017-03-17,0.09011449151875525
2017-03-20,0.09154736191539942
2017-03-21,0.09083013044050646
2017-03-22,0.13347485745412577
2017-03-23,0.12405318503069264
2017-03-24,0.1195398053475353
2017-03-27,0.11457689325040626
2017-03-28,0.11106545186179168
2017-03-29,0.1055882270769776
2017-03-30,0.09902086809857928
2017-03-31,0.09377442021331774
2017-04-03,0.09656288674091835
2017-04-04,0.09722975960807687
2017-04-05,0.0914902128511763
2017-04-06,0.09657135179269834
2017-04-07,0.09148721142389009
2017-04-10,0.09054343093289002
2017-04-11,0.08549535411137357
2017-04-12,0.08570141610841092
2017-04-13,0.0961081950369908
2017-04-17,0.11245350197460577
2017-04-18,0.10724517433201175
2017-04-19,0.11050115435598122
2017-04-20,0.10987007795055577
2017-04-21,0.10476109368408656
2017-04-24,0.1089496393195612
2017-04-25,0.104719274652647
2017-04-26,0.09956056291403452
2017-04-27,0.09658825082610081
2017-04-28,0.09097122742057853
2017-05-01,0.09361451578978827
2017-05-02,0.08876523222706272
2017-05-03,0.08403506172572053
2017-05-04,0.08446933251018897
2017-05-05,0.080197326424497
2017-05-08,0.07710261859917936
2017-05-09,0.07511265867549158
2017-05-10,0.07555862272606666
2017-05-11,0.0723294934554494
2017-05-12,0.0765565725596694
2017-05-15,0.07917082633001966
2017-05-16,0.07661225258052667
2017-05-17,0.07690150202489399
2017-05-18,0.15005708956600367
2017-05-19,0.13902800823305908
2017-05-22,0.13002918771522784
2017-05-23,0.12174593125500875
2017-05-24,0.113681955931723
2017-05-25,0.10658060125629641
2017-05-26,0.10093504524196999
2017-05-30,0.09658659410931804
2017-05-31,0.09464512086836628
2017-06-01,0.09109821948176565
2017-06-02,0.08799065438606603
2017-06-05,0.08394527619506285
2017-06-06,0.08295534846665044
2017-06-07,0.08974686346853541
2017-06-08,0.08512001314891514
2017-06-09,0.08059809357820208
2017-06-12,0.08231730252619807
2017-06-13,0.07992351232284747
2017-06-14,0.07711682297457663
2017-06-15,0.07842683315956296
2017-06-16,0.08163960056302451
2017-06-19,0.07808392405920306
2017-06-20,0.0764057419448497
2017-06-21,0.09660994244750595
2017-06-22,0.0928472240498799
2017-06-23,0.09008546256903233
2017-06-26,0.0852463258756789
2017-06-27,0.08075645640456733
2017-06-28,0.1053483769204376
2017-06-29,0.10096736908528506
2017-06-30,0.12493953922334572
2017-07-03,0.11640795471579606
2017-07-05,0.10882485131709872
2017-07-06,0.1022662550690602
2017-07-07,0.1273628810596677
2017-07-10,0.119774064505975
2017-07-11,0.11163678727068216
2017-07-12,0.10763902355114008
2017-07-13,0.10261295698885772
2017-07-14,0.0965720697234743
2017-07-17,0.09198873438056718
2017-07-18,0.08835710117007718
2017-07-19,0.08351644635462127
2017-07-20,0.08049482610495264
2017-07-21,0.07642020516544579
2017-07-24,0.0766518246767205
2017-07-25,0.07493006876944262
2017-07-26,0.07193442923601705
2017-07-27,0.06983278973544521
2017-07-28,0.0708298440961021
2017-07-31,0.07247759719993586
2017-08-01,0.07212232333657892
2017-08-02,0.06933652158138823
2017-08-03,0.06633153411185669
2017-08-04,0.07084202475985707
2017-08-07,0.0680641514915688
2017-08-08,0.06555126411457489
2017-08-09,0.07184338571498518
2017-08-10,0.06998621418986936
2017-08-11,0.1256946564834385
2017-08-14,0.11697110475352158
2017-08-15,0.1115259113205813
2017-08-16,0.10575213140758626
2017-08-17,0.09938342037960655
2017-08-18,0.15229884978027403
2017-08-21,0.14570093829084507
2017-08-22,0.13436349544301726
2017-08-23,0.1269892478180906
2017-08-24,0.1296540591139971
2017-08-25,0.12817937279268302
2017-08-28,0.11938907288773816
2017-08-29,0.11224990126018358
2017-08-30,0.10499389639410532
2017-08-31,0.09951324058234919
2017-09-01,0.09497905771341424
2017-09-05,0.0896874781989776
2017-09-06,0.10947228404223788
2017-09-07,0.10313632914017809
2017-09-08,0.09830128074824941
2017-09-11,0.09707837143936794
2017-09-12,0.09407500310225754
2017-09-13,0.08940710415650173
2017-09-14,0.08444526649459104
2017-09-15,0.08216998978669636
2017-09-18,0.07817423429305023
2017-09-19,0.0747832485728293
2017-09-20,0.07141137052525942
2017-09-21,0.06843077690259346
2017-09-22,0.0751404352847022
2017-09-25,0.07226933005288877
2017-09-26,0.07650779489644179
2017-09-27,0.07286278126579795
2017-09-28,0.07046474208407001
2017-09-29,0.0675513431589406
2017-10-02,0.06554115141887747
2017-10-03,0.06394056220476975
2017-10-04,0.061874101197250585
2017-10-05,0.05972522975127831
2017-10-06,0.059079397209242185
2017-10-09,0.061736402434302895
2017-10-10,0.06577161261021386
2017-10-11,0.06367998060890906
2017-10-12,0.061479773573502615
2017-10-13,0.06502547641067152
2017-10-16,0.06260921749457425
2017-10-17,0.0604371357629671
2017-10-18,0.05827906734960227
2017-10-19,0.05637845616893997
2017-10-20,0.05496918987065911
2017-10-23,0.0545089929014142
2017-10-24,0.06704956464352932
2017-10-25,0.06460052443971608
2017-10-26,0.07976012094704707
2017-10-27,0.07598741619773566
2017-10-30,0.07447336795784103
2017-10-31,0.0840165438973011
2017-11-01,0.07989403878926012
2017-11-02,0.07611623522634711
2017-11-03,0.0726101166607436
2017-11-06,0.0700831218774026
2017-11-07,0.0673001439578478
2017-11-08,0.06782441348255414
2017-11-09,0.0652899793043124
2017-11-10,0.07558142604601195
2017-11-13,0.07416072259679367
2017-11-14,0.07082830571251392
2017-11-15,0.07611234692840764
2017-11-16,0.08992047418353011
2017-11-17,0.08708671329585396
2017-11-20,0.09256559275234597
2017-11-21,0.08760674736018603
2017-11-22,0.0844769538761447
2017-11-24,0.08387144386266009
2017-11-27,0.07996753650061669
2017-11-28,0.0786748938069779
2017-11-29,0.07744356656198423
2017-11-30,0.07672780572826415
2017-12-01,0.0753022389452095
2017-12-04,0.0793220837993537
2017-12-05,0.0802305610831809
2017-12-06,0.0886592458066826
2017-12-07,0.08447500620455073
2017-12-08,0.08073954978079163
2017-12-11,0.07800665810728266
2017-12-12,0.07487397560567739
2017-12-13,0.07170164213757141
2017-12-14,0.07007146457822797
2017-12-15,0.08139374344504993
2017-12-18,0.07938686295773584
2017-12-19,0.07703205914063935
2017-12-20,0.08666270457590045
2017-12-21,0.08476017968567094
2017-12-22,0.08069890831871104
2017-12-26,0.0786311071870806
2017-12-27,0.07956889757110808
2017-12-28,0.07559604037535803
2017-12-29,0.07243480113489159
2018-01-02,0.08237513900792354
2018-01-03,0.07994689443369163
2018-01-04,0.07753225665600338
2018-01-05,0.0747747720197989
2018-01-08,0.07295888095741708
2018-01-09,0.06998517034066565
2018-01-10,0.06740740274603238
2018-01-11,0.07050446344078606
2018-01-12,0.06927011642149121
2018-01-16,0.06793468904129016
2018-01-17,0.07719219488054924
2018-01-18,0.07593687176852
2018-01-19,0.07864613211490423
2018-01-22,0.07587174238723125
2018-01-23,0.07435630081201741
2018-01-24,0.0713309408260749
2018-01-25,0.07055137142071083
2018-01-26,0.06746668479083649
2018-01-29,0.06771983402305487
2018-01-30,0.08888701712071495
2018-01-31,0.12085049952658038
2018-02-01,0.11243489080343311
2018-02-02,0.10949233342897037
2018-02-05,0.18977410608059342
2018-02-06,0.3423166121394042
2018-02-07,0.30710634785227153
2018-02-08,0.28882212679224273
2018-02-09,0.38490824731931195
2018-02-12,0.34152335119202215
2018-02-13,0.30518012370583586
2018-02-14,0.271540781018675
2018-02-15,0.2458927907368909
2018-02-16,0.22390580342393313
2018-02-20,0.20234911842766362
2018-02-21,0.20272724515368848
2018-02-22,0.199184212242352
2018-02-23,0.1809317895937523
2018-02-26,0.1689940164049023
2018-02-27,0.15751593374458076
2018-02-28,0.18540107194082903
2018-03-01,0.2005906158499838
2018-03-02,0.2281572106584197
2018-03-05,0.20680639720656271
2018-03-06,0.19015286245216578
2018-03-07,0.17346180942282846
2018-03-08,0.1606982456652955
2018-03-09,0.14852312825147423
2018-03-12,0.1412359842017347
2018-03-13,0.13515927037028214
2018-03-14,0.1458759188539133
2018-03-15,0.15084791836678352
2018-03-16,0.1430762924542321
2018-03-19,0.13214430187475476
2018-03-20,0.16859860157587073
2018-03-21,0.1545729238965189
2018-03-22,0.14871135664684618
2018-03-23,0.23061535983662126
2018-03-26,0.27675002659892595
2018-03-27,0.25384145116062884
2018-03-28,0.28032911709903785
2018-03-29,0.25930736363848755
2018-04-02,0.23532504389711986
2018-04-03,0.28149073647909467
2018-04-04,0.2541483573066833
2018-04-05,0.2304061251145045
2018-04-06,0.2094351697832881
2018-04-09,0.2637251895025199
2018-04-10,0.2370719441318381
2018-04-11,0.21719198556526453
2018-04-12,0.2123142284875123
2018-04-13,0.19402061730551706
2018-04-16,0.18573920119950668
2018-04-17,0.17112947723025618
2018-04-18,0.15912840258735345
2018-04-19,0.14608037942909272
2018-04-20,0.15233167205998235
2018-04-23,0.16719396138334172
2018-04-24,0.1546545252502874
2018-04-25,0.18661652716860644
2018-04-26,0.1703895906913231
2018-04-27,0.15834662601558225
2018-04-30,0.14545077334044407
2018-05-01,0.15872088188158517
2018-05-02,0.1459968053470114
2018-05-03,0.15600245887474018
2018-05-04,0.15078016469219294
2018-05-07,0.142018888570893
2018-05-08,0.1318243313361518
2018-05-09,0.12332590930265984
2018-05-10,0.11706848404729117
2018-05-11,0.11146035260498949
2018-05-14,0.10480315204961055
2018-05-15,0.09819987197535118
2018-05-16,0.11563645823352409
2018-05-17,0.10881206714074945
2018-05-18,0.10543563163500672
2018-05-21,0.10740837423369302
2018-05-22,0.1024092582213725
2018-05-23,0.10560668193819708
2018-05-24,0.09952410332431692
2018-05-25,0.10079889631431882
2018-05-29,0.10295391368284904
2018-05-30,0.13715936544210652
2018-05-31,0.13021376725431938
2018-06-01,0.14052301171287407
2018-06-04,0.13221994274163806
2018-06-05,0.12358620247793724
2018-06-06,0.11491209643973434
2018-06-07,0.10928670297944498
2018-06-08,0.10372746560339219
2018-06-11,0.09790727589122494
2018-06-12,0.09228144397232109
2018-06-13,0.08724056960709718
2018-06-14,0.09351589851981967
2018-06-15,0.08867650253197625
2018-06-18,0.08880455538608907
2018-06-19,0.09130894407816993
2018-06-20,0.09919437226530903
2018-06-21,0.09353124142938525
2018-06-22,0.109441306761044
2018-06-25,0.10268288261243269
2018-06-26,0.14580646991428206
2018-06-27,0.1348328692979038
2018-06-28,0.15168756443281492
2018-06-29,0.1408976181496799
2018-07-02,0.1303283905248374
2018-07-03,0.12122857238813266
2018-07-05,0.12445878332907764
2018-07-06,0.1176627098442381
2018-07-09,0.11174544492995245
2018-07-10,0.10665695970515528
2018-07-11,0.10068530315826771
2018-07-12,0.11928343892543757
2018-07-13,0.11334065146364851
2018-07-16,0.10586556388597072
2018-07-17,0.10296614783916051
2018-07-18,0.09752256132085103
2018-07-19,0.09214594795123884
2018-07-20,0.09972761220611231
2018-07-23,0.09825228073632093
2018-07-24,0.09273183555902852
2018-07-25,0.08865602121221823
2018-07-26,0.08596028430544642
2018-07-27,0.08972448711238422
2018-07-30,0.10801285394121964
2018-07-31,0.11836826202256238
2018-08-01,0.11142248898086651
2018-08-02,0.1101815325847545
2018-08-03,0.1043118747700811
2018-08-06,0.09878468018841532
2018-08-07,0.09369409331880234
2018-08-08,0.08904794474401657
2018-08-09,0.08659248184765331
2018-08-10,0.08721606919248562
2018-08-13,0.1055990123711778
2018-08-14,0.11144741803761138
2018-08-15,0.1056854764987326
2018-08-16,0.12408050053444412
2018-08-17,0.11731139635334942
2018-08-20,0.11011119232270482
2018-08-21,0.10336225730181355
2018-08-22,0.09741789385693311
2018-08-23,0.09457694552190761
2018-08-24,0.09422158519302615
2018-08-27,0.0902563699115047
2018-08-28,0.08722140158834883
2018-08-29,0.08248435770758894
2018-08-30,0.07955732570192878
2018-08-31,0.08959066918122298
2018-09-04,0.08575703641487399
2018-09-05,0.08755961511325448
2018-09-06,0.09219586313003181
2018-09-07,0.09731329973555541
2018-09-10,0.09851905634536978
2018-09-11,0.09293743931742032
2018-09-12,0.0883697699553029
2018-09-13,0.08406734505590513
2018-09-14,0.08112726785843472
2018-09-17,0.0777568782951329
2018-09-18,0.09238003986282721
2018-09-19,0.08844851579754769
2018-09-20,0.08374317945431566
2018-09-21,0.08143737796439744
2018-09-24,0.08123245512504326
2018-09-25,0.08863251613424099
2018-09-26,0.08772079879195627
2018-09-27,0.09329987830505265
2018-09-28,0.08855778065034729
2018-10-01,0.08463302884997446
2018-10-02,0.08096920944977067
2018-10-03,0.0798228699642659
2018-10-04,0.07584204701778995
2018-10-05,0.10034433733207546
2018-10-08,0.11297858546781951
2018-10-09,0.1066931291721946
2018-10-10,0.10537099040314002
2018-10-11,0.25063858623288154
2018-10-12,0.29530635724942533
2018-10-15,0.26609979880320417
2018-10-16,0.2548645682094204
2018-10-17,0.23387760143199865
2018-10-18,0.21119417080996275
2018-10-19,0.2365493954367606
2018-10-22,0.215445817768133
2018-10-23,0.20860642434594862
2018-10-24,0.2045485167762488
2018-10-25,0.293389461530853
2018-10-26,0.2655101073871809
2018-10-29,0.29181783980662895
2018-10-30,0.27631037618434134
2018-10-31,0.25027192182756575
2018-11-01,0.22710222005673864
2018-11-02,0.20731815059432962
2018-11-05,0.20593725220055817
2018-11-06,0.1878390886443504
2018-11-07,0.17245001670775095
2018-11-08,0.163096476055328
2018-11-09,0.1558130071503145
2018-11-12,0.1744778215887983
2018-11-13,0.222333808060023
2018-11-14,0.20698507965513424
2018-11-15,0.2084228686051599
2018-11-16,0.19125100714563523
2018-11-19,0.17442709410129906
2018-11-20,0.21548289373965404
2018-11-21,0.25436187758635226
2018-11-23,0.22872084814374652
2018-11-26,0.2263856874769546
2018-11-27,0.20812584762329547
2018-11-28,0.18916364651779294
2018-11-29,0.17796134922843196
2018-11-30,0.1697465115669342
2018-12-03,0.15672015854676688
2018-12-04,0.14727518978497423
2018-12-06,0.2684038970676044
2018-12-07,0.24522452659872312
2018-12-10,0.29544725279938344
2018-12-11,0.26317440567302064
2018-12-12,0.23602865107636067
2018-12-13,0.2135055599954368
2018-12-14,0.19516039955322664
2018-12-17,0.2378939108816748
2018-12-18,0.27642363309072576
2018-12-19,0.250865856913906
2018-12-20,0.2710776525525568
2018-12-21,0.2920159865641605
2018-12-24,0.32321094604892087
2018-12-26,0.36881120887071234
2018-12-27,0.33694770429064697
2018-12-28,0.29957834095145514
2018-12-31,0.2709644701745835
2019-01-02,0.24419510576288717
2019-01-03,0.21945126796972278
2019-01-04,0.277645926977404
2019-01-07,0.2561639493510622
2019-01-08,0.2314000865439525
2019-01-09,0.21067217255112103
2019-01-10,0.19169069527822877
2019-01-11,0.17504754067215456
2019-01-14,0.15998702292524145
2019-01-15,0.166029987951537
2019-01-16,0.15490229460459906
2019-01-17,0.14283560256847425
2019-01-18,0.13365241848680678
2019-01-22,0.1271287859879065
2019-01-23,0.16450159929623012
2019-01-24,0.15111306235229957
2019-01-25,0.13903087378713153
2019-01-28,0.13055156066100398
2019-01-29,0.14571789822605102
2019-01-30,0.13928192752617438
2019-01-31,0.13273880099836805
2019-02-01,0.12511554770867325
2019-02-04,0.11619627694838396
2019-02-05,0.11006645318476067
2019-02-06,0.10387239418218779
2019-02-07,0.10245203242017953
2019-02-08,0.12899405066004896
2019-02-11,0.11981098987504304
2019-02-12,0.11153137959844756
2019-02-13,0.10751219298704132
2019-02-14,0.10135081701888293
2019-02-15,0.10293527159418936
2019-02-19,0.0993523031331964
2019-02-20,0.0936788570312023
2019-02-21,0.08868656033442278
2019-02-22,0.09597885134832772
2019-02-25,0.09187564551404964
2019-02-26,0.08689578944720613
2019-02-27,0.08553467017350007
2019-02-28,0.08347089818806602
2019-03-01,0.08595314276376145
2019-03-04,0.08291139056679124
2019-03-05,0.09116001812721478
2019-03-06,0.09127453459291308
2019-03-07,0.10675206991094217
2019-03-08,0.12821840320051883
2019-03-11,0.12593664193274598
2019-03-12,0.12066910821942566
2019-03-13,0.1131462292565886
2019-03-14,0.10725483129771352
2019-03-15,0.10345807325621262
2019-03-18,0.0982018125100394
2019-03-19,0.09316283363222397
2019-03-20,0.0883435516611253
2019-03-21,0.09390850434935244
2019-03-22,0.09141943631386738
2019-03-25,0.16594690096627296
2019-03-26,0.15525724294138243
2019-03-27,0.14447050786757032
2019-03-28,0.14994161165877679
2019-03-29,0.13886435756042087
2019-04-01,0.12983299737740936
2019-04-02,0.12338512363186213
2019-04-03,0.11467160516315192
2019-04-04,0.10725465976953094
2019-04-05,0.10096283502249626
2019-04-08,0.09595287545689121
2019-04-09,0.09038264216684769
2019-04-10,0.10272576593068992
2019-04-11,0.09713770506812257
2019-04-12,0.09340734597899049
2019-04-15,0.08973208430273827
2019-04-16,0.08789454350517321
2019-04-17,0.08313516809168689
2019-04-18,0.0874901705644393
2019-04-22,0.08312731641527965
2019-04-23,0.07890518788349787
2019-04-24,0.07733054732575367
2019-04-25,0.08159217956870654
2019-04-26,0.08048242920947173
2019-04-29,0.0775565125976117
2019-04-30,0.07407320281254744
2019-05-01,0.07063486065866148
2019-05-02,0.09486350832052602
2019-05-03,0.097008157157183
2019-05-06,0.0937721123517197
2019-05-07,0.10228546842938083
2019-05-08,0.1595686360325783
2019-05-09,0.15152722227712223
2019-05-10,0.14931535283440714
2019-05-13,0.13864235749225534
2019-05-14,0.22475187004592817
2019-05-15,0.20489427981837316
2019-05-16,0.18703023069213223
2019-05-17,0.17251626251831043
2019-05-20,0.17789956719200012
2019-05-21,0.1829574903204195
2019-05-22,0.16893207342244065
2019-05-23,0.1645256471229907
2019-05-24,0.1902490053601713
2019-05-28,0.173475559344847
2019-05-29,0.1878092555607673
2019-05-30,0.1917191210874824
2019-05-31,0.17486524045364035
2019-06-03,0.20323619304546967
2019-06-04,0.1925301300582346
2019-06-05,0.18051626210375304
2019-06-06,0.16672773228131874
2019-06-07,0.15420496442650225
2019-06-10,0.14422717487798023
2019-06-11,0.1340770680095476
2019-06-12,0.12599019970430098
2019-06-13,0.123287602916548
2019-06-14,0.11555255084195111
2019-06-17,0.11215680673177363
2019-06-18,0.10488899645962199
2019-06-19,0.1009724021786895
2019-06-20,0.09526527912343136
2019-06-21,0.09215312656399989
2019-06-24,0.09244211435744282
2019-06-25,0.0920101934628517
2019-06-26,0.12152846392033846
2019-06-27,0.11711550153380403
2019-06-28,0.10994473652266325
2019-07-01,0.10402064033382331
2019-07-02,0.09982216878142047
2019-07-03,0.09433314046837148
2019-07-05,0.09089462228889462
2019-07-08,0.09036899443759439
2019-07-09,0.10399716681719401
2019-07-10,0.09768847250105812
2019-07-11,0.09301609619801962
2019-07-12,0.08818235318344375
2019-07-15,0.08442946488343216
2019-07-16,0.0802668095420943
2019-07-17,0.08746027399603061
2019-07-18,0.10619314336946907
2019-07-19,0.10028982714818824
2019-07-22,0.11278661715842611
2019-07-23,0.10581997338158589
2019-07-24,0.10089877829526213
2019-07-25,0.09585766428321393
2019-07-26,0.10630943945921416
2019-07-29,0.10121204438779123
2019-07-30,0.10160276687600812
2019-07-31,0.10388603613167205
2019-08-01,0.13565580287573284
2019-08-02,0.1538365513975241
2019-08-05,0.16534163699606366
2019-08-06,0.2661516299360518
2019-08-07,0.24145588477175028
2019-08-08,0.21699859989548814
2019-08-09,0.20099072570671717
2019-08-12,0.20325049246322435
2019-08-13,0.22230390518271903
2019-08-14,0.20448021525155805
2019-08-15,0.2901070329963142
2019-08-16,0.25884978864676655
2019-08-19,0.2354424186402827
2019-08-20,0.21480888816118834
2019-08-21,0.2175898063307943
2019-08-22,0.1985234459583332
2019-08-23,0.18219254745157912
2019-08-26,0.2571165761104767
2019-08-27,0.233022814843201
2019-08-28,0.22194221211222118
2019-08-29,0.20197145345410553
2019-08-30,0.18631134401435356
2019-09-03,0.1720352593280237
2019-09-04,0.17556792347140004
2019-09-05,0.1631474110079131
2019-09-06,0.15276525220639756
2019-09-09,0.14053730186911909
2019-09-10,0.12976555806580828
2019-09-11,0.12217964112129114
2019-09-12,0.11537249083635016
2019-09-13,0.10838011945428114
2019-09-16,0.10452487075877827
2019-09-17,0.1084335180342356
2019-09-18,0.10197764358502175
2019-09-19,0.09571600674023743
2019-09-20,0.09152927291734357
2019-09-23,0.10235942067369437
2019-09-24,0.09793668747729638
2019-09-25,0.11889313954387655
2019-09-26,0.11215013164100662
2019-09-27,0.1120620272390287
2019-09-30,0.12241946497145467
2019-10-01,0.11492286600740566
2019-10-02,0.1483357870662191
2019-10-03,0.19786748660945344
2019-10-04,0.18158719200345863
2019-10-07,0.16892930830677455
2019-10-08,0.16822463042043598
2019-10-09,0.20527098246854866
2019-10-10,0.18829792172571994
2019-10-11,0.17295996313633133
2019-10-14,0.1606288748523755
2019-10-15,0.15166190934748106
2019-10-16,0.14198068351755613
2019-10-17,0.13682582609243216
2019-10-18,0.12715480515147207
2019-10-21,0.1322674091046253
2019-10-22,0.12416731341537403
2019-10-23,0.12620906152274958
2019-10-24,0.11780506432796586
2019-10-25,0.11004448499699805
2019-10-28,0.10382703882389982
2019-10-29,0.09871792586594995
2019-10-30,0.09487191647081539
2019-10-31,0.09003776555091388
2019-11-01,0.09430439789542182
2019-11-04,0.091215898230952
2019-11-05,0.08702360314787072
2019-11-06,0.08681630218991414
2019-11-07,0.08271203577797921
2019-11-08,0.07925285502657528
2019-11-11,0.07584916125246784
2019-11-12,0.07928667995123229
2019-11-13,0.07578215577476391
2019-11-14,0.07249389449739296
2019-11-15,0.06946185479564165
2019-11-18,0.06830843799551241
2019-11-19,0.06546603218297725
2019-11-20,0.06493363457902454
2019-11-21,0.07558745501189798
2019-11-22,0.07810827617327377
2019-11-25,0.07475020572000644
2019-11-26,0.07323785882855345
2019-11-27,0.0703573992065998
2019-11-29,0.0683493699504411
2019-12-02,0.07856235919402134
2019-12-03,0.10531134457881651
2019-12-04,0.12108002478952865
2019-12-05,0.11415014148445697
2019-12-06,0.10685247922010194
2019-12-09,0.10235307693924886
2019-12-10,0.1066977433106067
2019-12-11,0.10435390525978547
2019-12-12,0.09843309351903104
2019-12-13,0.09472342392289251
2019-12-16,0.0892396505755128
2019-12-17,0.08603022737302704
2019-12-18,0.08202997096975422
2019-12-19,0.07888572460922456
2019-12-20,0.07596430956072595
2019-12-23,0.0734050888050299
2019-12-24,0.0703070982157421
2019-12-26,0.06838391313945398
2019-12-27,0.06679802668039245
2019-12-30,0.06602396348868711
2019-12-31,0.08310620995646802
2020-01-02,0.0793114367312964
2020-01-03,0.07779638305838521
2020-01-06,0.10098917498714352
2020-01-07,0.0956996158042094
2020-01-08,0.09978267124462324
2020-01-09,0.09503332205235095
2020-01-10,0.09118905769427178
2020-01-13,0.09600254515189069
2020-01-14,0.09208099307409941
2020-01-15,0.09259420465030699
2020-01-16,0.08778193075616879
2020-01-17,0.08512080679639521
2020-01-21,0.08130916668479896
2020-01-22,0.08432018608722348
2020-01-23,0.08077787074243585
2020-01-24,0.07686564031071404
2020-01-27,0.10558556777275656
2020-01-28,0.15874600588429827
2020-01-29,0.1483087685933537
2020-01-30,0.14010931689145092
2020-01-31,0.13011404371658888
2020-02-03,0.18616165155186581
2020-02-04,0.17128758738180527
2020-02-05,0.160461067035742
2020-02-06,0.1500837921771073
2020-02-07,0.1388766070459571
2020-02-10,0.14542928111678408
2020-02-11,0.13589016018070849
2020-02-12,0.12601147005912283
2020-02-13,0.1185723562456579
2020-02-14,0.1147124499356134
2020-02-18,0.10729850528075327
2020-02-19,0.10928738143538604
2020-02-20,0.10333927388392217
2020-02-21,0.11063922789843882
2020-02-24,0.13866378353551098
2020-02-25,0.2690162674198497
2020-02-26,0.34093918458252626
2020-02-27,0.3122719311034544
2020-02-28,0.43325946277424165
2020-03-02,0.39048849316817874
2020-03-03,0.35320141903451313
2020-03-04,0.40037879915950214
2020-03-05,0.3611052088193073
2020-03-06,0.4230948208205803
2020-03-09,0.4175014125566258
2020-03-10,0.6581875513926418
2020-03-11,0.5747876190620177
2020-03-12,0.6439991014272181
2020-03-13,0.8834750725979842
2020-03-16,0.7638010232220088
2020-03-17,1.024787134112782
2020-03-18,0.8690594726650598
2020-03-19,0.8781789531333182
2020-03-20,0.740086680190577
2020-03-23,0.7534838894384827
2020-03-24,0.7105243019348958
2020-03-25,0.6261985038951786
2020-03-26,0.5399887686577384
2020-03-27,0.480127801946625
2020-03-30,0.5052452412741592
2020-03-31,0.44537354003928536
2020-04-01,0.43085811264758894
2020-04-02,0.5204457002288267
2020-04-03,0.455561567944724
2020-04-06,0.437860395624504
2020-04-07,0.39831203757885303
2020-04-08,0.34918819355693054
2020-04-09,0.3163369323035339
2020-04-13,0.2841623120128391
2020-04-14,0.2804115426563978
2020-04-15,0.25748228648940436
2020-04-16,0.2979865104251494
2020-04-17,0.2660624065314346
2020-04-20,0.24470171736037874
2020-04-21,0.27493178179159744
2020-04-22,0.3456890429579516
2020-04-23,0.3105572706237316
2020-04-24,0.2769237370207015
2020-04-27,0.2505672129417345
2020-04-28,0.2283122785305531
2020-04-29,0.21988856426126688
2020-04-30,0.20516728927642114
2020-05-01,0.2145896118153465
2020-05-04,0.2843758328082363
2020-05-05,0.25403038890728336
2020-05-06,0.22993194619118776
2020-05-07,0.22771026127593652
2020-05-08,0.20820569083468105
2020-05-11,0.19265083697885274
2020-05-12,0.17571535415868472
2020-05-13,0.22822221655465155
2020-05-14,0.26175051075005185
2020-05-15,0.23719360224881708
2020-05-18,0.21438797823522332
2020-05-19,0.20157336396863076
2020-05-20,0.21464798096129864
2020-05-21,0.19829330215344984
2020-05-22,0.20123903319637051
2020-05-26,0.18285820358113994
2020-05-27,0.16971069564455465
2020-05-28,0.1589981871805245
2020-05-29,0.15234224149978612
2020-06-01,0.1411366823620318
2020-06-02,0.1312252954124127
2020-06-03,0.12365145602924302
2020-06-04,0.1183354876285046
2020-06-05,0.11914573476714811
2020-06-08,0.11772509853536263
2020-06-09,0.11277924300713849
2020-06-10,0.13007832658354848
2020-06-11,0.13863225428486448
2020-06-12,0.46957471606123224
2020-06-15,0.4109693354435456
2020-06-16,0.3617902734542885
2020-06-17,0.3232879710071031
2020-06-18,0.2988110151412036
2020-06-19,0.26579079233115993
2020-06-22,0.2548880016979134
2020-06-23,0.22993835063115356
2020-06-24,0.2081882370278359
2020-06-25,0.27560228737680054
2020-06-26,0.24862747092945478
2020-06-29,0.3000498034262142
2020-06-30,0.2703085612346458
2020-07-01,0.24467258912968615
2020-07-02,0.22138841263669037
2020-07-06,0.20110084800867312
2020-07-07,0.18625606576454318
2020-07-08,0.20191422321283822
2020-07-09,0.18493050463337454
2020-07-10,0.18613472309507484
2020-07-13,0.1719906617876033
2020-07-14,0.1844540601776472
2020-07-15,0.17125729404201637
2020-07-16,0.15884241584699954
2020-07-17,0.15645352393826223
2020-07-20,0.14431466923274572
2020-07-21,0.1350782772700938
2020-07-22,0.12540258347055103
2020-07-23,0.11783537582518304
2020-07-24,0.15083506131517907
2020-07-27,0.15925732444889312
2020-07-28,0.14791370452028973
2020-07-29,0.1564364621412634
2020-07-30,0.14677835565547376
2020-07-31,0.14681911885470222
2020-08-03,0.13722137525495653
2020-08-04,0.12856357922532896
2020-08-05,0.12013273716074986
2020-08-06,0.11332451997766123
2020-08-07,0.10743032750675793
2020-08-10,0.10060083932580742
2020-08-11,0.09513092812987918
2020-08-12,0.11805766941888167
2020-08-13,0.11357482347034191
2020-08-14,0.1124900803389985
2020-08-17,0.10617634078006512
2020-08-18,0.10014475026390644
2020-08-19,0.09450132281522397
2020-08-20,0.10308386402644502
2020-08-21,0.09737659148682727
2020-08-24,0.09240506399292131
2020-08-25,0.08975727500974101
2020-08-26,0.08557594059307166
2020-08-27,0.08361302272148664
2020-08-28,0.07970152606171185
2020-08-31,0.07734804598729247
2020-09-01,0.08620275445963153
2020-09-02,0.08400766390432113
2020-09-03,0.08344025210842593
2020-09-04,0.2842827956626197
2020-09-08,0.277632506108621
2020-09-09,0.33614641749339946
2020-09-10,0.3019451377353364
2020-09-11,0.32089822153725706
2020-09-14,0.2842822013352183
2020-09-15,0.25660059589287343
2020-09-16,0.23104674604494765
2020-09-17,0.22038930316403627
2020-09-18,0.22580840735862223
2020-09-21,0.23896715314150047
2020-09-22,0.24874345175998394
2020-09-23,0.22567327760560119
2020-09-24,0.2799003229414599
2020-09-25,0.25021694483998386
2020-09-28,0.22846274117162566
2020-09-29,0.21002180164883305
2020-09-30,0.20681010542308592
2020-10-01,0.18912464106872912
2020-10-02,0.17358448660231773
2020-10-05,0.18853930690470047
2020-10-06,0.17603464886637357
2020-10-07,0.2068405911409557
2020-10-08,0.19170233918451973
2020-10-09,0.17644601389812967
2020-10-12,0.16327342101872014
2020-10-13,0.1537291935502632
2020-10-14,0.16201102689462757
2020-10-15,0.16833868760569123
2020-10-16,0.15870341823843442
2020-10-19,0.14854357511353225
2020-10-20,0.1882315430936872
2020-10-21,0.1721844027780943
2020-10-22,0.16391214909231303
2020-10-23,0.15148989722248307
2020-10-26,0.1401129885631798
2020-10-27,0.19500187665565477
2020-10-28,0.18807481427081396
2020-10-29,0.30071679164601745
2020-10-30,0.26972147701062954
2020-11-02,0.2722609064088176
2020-11-03,0.24591958770945183
2020-11-04,0.22518641950198087
2020-11-05,0.20870525647066113
2020-11-06,0.19384877600346556
2020-11-09,0.1779437439824666
2020-11-10,0.16552366860163975
2020-11-11,0.15692050017557085
2020-11-12,0.14591371589780844
2020-11-13,0.16591641529696327
2020-11-16,0.1554322223422155
2020-11-17,0.14595217396649185
2020-11-18,0.15168710253222661
2020-11-19,0.17896422202866835
2020-11-20,0.16422081857662021
2020-11-23,0.17201424754793543
2020-11-24,0.1586622000322567
2020-11-25,0.1497269971393225
2020-11-27,0.1433980489378732
2020-11-30,0.13287460306329235
2020-12-01,0.13739198670530647
2020-12-02,0.12977446984469354
2020-12-03,0.12073193958039963
2020-12-04,0.11432659431541
2020-12-07,0.10883802163919984
2020-12-08,0.10905356824285298
2020-12-09,0.10263389356651634
2020-12-10,0.1270046643126605
2020-12-11,0.12001193352517263
2020-12-14,0.11628836421787067
2020-12-15,0.12313005769390828
2020-12-16,0.11793329239288376
2020-12-17,0.11014090968031852
2020-12-18,0.1043146854308185
2020-12-21,0.11112213277251909
2020-12-22,0.11575387979927161
2020-12-23,0.11404682834165787
2020-12-24,0.10652115843656652
2020-12-28,0.10064314488352914
2020-12-29,0.09668473190663747
2020-12-30,0.09785128617193466
2020-12-31,0.0922573980892446
2021-01-04,0.08824477174567279
2021-01-05,0.13512994484373586
2021-01-06,0.1267106724461207
2021-01-07,0.1190643764812864
2021-01-08,0.11471116684377757
2021-01-11,0.1083930810930004
2021-01-12,0.12383879988027799
2021-01-13,0.11569751167559823
2021-01-14,0.10846193723516298
2021-01-15,0.1131912192882698
2021-01-19,0.12985585077675005
2021-01-20,0.12233292498260152
2021-01-21,0.11731714888725363
2021-01-22,0.10942063564568794
2021-01-25,0.11414933056418336
2021-01-26,0.10742536877145446
2021-01-27,0.10632167060454527
2021-01-28,0.20311076581903342
2021-01-29,0.18620720306251956
2021-02-01,0.23674975329432973
2021-02-02,0.2171089690900609
2021-02-03,0.1996648992618127
2021-02-04,0.18121382051858187
2021-02-05,0.16803872433124334
2021-02-08,0.15467113700067253
2021-02-09,0.14389807881777134
2021-02-10,0.13579754730040308
2021-02-11,0.12804871307302815
2021-02-12,0.11908257886434792
2021-02-16,0.11205661242083745
2021-02-17,0.10837056985480413
2021-02-18,0.10195388050879695
2021-02-19,0.10990859749412964
2021-02-22,0.10913011895855121
2021-02-23,0.12780341793452793
2021-02-24,0.11876026187756399
2021-02-25,0.11340477172025026
2021-02-26,0.2046079477885473
2021-03-01,0.20132014271117063
2021-03-02,0.18874184166095462
2021-03-03,0.19592232206749338
2021-03-04,0.21983596896645677
2021-03-05,0.23678905755859794
2021-03-08,0.21759368101878193
2021-03-09,0.21187763069397855
2021-03-10,0.19521381022954826
2021-03-11,0.17878822551517976
2021-03-12,0.165618559321236
2021-03-15,0.15188963596231947
2021-03-16,0.14113896670070297
2021-03-17,0.13509116980173863
2021-03-18,0.1257534724297566
2021-03-19,0.16758059941479161
2021-03-22,0.15980360471510743
2021-03-23,0.14857177120575465
2021-03-24,0.1619767524959455
2021-03-25,0.16457542692101326
2021-03-26,0.15210354273423407
2021-03-29,0.1440154782178441
2021-03-30,0.13544470103079595
2021-03-31,0.13420410442545871
2021-04-01,0.12514480176409895
2021-04-05,0.11897552272164864
2021-04-06,0.1144961178013891
2021-04-07,0.10972859179623062
2021-04-08,0.10275993617503776
2021-04-09,0.09752797567357231
2021-04-12,0.09354922420181945
2021-04-13,0.08835787928018027
2021-04-14,0.08417569700007967
2021-04-15,0.09153982585229921
2021-04-16,0.08915132607933603
2021-04-19,0.08499018402152388
2021-04-20,0.09730838387706936
2021-04-21,0.11644203460912111
2021-04-22,0.11093674842591653
2021-04-23,0.1345423632176836
2021-04-26,0.1272493260602418
2021-04-27,0.11850362438696013
2021-04-28,0.11219599960527354
2021-04-29,0.10681980499755718
2021-04-30,0.10157703047122162
2021-05-03,0.1174044430029434
2021-05-04,0.10982952880681787
2021-05-05,0.12311251544988787
2021-05-06,0.11477185956905875
2021-05-07,0.10906180126107831
2021-05-10,0.10381170566735443
2021-05-11,0.13153301946761414
2021-05-12,0.15110522772187568
2021-05-13,0.21510490256567
2021-05-14,0.19739533287596525
2021-05-17,0.18304565404380577
2021-05-18,0.17517085286430611
2021-05-19,0.18700622168462538
2021-05-20,0.1788055274288491
2021-05-21,0.16579559781259967
2021-05-24,0.15531513040180248
2021-05-25,0.14524461848319598
2021-05-26,0.14146399514361613
2021-05-27,0.13096871945390473
2021-05-28,0.1213650087611717
2021-06-01,0.11323277141681687
2021-06-02,0.1094535172318116
2021-06-03,0.10262669788225713
2021-06-04,0.10873840445018991
2021-06-07,0.10402970779768975
2021-06-08,0.1015622047523121
2021-06-09,0.09594322187369851
2021-06-10,0.09593198777198922
2021-06-11,0.09141288084222586
2021-06-14,0.08655984565688625
2021-06-15,0.08236497342949503
2021-06-16,0.08487705897828493
2021-06-17,0.09956243847721809
2021-06-18,0.09572560532431734
2021-06-21,0.14003257517529144
2021-06-22,0.13299044272962635
2021-06-23,0.124421497943981
2021-06-24,0.12026688119164111
2021-06-25,0.11336397982049885
2021-06-28,0.1066248221471899
2021-06-29,0.10023214184202721
2021-06-30,0.09414366895734223
2021-07-01,0.08878613888980057
2021-07-02,0.08525968036668159
2021-07-06,0.08267277817988061
2021-07-07,0.0851128952413382
2021-07-08,0.08141678751187166
2021-07-09,0.10625611476660249
2021-07-12,0.10224185015181453
2021-07-13,0.09675277331091325
2021-07-14,0.10260803682349671
2021-07-15,0.09651728404438077
2021-07-16,0.10242155287369063
2021-07-19,0.12266673950783472
2021-07-20,0.16606651070115588
2021-07-21,0.1556907574748023
2021-07-22,0.14501788210065752
2021-07-23,0.1341108837623553
2021-07-26,0.12672248049957036
2021-07-27,0.11813683421036777
2021-07-28,0.12499623209390417
2021-07-29,0.11847949259948427
2021-07-30,0.11131171212127607
2021-08-02,0.12002509705292694
2021-08-03,0.11903696527380239
2021-08-04,0.11287282177204368
2021-08-05,0.12158565421849771
2021-08-06,0.11463996113765991
2021-08-09,0.10724768998404738
2021-08-10,0.10395788935855274
2021-08-11,0.09765277558203495
2021-08-12,0.0923650476396981
2021-08-13,0.0877759976712103
2021-08-16,0.08334352019510657
2021-08-17,0.07950470613352148
2021-08-18,0.09851215425793014
2021-08-19,0.13135333472474012
2021-08-20,0.1219742142710254
2021-08-23,0.11541796022306694
2021-08-24,0.10985183476657434
2021-08-25,0.10298422274095882
2021-08-26,0.09701497466893992
2021-08-27,0.11115497883529614
2021-08-30,0.10611670166541944
2021-08-31,0.10041996606824731
2021-09-01,0.09987696818670855
2021-09-02,0.09382497582726364
2021-09-03,0.08910398477613661
2021-09-07,0.08612408920435745
2021-09-08,0.093785917077875
2021-09-09,0.09318943063363731
2021-09-10,0.10232053914611634
2021-09-13,0.12273080020694208
2021-09-14,0.11464377457701734
2021-09-15,0.12468680898329218
2021-09-16,0.11791583515462534
2021-09-17,0.11565469497099001
2021-09-20,0.14072039923174723
2021-09-21,0.187921249647306
2021-09-22,0.1748232418555337
2021-09-23,0.16208348892945526
2021-09-24,0.1516540160495448
2021-09-27,0.13979662735088697
2021-09-28,0.13862184278085354
2021-09-29,0.20119932630144824
2021-09-30,0.18276812664783082
2021-10-01,0.20541302938628347
2021-10-04,0.18904003983500758
2021-10-05,0.21293322012491078
2021-10-06,0.19511584362306233
2021-10-07,0.1781662571257516
2021-10-08,0.1646889988616528
2021-10-11,0.15722008401290374
2021-10-12,0.16728939671174392
2021-10-13,0.16131931826473447
2021-10-14,0.14873802689493743
2021-10-15,0.1412681686240985
2021-10-18,0.13228745563213073
2021-10-19,0.12317013453738848
2021-10-20,0.11640792105611195
2021-10-21,0.10942065480014994
2021-10-22,0.10287467766474262
2021-10-25,0.10073121224233739
2021-10-26,0.09588770399247147
2021-10-27,0.0903615252732798
2021-10-28,0.10034779454280703
2021-10-29,0.09670994542141681
2021-11-01,0.09140018155426385
2021-11-02,0.08656674168354533
2021-11-03,0.08286148365929542
2021-11-04,0.0800953288933106
2021-11-05,0.07722297854445193
2021-11-08,0.07429121982579907
2021-11-09,0.0709257088642023
2021-11-10,0.07945523871090088
2021-11-11,0.10423183018133406
2021-11-12,0.0980078388686743
2021-11-15,0.09405240595045108
2021-11-16,0.08887080398963372
2021-11-17,0.08490571609129971
2021-11-18,0.08900756443530279
2021-11-19,0.08487592437936467
2021-11-22,0.08697723711058705
2021-11-23,0.0920746981552252
2021-11-24,0.08706459244389325
2021-11-26,0.08293519984794784
2021-11-29,0.18117005481941828
2021-11-30,0.16823682845104218
2021-12-01,0.2205282300610522
2021-12-02,0.23324419037268637
2021-12-03,0.21377370931629056
2021-12-06,0.21993238499282675
2021-12-07,0.20148998272540455
2021-12-08,0.18795900617183295
2021-12-09,0.171595777926877
2021-12-10,0.17801169623612972
2021-12-13,0.16475626266634907
2021-12-14,0.17897951590489905
2021-12-15,0.18471593567795563
2021-12-16,0.17218184043017973
2021-12-17,0.18513512278100963
2021-12-20,0.20206239339147922
2021-12-21,0.21623532770220094
2021-12-22,0.19985400860604655
2021-12-23,0.18376746262972596
2021-12-27,0.1689030777719091
2021-12-28,0.15810591142338126
2021-12-29,0.1486246965003134
2021-12-30,0.1370521397667255
2021-12-31,0.13593994211533184
2022-01-03,0.1342387009620234
2022-01-04,0.1256362029496307
2022-01-05,0.11882821986693005
2022-01-06,0.18284378639445853
2022-01-07,0.17042421118925138
2022-01-10,0.16842820396042082
2022-01-11,0.15880516935456504
2022-01-12,0.14799846776685735
2022-01-13,0.13687937743406867
2022-01-14,0.17336575689397288
2022-01-18,0.1584667496945627
2022-01-19,0.20592562118253516
2022-01-20,0.2186677962320452
2022-01-21,0.23156123051384683
2022-01-24,0.2713671774585646
2022-01-25,0.24338572495938873
2022-01-26,0.25587242778827557
2022-01-27,0.23734764400315955
2022-01-28,0.2285559854572037
2022-01-31,0.21222822344808917
2022-02-01,0.19648377062649128
2022-02-02,0.18002141267668068
2022-02-03,0.16657469161223906
2022-02-04,0.23626451160195247
2022-02-07,0.21362138329499925
2022-02-08,0.203336059106289
2022-02-09,0.18630444024996548
2022-02-10,0.1732945459163453
2022-02-11,0.21860139446948665
2022-02-14,0.2612878023940057
2022-02-15,0.24407917235294105
2022-02-16,0.22322556063812393
2022-02-17,0.2015444333308045
2022-02-18,0.2539745472122002
2022-02-22,0.24713863753615029
2022-02-23,0.2543253004099238
2022-02-24,0.2831948935273602
2022-02-25,0.256158624160179
2022-02-28,0.2350281243679466
2022-03-01,0.2197581753869886
2022-03-02,0.24630409631662453
2022-03-03,0.22570408931183714
2022-03-04,0.21877976938265167
2022-03-07,0.22237091155801605
2022-03-08,0.3026596021307915
2022-03-09,0.29131405400185184
2022-03-10,0.26601046894425145
2022-03-11,0.2516175500630757
2022-03-14,0.26434570005672947
2022-03-15,0.2583458498441685
2022-03-16,0.23686729426398356
2022-03-17,0.21863445184347846
2022-03-18,0.2005504483793029
2022-03-21,0.18461512215061082
2022-03-22,0.17014781922055486
2022-03-23,0.15854049950174584
2022-03-24,0.18765672829448185
2022-03-25,0.1745767488966382
2022-03-28,0.16059432205608062
2022-03-29,0.14903059940203933
2022-03-30,0.14033888488193313
2022-03-31,0.14939085142293257
2022-04-01,0.18963854546600165
2022-04-04,0.17309532030987182
2022-04-05,0.16027392087646483
2022-04-06,0.18819757129042589
2022-04-07,0.2025142222969333
2022-04-08,0.18476990282273234
2022-04-11,0.17703119776862386
2022-04-12,0.2182375388271344
2022-04-13,0.20870990654095703
2022-04-14,0.19176135501620514
2022-04-18,0.2136751218363928
2022-04-19,0.1932525617603517
2022-04-20,0.17968253038534907
2022-04-21,0.16713492735977986
2022-04-22,0.20226705231543204
2022-04-25,0.2792751514687585
2022-04-26,0.2504848866530015
2022-04-27,0.32154457017483284
2022-04-28,0.2854082963182418
2022-04-29,0.26062821159390676
2022-05-02,0.3622746081265478
2022-05-03,0.32037625874608877
2022-05-04,0.2848733988243815
2022-05-05,0.2614974478261123
2022-05-06,0.3568175506009848
2022-05-09,0.33192774838039724
2022-05-10,0.3959073276878967
2022-05-11,0.3475091953028296
2022-05-12,0.3535911287389522
2022-05-13,0.315669396592796
2022-05-16,0.2857961230805662
2022-05-17,0.26702018860694154
2022-05-18,0.24386597506336885
2022-05-19,0.3659901786523681
2022-05-20,0.34000443796721663
2022-05-23,0.30032592513229595
2022-05-24,0.2715587860954791
2022-05-25,0.2653782037562279
2022-05-26,0.23947387042357113
2022-05-27,0.22029190381401426
2022-05-31,0.20508940070040504
2022-06-01,0.20310052657532582
2022-06-02,0.2089927281734495
2022-06-03,0.19397592514963186
2022-06-06,0.22938549862384863
2022-06-07,0.2073141433791449
2022-06-08,0.19007921518685159
2022-06-09,0.20696901796869296
2022-06-10,0.2677032134610308
2022-06-13,0.3348328016596716
2022-06-14,0.42086725376045
2022-06-15,0.3770021793807113
2022-06-16,0.33474041663540915
2022-06-17,0.4021048698709653
2022-06-21,0.3526286725869261
2022-06-22,0.31711237909592144
2022-06-23,0.2871565558309135
2022-06-24,0.2581749577687888
2022-06-27,0.23923550049683198
2022-06-28,0.2269276067524223
2022-06-29,0.27056573917848814
2022-06-30,0.24513083970014848
2022-07-01,0.24460741762321841
2022-07-05,0.22224968268610848
2022-07-06,0.2009059937969026
2022-07-07,0.182954443264378
2022-07-08,0.17049004786053554
2022-07-11,0.1593995333884359
2022-07-12,0.18319743270195266
2022-07-13,0.19455606595344938
2022-07-14,0.19302973454529515
2022-07-15,0.18343444096817413
2022-07-18,0.17198829597189966
2022-07-19,0.18314553252211158
2022-07-20,0.17382312145340956
2022-07-21,0.16033046594844313
2022-07-22,0.14960984832567953
2022-07-25,0.1675804786178697
2022-07-26,0.15356102317022857
2022-07-27,0.1797850225666526
2022-07-28,0.17064430427567415
2022-07-29,0.15919246543218366
2022-08-01,0.14978153636272695
2022-08-02,0.14760751535456507
2022-08-03,0.15699428455695955
2022-08-04,0.148154994983739
2022-08-05,0.1395472882361888
2022-08-08,0.1349429098191537
2022-08-09,0.12937726449278167
2022-08-10,0.13292976890263378
2022-08-11,0.12856710825867992
2022-08-12,0.12046006051944427
2022-08-15,0.11650387974309506
2022-08-16,0.1095572487172712
2022-08-17,0.10282206996796169
2022-08-18,0.12032884757893464
2022-08-19,0.11261495375019259
2022-08-22,0.15272946900196993
2022-08-23,0.21446120238975339
2022-08-24,0.20179742484802554
2022-08-25,0.18367641461724307
2022-08-26,0.17088863102638946
2022-08-29,0.2888263064871281
2022-08-30,0.27688974200630834
2022-08-31,0.27994686492775306
2022-09-01,0.2723514497201105
2022-09-02,0.2439377996436154
2022-09-06,0.2510592423747425
2022-09-07,0.23683474123152604
2022-09-08,0.2175215044044189
2022-09-09,0.1980515268100934
2022-09-12,0.18365743535327286
2022-09-13,0.1699900995538974
2022-09-14,0.34431810953592695
2022-09-15,0.30478751490361555
2022-09-16,0.3043307752981034
2022-09-19,0.29285132004901326
2022-09-20,0.26246874434091977
2022-09-21,0.2694702050426495
2022-09-22,0.29457341360440353
2022-09-23,0.2869493513232772
2022-09-26,0.3066160381378523
2022-09-27,0.301449569809825
2022-09-28,0.2760080926522025
2022-09-29,0.25125443584898494
2022-09-30,0.29170563244203024
2022-10-03,0.3063414221409954
2022-10-04,0.2785763401594927
2022-10-05,0.2563111187017517
2022-10-06,0.2372156684190116
2022-10-07,0.24471003167131644
2022-10-10,0.31291431837993616
2022-10-11,0.30005046029106663
2022-10-12,0.2855043207235604
2022-10-13,0.2646388322931503
2022-10-14,0.24333496848395814
2022-10-17,0.2922941783053216
2022-10-18,0.2665548714504654
2022-10-19,0.2412173097362333
2022-10-20,0.23817960504870878
2022-10-21,0.23954367150437766
2022-10-24,0.2214646560731043
2022-10-25,0.20290417258604154
2022-10-26,0.18794533076167744
2022-10-27,0.19439974554754919
2022-10-28,0.19316196078390258
2022-10-31,0.18160676409181128
2022-11-01,0.18803150496280233
2022-11-02,0.1848253399964597
2022-11-03,0.25647744384767523
2022-11-04,0.26078837695226703
2022-11-07,0.2369967638052947
2022-11-08,0.21549731756826754
2022-11-09,0.19602029196002604
2022-11-10,0.2467064469190935
2022-11-11,0.2354670939155775
2022-11-14,0.21422009917929977
2022-11-15,0.21970230859709042
2022-11-16,0.20043615286734226
2022-11-17,0.20530241805479935
2022-11-18,0.19578458046492034
2022-11-21,0.17884269618849089
2022-11-22,0.17473747692066963
2022-11-23,0.1629812232756706
2022-11-25,0.15089445767645976
2022-11-28,0.14066379421432085
2022-11-29,0.18496738758392564
2022-11-30,0.17445806549321538
2022-12-01,0.16750940667340983
2022-12-02,0.15656921043649202
2022-12-05,0.14824444793832356
2022-12-06,0.19912710473940193
2022-12-07,0.2265161827778385
2022-12-08,0.21008430696778554
2022-12-09,0.1920037262089564
2022-12-12,0.19764835375614778
2022-12-13,0.1830188827354344
2022-12-14,0.168607380636674
2022-12-15,0.1743334198213077
2022-12-16,0.24607415665511054
2022-12-19,0.2568273906277089
2022-12-20,0.2555268604365398
2022-12-21,0.22919060808058153
2022-12-22,0.2102162896989519
2022-12-23,0.23514423810938537
2022-12-27,0.21293425878276256
2022-12-28,0.20487161998402204
2022-12-29,0.2245037599301937
2022-12-30,0.20699600598613133
2023-01-03,0.1960145885534247
2023-01-04,0.19117813678873946
2023-01-05,0.17569602599509762
2023-01-06,0.19675309647259998
2023-01-09,0.18447268656568988
2023-01-10,0.17078955453137495
2023-01-11,0.15786625833461412
2023-01-12,0.1481160568213385
2023-01-13,0.13722923963300857
2023-01-17,0.1277552790095919
2023-01-18,0.12503373663934497
2023-01-19,0.17215112807072466
2023-01-20,0.18015411994311809
2023-01-23,0.1690287474438587
2023-01-24,0.15764768115441077
2023-01-25,0.1489533615917588
2023-01-26,0.1372975652219911
2023-01-27,0.12970576180315702
2023-01-30,0.12072289630236942
2023-01-31,0.15557074587645892
2023-02-01,0.14666166476355977
2023-02-02,0.13780648866457973
2023-02-03,0.13110534033269808
2023-02-06,0.15682136624927223
2023-02-07,0.1633469437160398
2023-02-08,0.15299767323148794
2023-02-09,0.1761479450865135
2023-02-10,0.18800675177273538
2023-02-13,0.1715553001239566
2023-02-14,0.15977129462916753
2023-02-15,0.14906668600092748
2023-02-16,0.13795667481539328
2023-02-17,0.1741959131893702
2023-02-21,0.16739898052674712
2023-02-22,0.22232763756538493
2023-02-23,0.2056007413133975
2023-02-24,0.18749840718153885
2023-02-27,0.2041762040908303
2023-02-28,0.18577712870671728
2023-03-01,0.18087901139284362
2023-03-02,0.1770806937321648
2023-03-03,0.16352148941014605
2023-03-06,0.15393155964186586
2023-03-07,0.14153479217607987
2023-03-08,0.18314642094249456
2023-03-09,0.16716972532497515
2023-03-10,0.21567507459438176
2023-03-13,0.24020641078874058
2023-03-14,0.2210005812074127
2023-03-15,0.203617461804411
2023-03-16,0.20378728170950094
2023-03-17,0.1891150973530259
2023-03-20,0.20890314130935575
2023-03-21,0.1914506910292349
2023-03-22,0.17734209893820346
2023-03-23,0.21831379673041792
2023-03-24,0.19774150935537219
2023-03-27,0.18105473874308808
2023-03-28,0.16542109129016147
2023-03-29,0.15907078092968027
2023-03-30,0.14966400685457634
2023-03-31,0.13916654214015045
2023-04-03,0.13217290848744223
2023-04-04,0.12329495981273782
2023-04-05,0.13266842307153842
2023-04-06,0.13167441858847428
2023-04-10,0.12288052831186487
2023-04-11,0.1143684334369721
2023-04-12,0.10716344164850074
2023-04-13,0.11388102702687934
2023-04-14,0.10970597495430952
2023-04-17,0.11099788790634
2023-04-18,0.10453684423559656
2023-04-19,0.09800969401121669
2023-04-20,0.09387110397663684
2023-04-21,0.10689643666688844
2023-04-24,0.10014204526901307
2023-04-25,0.09419869868650782
2023-04-26,0.15006541222387307
2023-04-27,0.15169795870678537
2023-04-28,0.14467324423730746
2023-05-01,0.13551230358396602
2023-05-02,0.12943970953875658
2023-05-03,0.1576847904880454
2023-05-04,0.1664780628993938
2023-05-05,0.17469070537974957
2023-05-08,0.16427169228595845
2023-05-09,0.1509568986659498
2023-05-10,0.15292727226410224
2023-05-11,0.14170441394432334
2023-05-12,0.1369849401373541
2023-05-15,0.13159844462832823
2023-05-16,0.12269407473750318
2023-05-17,0.1359033586858103
2023-05-18,0.12879000807872348
2023-05-19,0.1218714889750649
2023-05-22,0.11875373853190754
2023-05-23,0.11065840078003485
2023-05-24,0.142250661587773
2023-05-25,0.15451964182271297
2023-05-26,0.1441456384967745
2023-05-30,0.1362247631571495
2023-05-31,0.12612545065304354
2023-06-01,0.13510547155831384
2023-06-02,0.12738537015870072
2023-06-05,0.12193271803131368
2023-06-06,0.12017056287229969
2023-06-07,0.11228089271837749
2023-06-08,0.1163998765798456
2023-06-09,0.10998159450416224
2023-06-12,0.1031547540264197
2023-06-13,0.09905056931836892
2023-06-14,0.0947230114771662
2023-06-15,0.0893984242624092
2023-06-16,0.0876930750373628
2023-06-20,0.09461531731754022
2023-06-21,0.10661972546202736
2023-06-22,0.11682736145909507
2023-06-23,0.10970679740601114
2023-06-26,0.12782597633433035
2023-06-27,0.13193740525849879
2023-06-28,0.1249943633447358
2023-06-29,0.11609545947603812
2023-06-30,0.1091477964936999
2023-07-03,0.10511298316662446
2023-07-05,0.09865577578174123
2023-07-06,0.09832788600490484
2023-07-07,0.11916435391870776
2023-07-10,0.11956486531130257
2023-07-11,0.11183979014877632
2023-07-12,0.10602995620026238
2023-07-13,0.10132769636526012
2023-07-14,0.09711650727516655
2023-07-17,0.09439335800698827
2023-07-18,0.08971928545560678
2023-07-19,0.08661331180281641
2023-07-20,0.08240893032748585
2023-07-21,0.10127191322583541
2023-07-24,0.09629322896666828
2023-07-25,0.09168640871992043
2023-07-26,0.08709612267315298
2023-07-27,0.08317600213578773
2023-07-28,0.10190716832228046
2023-07-31,0.0981363065626455
2023-08-01,0.09264036024441777
2023-08-02,0.09723539882246468
2023-08-03,0.14303544351398942
2023-08-04,0.14145693866260176
2023-08-07,0.1451298043553885
2023-08-08,0.13596303891991848
2023-08-09,0.13982713233887584
2023-08-10,0.1506089268163047
2023-08-11,0.13878856579348584
2023-08-14,0.13108966307508602
2023-08-15,0.12279657271710842
2023-08-16,0.15377561751240687
2023-08-17,0.16466695395821954
2023-08-18,0.17486477772307554
2023-08-21,0.1596947765294318
2023-08-22,0.14808771055240064
2023-08-23,0.14538584690041342
2023-08-24,0.1368267136119531
2023-08-25,0.17363646445659836
2023-08-28,0.16034580793692005
2023-08-29,0.14861116463906016
2023-08-30,0.1405269116947782
2023-08-31,0.13071120717307158
2023-09-01,0.12654462817834058
2023-09-05,0.11782347816590652
2023-09-06,0.12397129960919098
2023-09-07,0.13713259321609872
2023-09-08,0.1369287282607269
2023-09-11,0.12686357552426714
2023-09-12,0.11935867651518113
2023-09-13,0.12906047213201524
2023-09-14,0.11985473673535159
2023-09-15,0.11372577915657046
2023-09-18,0.14797914706735552
2023-09-19,0.13630532159350767
2023-09-20,0.1332344222426222
2023-09-21,0.1534780160050897
2023-09-22,0.19732643925216284
2023-09-25,0.18661348828019567
2023-09-26,0.17083807931233827
2023-09-27,0.20431378829278735
2023-09-28,0.1852373449426009
2023-09-29,0.17006332290362927
2023-10-02,0.16361935421993754
2023-10-03,0.15223944775058768
2023-10-04,0.18434394344707564
2023-10-05,0.16967819835320536
2023-10-06,0.15744477470376825
2023-10-09,0.1475439672017449
2023-10-10,0.13745816637139766
2023-10-11,0.12830742166176484
2023-10-12,0.11996932922897176
2023-10-13,0.1316024558164339
2023-10-16,0.13803283521310442
2023-10-17,0.13022530867092086
2023-10-18,0.12204911835699576
2023-10-19,0.15971549567050997
2023-10-20,0.1744728881464583
2023-10-23,0.1987445367063253
2023-10-24,0.18636889290989975
2023-10-25,0.17149562019017817
2023-10-26,0.2036156582766749
2023-10-27,0.22194588681671895
2023-10-30,0.2142769849818031
2023-10-31,0.1966705090607867
2023-11-01,0.18005850116332556
2023-11-02,0.16685563593500588
2023-11-03,0.15765376690392705
2023-11-06,0.14699958377480243
2023-11-07,0.1358995656337386
2023-11-08,0.1263142070676981
2023-11-09,0.11731989842803738
2023-11-10,0.13513636564328305
2023-11-13,0.1290461959010302
2023-11-14,0.12360233594878535
2023-11-15,0.1199423443321959
2023-11-16,0.11206311024999058
2023-11-17,0.10484906544631627
2023-11-20,0.09844598388757339
2023-11-21,0.09448407469228118
2023-11-22,0.096733521577398
2023-11-24,0.09191556343110656
2023-11-27,0.08673052733818672
2023-11-28,0.088670197968389
2023-11-29,0.08392175543957235
2023-11-30,0.08283333018550104
2023-12-01,0.07947668495960299
2023-12-04,0.07699586765934431
2023-12-05,0.09156063429147043
2023-12-06,0.08819091192030991
2023-12-07,0.09710768697751858
2023-12-08,0.09327224013578893
2023-12-11,0.08894058873655891
2023-12-12,0.0849497508292548
2023-12-13,0.08155183041566716
2023-12-14,0.0810482903062962
2023-12-15,0.07767067960255067
2023-12-18,0.08009418165094974
2023-12-19,0.07747240117761689
2023-12-20,0.07523383699816952
2023-12-21,0.12749469702325528
2023-12-22,0.12069121459148574
2023-12-26,0.11269629957280079
2023-12-27,0.10621272642592344
2023-12-28,0.09981013507678765
2023-12-29,0.09391492722415098
2024-01-02,0.09846755089408593
2024-01-03,0.11135285987582275
2024-01-04,0.13138013343208163
2024-01-05,0.1323699933711967
2024-01-08,0.12282137997448597
2024-01-09,0.1178656569467609
2024-01-10,0.1154090710776972
2024-01-11,0.10899947288778462
2024-01-12,0.10442881133141949
2024-01-16,0.09792439484800795
2024-01-17,0.10448077395282698
2024-01-18,0.11642787575713706
2024-01-19,0.1107708315194532
2024-01-22,0.1067318000582159
2024-01-23,0.10035364534718465
2024-01-24,0.09489104554943002
2024-01-25,0.08952239888401263
2024-01-26,0.08589300000195343
2024-01-29,0.08630103664221106
2024-01-30,0.08368317230111708
2024-01-31,0.08282777037308715
2024-02-01,0.14509733728564328
2024-02-02,0.13709347561356286
2024-02-05,0.12940329307173978
2024-02-06,0.13193246235309553
2024-02-07,0.12284280492572089
2024-02-08,0.11628686591183385
2024-02-09,0.10838362618313346
2024-02-12,0.10280574610501805
2024-02-13,0.09892318759385232
2024-02-14,0.14367515285444693
2024-02-15,0.1347856584224974
2024-02-16,0.12641172005402648
2024-02-20,0.1335334479023548
2024-02-21,0.14137568287465435
2024-02-22,0.13060676691973927
2024-02-23,0.1264467181883849
2024-02-26,0.11742535864640206
2024-02-27,0.12154348711357395
2024-02-28,0.11340876510194522
2024-02-29,0.11090074200748928
2024-03-01,0.10445247281114799
2024-03-04,0.10029016369817186
2024-03-05,0.09854215425840722
2024-03-06,0.12757721462670996
2024-03-07,0.11958473887474676
2024-03-08,0.11383812975872516
2024-03-11,0.12600258730249805
2024-03-12,0.12065630177504262
2024-03-13,0.1150075882272638
2024-03-14,0.11303803777036718
2024-03-15,0.11252342027482609
2024-03-18,0.12781030928551515
2024-03-19,0.12002341549172608
2024-03-20,0.11305294280581772
2024-03-21,0.10788113238385551
2024-03-22,0.10169408098296324
2024-03-25,0.10225547023165536
2024-03-26,0.10541633162310199
2024-03-27,0.1054033318334051
2024-03-28,0.10086803007683087
2024-04-01,0.09648262669028954
2024-04-02,0.09716152967276423
2024-04-03,0.1128716050330995
2024-04-04,0.10553277004160777
2024-04-05,0.14208521164241378
2024-04-08,0.13375535430054367
2024-04-09,0.12382533360680205
2024-04-10,0.1152370332034167
2024-04-11,0.14138437944176527
2024-04-12,0.13237096096304604
2024-04-15,0.16984407777332547
2024-04-16,0.19574476283608072
2024-04-17,0.18404511486135278
2024-04-18,0.18606492500398028
2024-04-19,0.17637415947087257
2024-04-22,0.18839126631551134
2024-04-23,0.1736782577807388
2024-04-24,0.16164544729495195
2024-04-25,0.15073838525841565
2024-04-26,0.15095259906068986
2024-04-29,0.1412486626392737
2024-04-30,0.1311911539811891
2024-05-01,0.1771141153400922
2024-05-02,0.17210362610045168
2024-05-03,0.15962025727359766
2024-05-06,0.14957601579054958
2024-05-07,0.14027270559346033
2024-05-08,0.12969176656128098
2024-05-09,0.12117791407438237
2024-05-10,0.11412726936361198
2024-05-13,0.1066963312576966
2024-05-14,0.10073711097856276
2024-05-15,0.09568362747663094
2024-05-16,0.09330258630550091
2024-05-17,0.0953093545777231
2024-05-20,0.08998923621359951
2024-05-21,0.08514869509109343
2024-05-22,0.08115493570082337
2024-05-23,0.08711773741238855
2024-05-24,0.10775845009066187
2024-05-28,0.10247637961990017
2024-05-29,0.09618728299229111
2024-05-30,0.11433453443114536
2024-05-31,0.12856462949596778
2024-06-03,0.1215326639259007
2024-06-04,0.11312212570791699
2024-06-05,0.10576004836615421
2024-06-06,0.10213101347586002
2024-06-07,0.09711239157965726
2024-06-10,0.09614249186702582
2024-06-11,0.09117932579659685
2024-06-12,0.08655485105007577
2024-06-13,0.08399158434901378
2024-06-14,0.07999514766120032
2024-06-17,0.07601369375951497
2024-06-18,0.07443675173587515
2024-06-20,0.07151814371189698
2024-06-21,0.07801629288412645
2024-06-24,0.07945872220129398
2024-06-25,0.0868283967638982
2024-06-26,0.08304397681766074
2024-06-27,0.07893473032081098
2024-06-28,0.07531985003063531
2024-07-01,0.08547956085793146
2024-07-02,0.08134523696956633
2024-07-03,0.07890275429172137
2024-07-05,0.07607933304997147
2024-07-08,0.07388944877588899
2024-07-09,0.07064382645149969
2024-07-10,0.06765181898595898
2024-07-11,0.06741215438692598
2024-07-12,0.09694531917539716
2024-07-15,0.09276762895841609
2024-07-16,0.08806956786501839
2024-07-17,0.08472456731632415
2024-07-18,0.13459929659345335
2024-07-19,0.1494533998269973
2024-07-22,0.1587152542647437
2024-07-23,0.14823729197131053
2024-07-24,0.1421776940623511
2024-07-25,0.2151622067909212
2024-07-26,0.2104900366593079
2024-07-29,0.193224381704787
2024-07-30,0.1756080733308698
2024-07-31,0.17624009543102864
2024-08-01,0.16501816579219147
2024-08-02,0.1976279148949531
2024-08-05,0.2404402775472115
2024-08-06,0.3146117208628501
2024-08-07,0.28119377847857
2024-08-08,0.27068463242660024
2024-08-09,0.24762318162971364
2024-08-12,0.22323791589285824
2024-08-13,0.20140171526492592
2024-08-14,0.1867774921013827
2024-08-15,0.17070649290041698
2024-08-16,0.16045807221182984
2024-08-19,0.14763242686664368
2024-08-20,0.13837198104148019
2024-08-21,0.1337294713852204
2024-08-22,0.1245641115967162
2024-08-23,0.1414673876149553
2024-08-26,0.13326195984585687
2024-08-27,0.13149342913831485
2024-08-28,0.12205122073845648
2024-08-29,0.13243601360832893
2024-08-30,0.12361152883609826
2024-09-03,0.11728809389520785
2024-09-04,0.18846436935043312
2024-09-05,0.17841094383131997
2024-09-06,0.17084846951916263
2024-09-09,0.21229983018133428
2024-09-10,0.1947771143393644
2024-09-11,0.1779260030509657
2024-09-12,0.16490350698463566
2024-09-13,0.15312382826958723
2024-09-16,0.14202104536908502
2024-09-17,0.13132302006931876
2024-09-18,0.12173935288976276
2024-09-19,0.12316475021842868
2024-09-20,0.11892285355621238
2024-09-23,0.11696659239393531
2024-09-24,0.10953342061626865
2024-09-25,0.10304249991243941
2024-09-26,0.10439229265648296
2024-09-27,0.09877004360063364
2024-09-30,0.09831807058623636
2024-10-01,0.09336963259921968
2024-10-02,0.11928694020840662
2024-10-03,0.1110853682992362
2024-10-04,0.11035531370944751
2024-10-07,0.10544760221722506
2024-10-08,0.12961724318696755
2024-10-09,0.1225521314451627
2024-10-10,0.11565161571889235
2024-10-11,0.11414808012927558
2024-10-14,0.10797252055925104
2024-10-15,0.10308836079898334
2024-10-16,0.12296348228658772
2024-10-17,0.11532528465185436
2024-10-18,0.10852764953189506
2024-10-21,0.10241379293174549
2024-10-22,0.10212769588324232
2024-10-23,0.09858744009428272
2024-10-24,0.12428667149729268
2024-10-25,0.11591133939109645
2024-10-28,0.11027517352904037
2024-10-29,0.10376252543701406
2024-10-30,0.09757921741514598
2024-10-31,0.10211491839463478
2024-11-01,0.17397926870972308
2024-11-04,0.15990277890506585
2024-11-05,0.1540227539087847
2024-11-06,0.14462030530338066
2024-11-07,0.1398320430306509
2024-11-08,0.13106001757099087
2024-11-11,0.12245455659197878
2024-11-12,0.11397288586920973
2024-11-13,0.11678965673607176
2024-11-14,0.10884047231114281
2024-11-15,0.12315159836572416
2024-11-18,0.15855194908660208
2024-11-19,0.14645872309787053
2024-11-20,0.1357836055366066
2024-11-21,0.12585601790841766
2024-11-22,0.11814856289219451
2024-11-25,0.11073921319979406
2024-11-26,0.10425478433404495
2024-11-27,0.09898637585074394
2024-11-29,0.10337156661660332
2024-12-02,0.09846822725989073
2024-12-03,0.09290657134431014
2024-12-04,0.08757719104997996
2024-12-05,0.08435938442939485
2024-12-06,0.08607546925536733
2024-12-09,0.08183674183340267
2024-12-10,0.09539673336796407
2024-12-11,0.10045561990232511
2024-12-12,0.0962839254822736
2024-12-13,0.10794782120769199
2024-12-16,0.10279818443619491
2024-12-17,0.09743355426630236
2024-12-18,0.10550939446716921
2024-12-19,0.23728783994278388
2024-12-20,0.21543124549354165
2024-12-23,0.19767497847145438
2024-12-24,0.18084833419438656
2024-12-26,0.16765692590575557
2024-12-27,0.15445458446585186
2024-12-30,0.17594246061823438
2024-12-31,0.19695245575842044
2025-01-02,0.19030374556067386
2025-01-03,0.181171010349518
2025-01-06,0.16829976295777244
2025-01-07,0.15537602730853298
2025-01-08,0.17942651161894443
2025-01-10,0.1639044390728267
2025-01-13,0.20081936552743085
2025-01-14,0.1824063997574063
2025-01-15,0.16646265574558594
2025-01-16,0.1570548087982787
2025-01-17,0.150879502660196
2025-01-21,0.14133470689859456
2025-01-22,0.1327542398813237
2025-01-23,0.1242870759136633
2025-01-24,0.11678942817298109
2025-01-27,0.11868367230313887
2025-01-28,0.16039255192407748
2025-01-29,0.1492444714168875
2025-01-30,0.15174571157279113
2025-01-31,0.1408559823367784
2025-02-03,0.14711397453239686
2025-02-04,0.15699785232791905
2025-02-05,0.1457912905644605
2025-02-06,0.13530491294623168
2025-02-07,0.12595863587974038
2025-02-10,0.14721321263880766
2025-02-11,0.13727187685560305
2025-02-12,0.1269679563246423
2025-02-13,0.12851894852644835
2025-02-14,0.12188062474712001
2025-02-18,0.11470491484415957
2025-02-19,0.10764788784717709
2025-02-20,0.10123231082068256
2025-02-21,0.10896647017673765
2025-02-24,0.16612743071614766
2025-02-25,0.16652153351021418
2025-02-26,0.16814855267740741
2025-02-27,0.15386922270293296
2025-02-28,0.19542136543836314
2025-03-03,0.18141091809935686
2025-03-04,0.22335552902015487
2025-03-05,0.23796788125333604
2025-03-06,0.21663037557404805
2025-03-07,0.2525724982220189
2025-03-10,0.22776005207016475
2025-03-11,0.2949913747304085
2025-03-12,0.28704289546243333
2025-03-13,0.25693555678451724
2025-03-14,0.2707390998767525
2025-03-17,0.24704072631221147
2025-03-18,0.2235882500882826
2025-03-19,0.23484897086091513
2025-03-20,0.2140042143637882
2025-03-21,0.20275238974115156
2025-03-24,0.18408190603146454
2025-03-25,0.1722332173461163
2025-03-26,0.1579130923711412
2025-03-27,0.1837749144917531
2025-03-28,0.17612081851164077
2025-03-31,0.2293635294704286
2025-04-01,0.2082397108300385
2025-04-02,0.18912187337353373
2025-04-03,0.17355821236083163
2025-04-04,0.3839210888515208
2025-04-07,0.5428402710527617
2025-04-08,0.47418462294171193
2025-04-09,0.456622804309136
2025-04-10,0.42291163794902464
2025-04-11,0.5099286474841217
2025-04-14,0.4456436565073018
2025-04-15,0.39063075251225055
2025-04-16,0.35132160542565277
2025-04-17,0.37704591233458706
2025-04-21,0.3315641757763961
2025-04-22,0.3663999699585651
2025-04-23,0.32883170036523285
2025-04-24,0.294735548403581
2025-04-25,0.2674355324591538
2025-04-28,0.24080934766405307
2025-04-29,0.21656416533805792
2025-04-30,0.19716918161338065
2025-05-01,0.17908814446830426
2025-05-02,0.16507959977917322
2025-05-05,0.1549693998660848
2025-05-06,0.16056999566187397
2025-05-07,0.17378385274353572
2025-05-08,0.15972936674440374
2025-05-09,0.14823924218643214
2025-05-12,0.14132956934628577
2025-05-13,0.1391783163470497
2025-05-14,0.130187372558845
2025-05-15,0.12087660729443099
2025-05-16,0.1136266161126673
2025-05-19,0.10760366050503534
2025-05-20,0.10085541199083264
2025-05-21,0.1060682921742692
2025-05-22,0.1629095594791484
2025-05-23,0.14941799130596375
2025-05-27,0.15928197404373318
2025-05-28,0.15150865767048555
2025-05-29,0.1577556292738367
2025-05-30,0.14572534032836112
2025-06-02,0.13868857356146227
2025-06-03,0.12950029992602347
2025-06-04,0.12144697326608901
2025-06-05,0.11494559487616095
2025-06-06,0.12310715552616296
2025-06-09,0.11703767774733123
2025-06-10,0.10917057681193418
2025-06-11,0.10347467861079308
2025-06-12,0.1067694917919246
2025-06-13,0.10088636199639768
2025-06-16,0.13420758069363678
2025-06-17,0.12660077234025716
2025-06-18,0.1456121203763386
2025-06-20,0.1358417145478136
2025-06-23,0.13364241548476363
2025-06-24,0.12620152246871588
2025-06-25,0.11997266738169325
2025-06-26,0.11167587596411041
2025-06-27,0.10627668754146083
2025-06-30,0.10071587094314877
2025-07-01,0.09571679955452177
2025-07-02,0.09227288808712443
2025-07-03,0.08810990304243393
2025-07-07,0.08529488567317797
2025-07-08,0.10678280690371772
2025-07-09,0.1027714742483765
2025-07-10,0.09787592957924171
2025-07-11,0.09265466483458348
2025-07-14,0.09934330432862858
2025-07-15,0.09371859376690353
2025-07-16,0.10276090847837034
2025-07-17,0.09715077923505613
2025-07-18,0.09289998495995637
2025-07-21,0.09095405014540338
2025-07-22,0.08621453713385058
2025-07-23,0.08241501594356339
2025-07-24,0.08035506944266038
2025-07-25,0.076602161732387
2025-07-28,0.07393743585950334
2025-07-29,0.07250224301295409
2025-07-30,0.07863404981625421
2025-07-31,0.07976422994651894
2025-08-01,0.08876642124138637
2025-08-04,0.14910045507505787
2025-08-05,0.14115238554762208
2025-08-06,0.14657535178163714
2025-08-07,0.13694396956597377
2025-08-08,0.13020034626298935
2025-08-11,0.12262136592769496
2025-08-12,0.12095789266621323
2025-08-13,0.11524373728868145
2025-08-14,0.10825529845917548
2025-08-15,0.10223924023788261
2025-08-18,0.1040986333539856
2025-08-19,0.09943358088053575
2025-08-20,0.11160511130360166
2025-08-21,0.11332542456990367
2025-08-22,0.11906148687547133
2025-08-25,0.11484406217604042
2025-08-26,0.12162817345800613
2025-08-27,0.11410410401272185
2025-08-28,0.1069400898816128
2025-08-29,0.10092160817936174
2025-09-02,0.11473380117147228
2025-09-03,0.13158043152886562
2025-09-04,0.12320147433938937
2025-09-05,0.11660766109830102
2025-09-08,0.118453423186424
2025-09-09,0.11083734695329323
2025-09-10,0.10405268372957548
2025-09-11,0.09817902584477815
2025-09-12,0.09441287185711654
2025-09-15,0.09114033782046277
2025-09-16,0.08731098010407423
2025-09-17,0.08789122937636819
2025-09-18,0.08800181770399379
2025-09-19,0.08432077369234874
2025-09-22,0.08109184379410618
2025-09-23,0.07812588056617145
2025-09-24,0.09323663082368483
2025-09-25,0.09878131545156875
2025-09-26,0.1083130514875465
2025-09-29,0.1027295108632816
2025-09-30,0.09697949448199905
2025-10-01,0.09210982526414895
2025-10-02,0.0876586657982825
2025-10-03,0.08305747832692724
2025-10-06,0.08003362408239381
2025-10-07,0.07685913289853398
2025-10-08,0.08605940537436518
2025-10-09,0.08292994576045955
2025-10-10,0.08874922320941714
2025-10-13,0.2156078520957189
2025-10-14,0.19868992932159932
2025-10-15,0.18488068231642257
2025-10-16,0.16940105024752167
2025-10-17,0.1763217520934228
2025-10-20,0.16231436933945334
2025-10-21,0.15139323252353043
2025-10-22,0.14051452222671038
2025-10-23,0.1464304082468487
2025-10-24,0.1363595259654569
2025-10-27,0.12813193651687174
2025-10-28,0.12187290774732082
2025-10-29,0.11391209985499667
2025-10-30,0.1062903429169112
2025-10-31,0.1378283777855292
2025-11-03,0.12812239682466925
2025-11-04,0.11921684077666633
2025-11-05,0.15164917303907458
2025-11-06,0.14027064055066768
2025-11-07,0.164807810767085
2025-11-10,0.15108962167132559
2025-11-11,0.14299547967650336
2025-11-12,0.1323911901748005
2025-11-13,0.12262488059945467
2025-11-14,0.17377240810159528
2025-11-17,0.16040309992334995
2025-11-18,0.1768215031983677
2025-11-19,0.18770022017722854
2025-11-20,0.1716882900323894
2025-11-21,0.20702819141552745
2025-11-24,0.18992913392735192
2025-11-25,0.1764446361446433
2025-11-26,0.1633969980680401
2025-11-28,0.15141429654948882
2025-12-01,0.14059067798798924
2025-12-02,0.14451254273275146
2025-12-03,0.1336046373360666
2025-12-04,0.12446136104923003
2025-12-05,0.11568531835710762
2025-12-08,0.10823939363560113
2025-12-09,0.11143732236326047
2025-12-10,0.1078128749872743
2025-12-11,0.10252891725303079
2025-12-12,0.09667089365907706
2025-12-15,0.12909637618060069
2025-12-16,0.12526646689174153
2025-12-17,0.12554343713547508
2025-12-18,0.1535968541742822
2025-12-19,0.1430479676502875
2025-12-22,0.13423030931138288
2025-12-23,0.12574581810280555
2025-12-24,0.11783876640878459
2025-12-26,0.11057687883557346
2025-12-29,0.10485319028261962
2025-12-30,0.1102205067504585
2025-12-31,0.10778637698282105
2026-01-02,0.12565877343369536
2026-01-05,0.1170339478526204
2026-01-06,0.11070644717362534
2026-01-07,0.10491184667826935
2026-01-08,0.1091967686118311
2026-01-09,0.10362927043744606
2026-01-12,0.0988059742320375
2026-01-13,0.0931483167190683
2026-01-14,0.09499332417396653
2026-01-15,0.10602182579973324
2026-01-16,0.09988571819832862
2026-01-20,0.09749060339451912
2026-01-21,0.17538291581633955
2026-01-22,0.16303712045034577
2026-01-23,0.15065984305611527
2026-01-26,0.13882235630739706
2026-01-27,0.12947058587190594
2026-01-28,0.12096363083490971
2026-01-29,0.11404146016296245
2026-01-30,0.11343024687175256
2026-02-02,0.11593058172756118
2026-02-03,0.10927762318459062
2026-02-04,0.1306715315979053
2026-02-05,0.136792117000946
2026-02-06,0.1683841806425687
2026-02-09,0.1589849336990991
2026-02-10,0.1470263597904072
2026-02-11,0.14425012964026632
2026-02-12,0.13487648181597373
2026-02-13,0.17838150355946725
2026-02-17,0.16280198181650196
2026-02-18,0.14950868980898202
2026-02-19,0.1388150453993673
2026-02-20,0.13709776031317994
2026-02-23,0.12852944237149505
2026-02-24,0.1531614034715981
2026-02-25,0.14259336237743708
2026-02-26,0.13366635790318868
2026-02-27,0.14164798068835724
2026-03-02,0.14616440544332499
2026-03-03,0.13471278093510258
2026-03-04,0.1534066152278864
2026-03-05,0.1427510456832752
2026-03-06,0.14955131342734057
2026-03-09,0.18111530475454865
2026-03-10,0.16727164946010764
2026-03-11,0.15883744045066003
2026-03-12,0.1505069889541171
2026-03-13,0.18973105124370576
2026-03-16,0.19013877602941964
2026-03-17,0.17543933448186877
2026-03-18,0.1607537403090577
2026-03-19,0.19338758499607897
2026-03-20,0.18384444851829715
2026-03-23,0.2136735709391778
2026-03-24,0.19577576835718266
2026-03-25,0.1884747606067912
2026-03-26,0.1728025029707115
2026-03-27,0.21779894563032295
2026-03-30,0.2510377680809567
2026-03-31,0.2355951458342561
2026-04-01,0.21932916215585396
2026-04-02,0.19985936295330545
2026-04-06,0.1814110039510364
2026-04-07,0.16647421009907445
2026-04-08,0.1523966619448099
2026-04-09,0.14677020575774596
2026-04-10,0.13661416926284076
2026-04-13,0.12940833177797545
2026-04-14,0.12245263039531662
2026-04-15,0.11697638842524676
2026-04-16,0.11098618511925125
2026-04-17,0.10422362480596899
2026-04-20,0.10082144254463733
2026-04-21,0.10179931948577581
2026-04-22,0.11751265954560906
2026-04-23,0.11206211254305172
2026-04-24,0.11754145366104392
2026-04-27,0.11144762426015505
2026-04-28,0.10443658750512642
2026-04-29,0.11407628534224562
2026-04-30,0.10810550543905717
2026-05-01,0.10368609100854978
2026-05-04,0.09782006093568908
2026-05-05,0.10436423439230501
2026-05-06,0.0998410550542361
2026-05-07,0.09742247479771377
2026-05-08,0.1021059573686963
2026-05-11,0.09789592072329058
2026-05-12,0.09252627148978305
2026-05-13,0.09296060272970878
2026-05-14,0.08901368226089797
2026-05-15,0.0861083011519229
2026-05-18,0.1263187387357575
2026-05-19,0.12048405527628893
2026-05-20,0.1339335285360178
2026-05-21,0.12655635450709474
2026-05-22,0.11786511560599437
2026-05-26,0.11071074522270123
2026-05-27,0.10510178348834215
2026-05-28,0.10019789931900913
2026-05-29,0.09545403364455834
2026-06-01,0.09040257773916122
2026-06-02,0.08594402240055911
2026-06-03,0.08157301185207948
2026-06-04,0.1020031778516596
2026-06-05,0.09659320791140136
2026-06-08,0.20813781005384568
2026-06-09,0.18888935723440975
2026-06-10,0.1813342887103524
2026-06-11,0.2167766127506027
2026-06-12,0.20012018621400718
2026-06-15,0.1828043430552879
2026-06-16,0.17105756356922983
2026-06-17,0.1750840700246204
2026-06-18,0.19994684532889995
2026-06-22,0.18395102019049717
2026-06-23,0.17769984818875123
2026-06-24,0.20930332907639196
2026-06-25,0.1918955973500783
2026-06-26,0.1746836636134104
2026-06-29,0.1821590675636826
2026-06-30,0.1701956247051134
2026-07-01,0.15755365276633612
2026-07-02,0.14966893474113352
2026-07-06,0.14269175614404517
2026-07-07,0.13382926093514888
2026-07-08,0.13923833897972202
2026-07-09,0.13882107528960616
2026-07-10,0.1303687188269549
2026-07-13,0.12184065088877695
2026-07-14,0.1384866635925428
2026-07-15,0.1287715944170665
2026-07-16,0.12034280108035726
2026-07-17,0.1296929411853692
2026-07-20,0.15299944736494894
2026-07-21,0.14645875282667947
2026-07-22,0.13702258775992188
2026-07-23,0.13120417632956904
2026-07-24,0.16329681729445336
2026-07-27,0.14978300043181825
2026-07-28,0.13846210238777062
2026-07-29,0.1284443524287196
2026-07-30,0.17311268836546495
2026-07-31,0.1624445479764842
2026-08-03,0.15066365506414348
2026-08-04,0.14226179027868546
2026-08-05,0.13593484562282718
2026-08-06,0.1326833166376036
2026-08-07,0.12866654462139188
2026-08-10,0.12082313443312026
2026-08-11,0.11447746269392835
2026-08-12,0.11750734440311664
2026-08-13,0.11001335888068159
2026-08-14,0.10457465901679473
2026-08-17,0.10505977120891544
2026-08-18,0.11416187121064235
2026-08-19,0.12883355840263486
2026-08-20,0.11990189230548648
2026-08-21,0.13943679379304433
2026-08-24,0.12974808163319076
2026-08-25,0.13008679727882733
2026-08-26,0.12129660312007524
2026-08-27,0.11342329355766832
2026-08-28,0.10748239950878206
